
 /----------------------------------------------------------------------------\
 |  yosys -- Yosys Open SYnthesis Suite                                       |
 |  Copyright (C) 2012 - 2025  Claire Xenia Wolf <claire@yosyshq.com>         |
 |  Distributed under an ISC-like license, type "license" to see terms        |
 \----------------------------------------------------------------------------/
 Yosys 0.52 (git sha1 fee39a3284c90249e1d9684cf6944ffbbcbb8f90)

-- Running command `read_verilog src/auth_chip_top.v src/uart.v src/protocol.v   src/secure_store.v src/hmac_sha256.v src/tt07_SHA256.v   src/tt07_baseline/project.v;   synth_intel_alm -family cyclonev -top auth_chip_top -noiopad -noflatten;   stat' --

1. Executing Verilog-2005 frontend: src/auth_chip_top.v
Parsing Verilog input from `src/auth_chip_top.v' to AST representation.
Generating RTLIL representation for module `\auth_chip_top'.
Successfully finished Verilog frontend.

2. Executing Verilog-2005 frontend: src/uart.v
Parsing Verilog input from `src/uart.v' to AST representation.
Generating RTLIL representation for module `\uart'.
Successfully finished Verilog frontend.

3. Executing Verilog-2005 frontend: src/protocol.v
Parsing Verilog input from `src/protocol.v' to AST representation.
Generating RTLIL representation for module `\protocol'.
Successfully finished Verilog frontend.

4. Executing Verilog-2005 frontend: src/secure_store.v
Parsing Verilog input from `src/secure_store.v' to AST representation.
Generating RTLIL representation for module `\secure_store'.
Successfully finished Verilog frontend.

5. Executing Verilog-2005 frontend: src/hmac_sha256.v
Parsing Verilog input from `src/hmac_sha256.v' to AST representation.
Generating RTLIL representation for module `\hmac_sha256'.
Successfully finished Verilog frontend.

6. Executing Verilog-2005 frontend: src/tt07_SHA256.v
Parsing Verilog input from `src/tt07_SHA256.v' to AST representation.
Generating RTLIL representation for module `\sha256_tt07'.
Successfully finished Verilog frontend.

7. Executing Verilog-2005 frontend: src/tt07_baseline/project.v
Parsing Verilog input from `src/tt07_baseline/project.v' to AST representation.
Generating RTLIL representation for module `\tt_um_xeniarose_sha256'.
Warning: Replacing memory \register_file with list of registers. See src/tt07_baseline/project.v:74
Successfully finished Verilog frontend.

8. Executing SYNTH_INTEL_ALM pass.

8.1. Executing Verilog-2005 frontend: /usr/bin/../share/yosys/intel_alm/cyclonev/cells_sim.v
Parsing SystemVerilog input from `/usr/bin/../share/yosys/intel_alm/cyclonev/cells_sim.v' to AST representation.
Generating RTLIL representation for module `\VCC'.
Generating RTLIL representation for module `\GND'.
Generating RTLIL representation for module `\cyclonev_io_ibuf'.
Generating RTLIL representation for module `\cyclonev_io_obuf'.
Generating RTLIL representation for module `\cyclonev_lcell_comb'.
Generating RTLIL representation for module `\dffeas'.
Successfully finished Verilog frontend.

8.2. Executing Verilog-2005 frontend: /usr/bin/../share/yosys/intel_alm/common/alm_sim.v
Parsing Verilog input from `/usr/bin/../share/yosys/intel_alm/common/alm_sim.v' to AST representation.
Generating RTLIL representation for module `\MISTRAL_ALUT6'.
Generating RTLIL representation for module `\MISTRAL_ALUT5'.
Generating RTLIL representation for module `\MISTRAL_ALUT4'.
Generating RTLIL representation for module `\MISTRAL_ALUT3'.
Generating RTLIL representation for module `\MISTRAL_ALUT2'.
Generating RTLIL representation for module `\MISTRAL_NOT'.
Generating RTLIL representation for module `\MISTRAL_ALUT_ARITH'.
Successfully finished Verilog frontend.

8.3. Executing Verilog-2005 frontend: /usr/bin/../share/yosys/intel_alm/common/dff_sim.v
Parsing Verilog input from `/usr/bin/../share/yosys/intel_alm/common/dff_sim.v' to AST representation.
Generating RTLIL representation for module `\MISTRAL_FF'.
Successfully finished Verilog frontend.

8.4. Executing Verilog-2005 frontend: /usr/bin/../share/yosys/intel_alm/common/dsp_sim.v
Parsing Verilog input from `/usr/bin/../share/yosys/intel_alm/common/dsp_sim.v' to AST representation.
Generating RTLIL representation for module `\MISTRAL_MUL27X27'.
Generating RTLIL representation for module `\MISTRAL_MUL18X18'.
Generating RTLIL representation for module `\MISTRAL_MUL9X9'.
Successfully finished Verilog frontend.

8.5. Executing Verilog-2005 frontend: /usr/bin/../share/yosys/intel_alm/common/mem_sim.v
Parsing Verilog input from `/usr/bin/../share/yosys/intel_alm/common/mem_sim.v' to AST representation.
Generating RTLIL representation for module `\MISTRAL_MLAB'.
Generating RTLIL representation for module `\MISTRAL_M10K'.
Successfully finished Verilog frontend.

8.6. Executing Verilog-2005 frontend: /usr/bin/../share/yosys/intel_alm/common/misc_sim.v
Parsing Verilog input from `/usr/bin/../share/yosys/intel_alm/common/misc_sim.v' to AST representation.
Generating RTLIL representation for module `\MISTRAL_IB'.
Generating RTLIL representation for module `\MISTRAL_OB'.
Generating RTLIL representation for module `\MISTRAL_IO'.
Generating RTLIL representation for module `\MISTRAL_CLKBUF'.
Successfully finished Verilog frontend.

8.7. Executing Verilog-2005 frontend: /usr/bin/../share/yosys/intel_alm/common/abc9_model.v
Parsing Verilog input from `/usr/bin/../share/yosys/intel_alm/common/abc9_model.v' to AST representation.
Generating RTLIL representation for module `$__MISTRAL_FF_SYNCONLY'.
Successfully finished Verilog frontend.

8.8. Executing Verilog-2005 frontend: /usr/bin/../share/yosys/intel/common/altpll_bb.v
Parsing Verilog input from `/usr/bin/../share/yosys/intel/common/altpll_bb.v' to AST representation.
Successfully finished Verilog frontend.

8.9. Executing Verilog-2005 frontend: /usr/bin/../share/yosys/intel_alm/common/megafunction_bb.v
Parsing Verilog input from `/usr/bin/../share/yosys/intel_alm/common/megafunction_bb.v' to AST representation.
Generating RTLIL representation for module `\altera_pll'.
Generating RTLIL representation for module `\altera_std_synchronizer'.
Generating RTLIL representation for module `\altddio_in'.
Generating RTLIL representation for module `\altddio_out'.
Generating RTLIL representation for module `\altddio_bidir'.
Generating RTLIL representation for module `\altiobuf_in'.
Generating RTLIL representation for module `\altiobuf_out'.
Generating RTLIL representation for module `\altiobuf_bidir'.
Generating RTLIL representation for module `\altsyncram'.
Generating RTLIL representation for module `\cyclonev_mlab_cell'.
Generating RTLIL representation for module `\cyclonev_mac'.
Generating RTLIL representation for module `\cyclone10gx_mac'.
Generating RTLIL representation for module `\cyclonev_ram_block'.
Generating RTLIL representation for module `\cyclone10gx_io_ibuf'.
Generating RTLIL representation for module `\cyclone10gx_io_obuf'.
Generating RTLIL representation for module `\cyclonev_clkena'.
Generating RTLIL representation for module `\cyclone10gx_clkena'.
Generating RTLIL representation for module `\cyclonev_oscillator'.
Generating RTLIL representation for module `\cyclonev_hps_interface_mpu_general_purpose'.
Successfully finished Verilog frontend.

8.10. Executing HIERARCHY pass (managing design hierarchy).

8.10.1. Analyzing design hierarchy..
Top module:  \auth_chip_top
Used module:     \hmac_sha256
Used module:         \sha256_tt07
Used module:             \tt_um_xeniarose_sha256
Used module:     \secure_store
Used module:     \protocol
Used module:     \uart
Parameter \MSG_BITS = 224

8.10.2. Executing AST frontend in derive mode using pre-parsed AST for module `\hmac_sha256'.
Parameter \MSG_BITS = 224
Generating RTLIL representation for module `$paramod\hmac_sha256\MSG_BITS=s32'00000000000000000000000011100000'.
Parameter \CLK_HZ = 50000000
Parameter \BAUD = 115200

8.10.3. Executing AST frontend in derive mode using pre-parsed AST for module `\uart'.
Parameter \CLK_HZ = 50000000
Parameter \BAUD = 115200
Generating RTLIL representation for module `$paramod$7ad91cb4a00e7f80cf930fd17c51f82b06b63f61\uart'.

8.10.4. Analyzing design hierarchy..
Top module:  \auth_chip_top
Used module:     $paramod\hmac_sha256\MSG_BITS=s32'00000000000000000000000011100000
Used module:         \sha256_tt07
Used module:             \tt_um_xeniarose_sha256
Used module:     \secure_store
Used module:     \protocol
Used module:     $paramod$7ad91cb4a00e7f80cf930fd17c51f82b06b63f61\uart

8.10.5. Analyzing design hierarchy..
Top module:  \auth_chip_top
Used module:     $paramod\hmac_sha256\MSG_BITS=s32'00000000000000000000000011100000
Used module:         \sha256_tt07
Used module:             \tt_um_xeniarose_sha256
Used module:     \secure_store
Used module:     \protocol
Used module:     $paramod$7ad91cb4a00e7f80cf930fd17c51f82b06b63f61\uart
Removing unused module `\hmac_sha256'.
Removing unused module `\uart'.
Removed 2 unused modules.

8.11. Executing PROC pass (convert processes to netlists).

8.11.1. Executing PROC_CLEAN pass (remove empty switches from decision trees).
Cleaned up 0 empty switches.

8.11.2. Executing PROC_RMDEAD pass (remove dead branches from decision trees).
Marked 1 switch rules as full_case in process $proc$/usr/bin/../share/yosys/intel_alm/common/mem_sim.v:65$386 in module MISTRAL_MLAB.
Marked 3 switch rules as full_case in process $proc$/usr/bin/../share/yosys/intel_alm/common/dff_sim.v:86$361 in module MISTRAL_FF.
Removed 2 dead cases from process $proc$src/tt07_baseline/project.v:72$192 in module tt_um_xeniarose_sha256.
Marked 11 switch rules as full_case in process $proc$src/tt07_baseline/project.v:72$192 in module tt_um_xeniarose_sha256.
Removed 1 dead cases from process $proc$src/tt07_SHA256.v:0$161 in module sha256_tt07.
Marked 1 switch rules as full_case in process $proc$src/tt07_SHA256.v:0$161 in module sha256_tt07.
Marked 3 switch rules as full_case in process $proc$src/tt07_SHA256.v:170$145 in module sha256_tt07.
Marked 3 switch rules as full_case in process $proc$src/tt07_SHA256.v:123$136 in module sha256_tt07.
Marked 4 switch rules as full_case in process $proc$src/uart.v:121$426 in module $paramod$7ad91cb4a00e7f80cf930fd17c51f82b06b63f61\uart.
Marked 8 switch rules as full_case in process $proc$src/uart.v:49$413 in module $paramod$7ad91cb4a00e7f80cf930fd17c51f82b06b63f61\uart.
Marked 1 switch rules as full_case in process $proc$src/uart.v:34$411 in module $paramod$7ad91cb4a00e7f80cf930fd17c51f82b06b63f61\uart.
Marked 2 switch rules as full_case in process $proc$src/secure_store.v:52$92 in module secure_store.
Marked 1 switch rules as full_case in process $proc$src/secure_store.v:39$88 in module secure_store.
Marked 9 switch rules as full_case in process $proc$src/protocol.v:134$64 in module protocol.
Marked 3 switch rules as full_case in process $proc$src/protocol.v:119$47 in module protocol.
Marked 6 switch rules as full_case in process $proc$src/protocol.v:89$28 in module protocol.
Marked 3 switch rules as full_case in process $proc$src/hmac_sha256.v:98$405 in module $paramod\hmac_sha256\MSG_BITS=s32'00000000000000000000000011100000.
Marked 1 switch rules as full_case in process $proc$src/hmac_sha256.v:76$404 in module $paramod\hmac_sha256\MSG_BITS=s32'00000000000000000000000011100000.
Marked 1 switch rules as full_case in process $proc$src/auth_chip_top.v:28$1 in module auth_chip_top.
Removed a total of 3 dead cases.

8.11.3. Executing PROC_PRUNE pass (remove redundant assignments in processes).
Removed 11 redundant assignments.
Promoted 31 assignments to connections.

8.11.4. Executing PROC_INIT pass (extract init attributes).
Found init rule in `\MISTRAL_MLAB.$proc$/usr/bin/../share/yosys/intel_alm/common/mem_sim.v:49$399'.
  Set init value: \mem = 0
Found init rule in `\MISTRAL_FF.$proc$/usr/bin/../share/yosys/intel_alm/common/dff_sim.v:0$363'.
  Set init value: \Q = 1'0

8.11.5. Executing PROC_ARST pass (detect async resets in processes).
Found async reset \ACLR in `\MISTRAL_FF.$proc$/usr/bin/../share/yosys/intel_alm/common/dff_sim.v:86$361'.
Found async reset \rst_n in `\tt_um_xeniarose_sha256.$proc$src/tt07_baseline/project.v:72$192'.
Found async reset \rst_n in `\sha256_tt07.$proc$src/tt07_SHA256.v:170$145'.
Found async reset \rst_n in `$paramod$7ad91cb4a00e7f80cf930fd17c51f82b06b63f61\uart.$proc$src/uart.v:121$426'.
Found async reset \rst_n in `$paramod$7ad91cb4a00e7f80cf930fd17c51f82b06b63f61\uart.$proc$src/uart.v:49$413'.
Found async reset \rst_n in `$paramod$7ad91cb4a00e7f80cf930fd17c51f82b06b63f61\uart.$proc$src/uart.v:34$411'.
Found async reset \rst_n in `\secure_store.$proc$src/secure_store.v:52$92'.
Found async reset \rst_n in `\secure_store.$proc$src/secure_store.v:39$88'.
Found async reset \rst_n in `\protocol.$proc$src/protocol.v:134$64'.
Found async reset \rst_n in `$paramod\hmac_sha256\MSG_BITS=s32'00000000000000000000000011100000.$proc$src/hmac_sha256.v:98$405'.
Found async reset \rst_n in `\auth_chip_top.$proc$src/auth_chip_top.v:28$1'.

8.11.6. Executing PROC_ROM pass (convert switches to ROMs).
Converted 1 switch.
<suppressed ~79 debug messages>

8.11.7. Executing PROC_MUX pass (convert decision trees to multiplexers).
Creating decoders for process `\MISTRAL_MLAB.$proc$/usr/bin/../share/yosys/intel_alm/common/mem_sim.v:49$399'.
Creating decoders for process `\MISTRAL_MLAB.$proc$/usr/bin/../share/yosys/intel_alm/common/mem_sim.v:65$386'.
     1/2: $1$lookahead\mem$385[31:0]$390
     2/2: $1$bitselwrite$pos$/usr/bin/../share/yosys/intel_alm/common/mem_sim.v:66$384[4:0]$389
Creating decoders for process `\MISTRAL_FF.$proc$/usr/bin/../share/yosys/intel_alm/common/dff_sim.v:0$363'.
Creating decoders for process `\MISTRAL_FF.$proc$/usr/bin/../share/yosys/intel_alm/common/dff_sim.v:86$361'.
     1/1: $0\Q[0:0]
Creating decoders for process `\tt_um_xeniarose_sha256.$proc$src/tt07_baseline/project.v:72$192'.
     1/126: $6$mem2reg_rd$\register_file$src/tt07_baseline/project.v:122$173_DATA[31:0]$296
     2/126: $6$mem2reg_rd$\register_file$src/tt07_baseline/project.v:121$172_DATA[31:0]$295
     3/126: $6$mem2reg_rd$\register_file$src/tt07_baseline/project.v:120$171_DATA[31:0]$294
     4/126: $6$mem2reg_rd$\register_file$src/tt07_baseline/project.v:119$170_DATA[31:0]$293
     5/126: $5$mem2reg_rd$\register_file$src/tt07_baseline/project.v:119$170_DATA[31:0]$286
     6/126: $5$mem2reg_rd$\register_file$src/tt07_baseline/project.v:119$170_ADDR[3:0]$285
     7/126: $5$mem2reg_rd$\register_file$src/tt07_baseline/project.v:122$173_DATA[31:0]$292
     8/126: $5$mem2reg_rd$\register_file$src/tt07_baseline/project.v:122$173_ADDR[3:0]$291
     9/126: $5$mem2reg_rd$\register_file$src/tt07_baseline/project.v:121$172_DATA[31:0]$290
    10/126: $5$mem2reg_rd$\register_file$src/tt07_baseline/project.v:121$172_ADDR[3:0]$289
    11/126: $5$mem2reg_rd$\register_file$src/tt07_baseline/project.v:120$171_DATA[31:0]$288
    12/126: $5$mem2reg_rd$\register_file$src/tt07_baseline/project.v:120$171_ADDR[3:0]$287
    13/126: $4$mem2reg_rd$\register_file$src/tt07_baseline/project.v:122$173_DATA[31:0]$284
    14/126: $4$mem2reg_rd$\register_file$src/tt07_baseline/project.v:122$173_ADDR[3:0]$283
    15/126: $4$mem2reg_rd$\register_file$src/tt07_baseline/project.v:121$172_DATA[31:0]$282
    16/126: $4$mem2reg_rd$\register_file$src/tt07_baseline/project.v:121$172_ADDR[3:0]$281
    17/126: $4$mem2reg_rd$\register_file$src/tt07_baseline/project.v:120$171_DATA[31:0]$280
    18/126: $4$mem2reg_rd$\register_file$src/tt07_baseline/project.v:120$171_ADDR[3:0]$279
    19/126: $4$mem2reg_rd$\register_file$src/tt07_baseline/project.v:119$170_DATA[31:0]$278
    20/126: $4$mem2reg_rd$\register_file$src/tt07_baseline/project.v:119$170_ADDR[3:0]$277
    21/126: $0\register_file[9][31:0] [31:24]
    22/126: $0\register_file[9][31:0] [23:16]
    23/126: $0\register_file[8][31:0] [23:16]
    24/126: $0\register_file[7][31:0] [23:16]
    25/126: $0\register_file[6][31:0] [23:16]
    26/126: $0\register_file[5][31:0] [23:16]
    27/126: $0\register_file[4][31:0] [23:16]
    28/126: $0\register_file[3][31:0] [23:16]
    29/126: $0\register_file[2][31:0] [23:16]
    30/126: $0\register_file[1][31:0] [23:16]
    31/126: $0\register_file[0][31:0] [23:16]
    32/126: $0\register_file[9][31:0] [15:8]
    33/126: $0\register_file[8][31:0] [15:8]
    34/126: $0\register_file[7][31:0] [15:8]
    35/126: $0\register_file[6][31:0] [15:8]
    36/126: $0\register_file[5][31:0] [15:8]
    37/126: $0\register_file[4][31:0] [15:8]
    38/126: $0\register_file[3][31:0] [15:8]
    39/126: $0\register_file[2][31:0] [15:8]
    40/126: $0\register_file[1][31:0] [15:8]
    41/126: $0\register_file[0][31:0] [15:8]
    42/126: $0\register_file[9][31:0] [7:0]
    43/126: $0\register_file[8][31:0] [7:0]
    44/126: $0\register_file[7][31:0] [7:0]
    45/126: $0\register_file[6][31:0] [7:0]
    46/126: $0\register_file[5][31:0] [7:0]
    47/126: $0\register_file[4][31:0] [7:0]
    48/126: $0\register_file[3][31:0] [7:0]
    49/126: $0\register_file[2][31:0] [7:0]
    50/126: $0\register_file[1][31:0] [7:0]
    51/126: $0\register_file[0][31:0] [7:0]
    52/126: $5$mem2reg_wr$\register_file$src/tt07_baseline/project.v:106$166_DATA[31:0]$270
    53/126: $5$mem2reg_wr$\register_file$src/tt07_baseline/project.v:109$169_DATA[31:0]$276
    54/126: $5$mem2reg_wr$\register_file$src/tt07_baseline/project.v:109$169_ADDR[3:0]$275
    55/126: $5$mem2reg_wr$\register_file$src/tt07_baseline/project.v:108$168_DATA[31:0]$274
    56/126: $5$mem2reg_wr$\register_file$src/tt07_baseline/project.v:108$168_ADDR[3:0]$273
    57/126: $5$mem2reg_wr$\register_file$src/tt07_baseline/project.v:107$167_DATA[31:0]$272
    58/126: $5$mem2reg_wr$\register_file$src/tt07_baseline/project.v:107$167_ADDR[3:0]$271
    59/126: $4$mem2reg_wr$\register_file$src/tt07_baseline/project.v:109$169_DATA[31:0]$266
    60/126: $4$mem2reg_wr$\register_file$src/tt07_baseline/project.v:109$169_ADDR[3:0]$265
    61/126: $4$mem2reg_wr$\register_file$src/tt07_baseline/project.v:108$168_DATA[31:0]$264
    62/126: $4$mem2reg_wr$\register_file$src/tt07_baseline/project.v:108$168_ADDR[3:0]$263
    63/126: $4$mem2reg_wr$\register_file$src/tt07_baseline/project.v:107$167_DATA[31:0]$262
    64/126: $4$mem2reg_wr$\register_file$src/tt07_baseline/project.v:107$167_ADDR[3:0]$261
    65/126: $4$mem2reg_wr$\register_file$src/tt07_baseline/project.v:106$166_DATA[31:0]$260
    66/126: $4$mem2reg_wr$\register_file$src/tt07_baseline/project.v:106$166_ADDR[3:0]$259
    67/126: $3$mem2reg_wr$\register_file$src/tt07_baseline/project.v:109$169_DATA[31:0]$250
    68/126: $3$mem2reg_wr$\register_file$src/tt07_baseline/project.v:109$169_ADDR[3:0]$249
    69/126: $3$mem2reg_wr$\register_file$src/tt07_baseline/project.v:108$168_DATA[31:0]$248
    70/126: $3$mem2reg_wr$\register_file$src/tt07_baseline/project.v:108$168_ADDR[3:0]$247
    71/126: $3$mem2reg_wr$\register_file$src/tt07_baseline/project.v:107$167_DATA[31:0]$246
    72/126: $3$mem2reg_wr$\register_file$src/tt07_baseline/project.v:107$167_ADDR[3:0]$245
    73/126: $3$mem2reg_wr$\register_file$src/tt07_baseline/project.v:106$166_DATA[31:0]$244
    74/126: $3$mem2reg_wr$\register_file$src/tt07_baseline/project.v:106$166_ADDR[3:0]$243
    75/126: $3$mem2reg_rd$\register_file$src/tt07_baseline/project.v:122$173_DATA[31:0]$258
    76/126: $3$mem2reg_rd$\register_file$src/tt07_baseline/project.v:122$173_ADDR[3:0]$257
    77/126: $3$mem2reg_rd$\register_file$src/tt07_baseline/project.v:121$172_DATA[31:0]$256
    78/126: $3$mem2reg_rd$\register_file$src/tt07_baseline/project.v:121$172_ADDR[3:0]$255
    79/126: $3$mem2reg_rd$\register_file$src/tt07_baseline/project.v:120$171_DATA[31:0]$254
    80/126: $3$mem2reg_rd$\register_file$src/tt07_baseline/project.v:120$171_ADDR[3:0]$253
    81/126: $3$mem2reg_rd$\register_file$src/tt07_baseline/project.v:119$170_DATA[31:0]$252
    82/126: $3$mem2reg_rd$\register_file$src/tt07_baseline/project.v:119$170_ADDR[3:0]$251
    83/126: $2$mem2reg_rd$\register_file$src/tt07_baseline/project.v:122$173_DATA[31:0]$241
    84/126: $2$mem2reg_rd$\register_file$src/tt07_baseline/project.v:122$173_ADDR[3:0]$240
    85/126: $2$mem2reg_rd$\register_file$src/tt07_baseline/project.v:121$172_DATA[31:0]$239
    86/126: $2$mem2reg_rd$\register_file$src/tt07_baseline/project.v:121$172_ADDR[3:0]$238
    87/126: $2$mem2reg_rd$\register_file$src/tt07_baseline/project.v:120$171_DATA[31:0]$237
    88/126: $2$mem2reg_rd$\register_file$src/tt07_baseline/project.v:120$171_ADDR[3:0]$236
    89/126: $2$mem2reg_rd$\register_file$src/tt07_baseline/project.v:119$170_DATA[31:0]$235
    90/126: $2$mem2reg_rd$\register_file$src/tt07_baseline/project.v:119$170_ADDR[3:0]$234
    91/126: $2$mem2reg_wr$\register_file$src/tt07_baseline/project.v:109$169_DATA[31:0]$233
    92/126: $2$mem2reg_wr$\register_file$src/tt07_baseline/project.v:109$169_ADDR[3:0]$232
    93/126: $2$mem2reg_wr$\register_file$src/tt07_baseline/project.v:108$168_DATA[31:0]$231
    94/126: $2$mem2reg_wr$\register_file$src/tt07_baseline/project.v:108$168_ADDR[3:0]$230
    95/126: $2$mem2reg_wr$\register_file$src/tt07_baseline/project.v:107$167_DATA[31:0]$229
    96/126: $2$mem2reg_wr$\register_file$src/tt07_baseline/project.v:107$167_ADDR[3:0]$228
    97/126: $2$mem2reg_wr$\register_file$src/tt07_baseline/project.v:106$166_DATA[31:0]$227
    98/126: $2$mem2reg_wr$\register_file$src/tt07_baseline/project.v:106$166_ADDR[3:0]$226
    99/126: $1$mem2reg_rd$\register_file$src/tt07_baseline/project.v:122$173_DATA[31:0]$225
   100/126: $1$mem2reg_rd$\register_file$src/tt07_baseline/project.v:122$173_ADDR[3:0]$224
   101/126: $1$mem2reg_rd$\register_file$src/tt07_baseline/project.v:121$172_DATA[31:0]$223
   102/126: $1$mem2reg_rd$\register_file$src/tt07_baseline/project.v:121$172_ADDR[3:0]$222
   103/126: $1$mem2reg_rd$\register_file$src/tt07_baseline/project.v:120$171_DATA[31:0]$221
   104/126: $1$mem2reg_rd$\register_file$src/tt07_baseline/project.v:120$171_ADDR[3:0]$220
   105/126: $1$mem2reg_rd$\register_file$src/tt07_baseline/project.v:119$170_DATA[31:0]$219
   106/126: $1$mem2reg_rd$\register_file$src/tt07_baseline/project.v:119$170_ADDR[3:0]$218
   107/126: $1$mem2reg_wr$\register_file$src/tt07_baseline/project.v:109$169_DATA[31:0]$217
   108/126: $1$mem2reg_wr$\register_file$src/tt07_baseline/project.v:109$169_ADDR[3:0]$216
   109/126: $1$mem2reg_wr$\register_file$src/tt07_baseline/project.v:108$168_DATA[31:0]$215
   110/126: $1$mem2reg_wr$\register_file$src/tt07_baseline/project.v:108$168_ADDR[3:0]$214
   111/126: $1$mem2reg_wr$\register_file$src/tt07_baseline/project.v:107$167_DATA[31:0]$213
   112/126: $1$mem2reg_wr$\register_file$src/tt07_baseline/project.v:107$167_ADDR[3:0]$212
   113/126: $1$mem2reg_wr$\register_file$src/tt07_baseline/project.v:106$166_DATA[31:0]$211
   114/126: $1$mem2reg_wr$\register_file$src/tt07_baseline/project.v:106$166_ADDR[3:0]$210
   115/126: $0\io_ready[0:0]
   116/126: $0\register_file[6][31:0] [31:24]
   117/126: $0\register_file[5][31:0] [31:24]
   118/126: $0\register_file[4][31:0] [31:24]
   119/126: $0\register_file[3][31:0] [31:24]
   120/126: $0\register_file[2][31:0] [31:24]
   121/126: $0\register_file[1][31:0] [31:24]
   122/126: $0\register_file[0][31:0] [31:24]
   123/126: $0\register_file[8][31:0] [31:24]
   124/126: $0\register_file[7][31:0] [31:24]
   125/126: $5$mem2reg_wr$\register_file$src/tt07_baseline/project.v:106$166_ADDR[3:0]$269
   126/126: $0\io_out[7:0]
Creating decoders for process `\sha256_tt07.$proc$src/tt07_SHA256.v:0$161'.
     1/1: $1\k_const$func$src/tt07_SHA256.v:120$122.$result[31:0]$165
Creating decoders for process `\sha256_tt07.$proc$src/tt07_SHA256.v:170$145'.
     1/7: $0\digest_valid[0:0]
     2/7: $0\rd_sr[23:0]
     3/7: $0\w_reg[511:0]
     4/7: $0\h_reg[255:0]
     5/7: $0\cnt[5:0]
     6/7: $0\t[5:0]
     7/7: $0\state[2:0]
Creating decoders for process `\sha256_tt07.$proc$src/tt07_SHA256.v:123$136'.
     1/8: $3\bus_wdata[7:0]
     2/8: $3\bus_addr[5:0]
     3/8: $2\bus_addr[5:0]
     4/8: $2\bus_wdata[7:0]
     5/8: $1\bus_wdata[7:0]
     6/8: $1\bus_addr[5:0]
     7/8: $1\bus_stb[0:0]
     8/8: $1\bus_rd[0:0]
Creating decoders for process `$paramod$7ad91cb4a00e7f80cf930fd17c51f82b06b63f61\uart.$proc$src/uart.v:121$426'.
     1/5: $0\t_out[0:0]
     2/5: $0\t_busy[0:0]
     3/5: $0\t_cnt[15:0]
     4/5: $0\t_n[3:0]
     5/5: $0\t_sh[9:0]
Creating decoders for process `$paramod$7ad91cb4a00e7f80cf930fd17c51f82b06b63f61\uart.$proc$src/uart.v:49$413'.
     1/6: $0\rx_valid[0:0]
     2/6: $0\r_sh[7:0]
     3/6: $0\r_bit[2:0]
     4/6: $0\r_cnt[15:0]
     5/6: $0\r_state[2:0]
     6/6: $0\rx_data[7:0]
Creating decoders for process `$paramod$7ad91cb4a00e7f80cf930fd17c51f82b06b63f61\uart.$proc$src/uart.v:34$411'.
     1/2: $0\rx_s2[0:0]
     2/2: $0\rx_s1[0:0]
Creating decoders for process `\secure_store.$proc$src/secure_store.v:52$92'.
     1/5: $0\tamper_reg[0:0]
     2/5: $0\lock_reg[0:0]
     3/5: $0\ctr_reg[31:0]
     4/5: $0\uid_reg[63:0]
     5/5: $0\key_reg[255:0]
Creating decoders for process `\secure_store.$proc$src/secure_store.v:39$88'.
     1/2: $0\tamper_s2[0:0]
     2/2: $0\tamper_s1[0:0]
Creating decoders for process `\protocol.$proc$src/protocol.v:134$64'.
     1/11: $0\resp_idx[5:0]
     2/11: $0\resp_len[5:0]
     3/11: $0\resp_status[7:0]
     4/11: $0\started[0:0]
     5/11: $0\timer[31:0]
     6/11: $0\data_reg[255:0]
     7/11: $0\got[5:0]
     8/11: $0\need[5:0]
     9/11: $0\cmd[7:0]
    10/11: $0\state[2:0]
    11/11: $0\nonce[127:0]
Creating decoders for process `\protocol.$proc$src/protocol.v:119$47'.
     1/3: $3\resp_byte[7:0]
     2/3: $2\resp_byte[7:0]
     3/3: $1\resp_byte[7:0]
Creating decoders for process `\protocol.$proc$src/protocol.v:89$28'.
     1/6: $6\status[7:0]
     2/6: $5\status[7:0]
     3/6: $4\status[7:0]
     4/6: $3\status[7:0]
     5/6: $2\status[7:0]
     6/6: $1\status[7:0]
Creating decoders for process `$paramod\hmac_sha256\MSG_BITS=s32'00000000000000000000000011100000.$proc$src/hmac_sha256.v:98$405'.
     1/7: $0\core_next[0:0]
     2/7: $0\core_init[0:0]
     3/7: $0\tag_valid[0:0]
     4/7: $0\inner[255:0]
     5/7: $0\phase[1:0]
     6/7: $0\state[1:0]
     7/7: $0\tag[255:0]
Creating decoders for process `$paramod\hmac_sha256\MSG_BITS=s32'00000000000000000000000011100000.$proc$src/hmac_sha256.v:76$404'.
     1/1: $1\core_block[511:0]
Creating decoders for process `\auth_chip_top.$proc$src/auth_chip_top.v:28$1'.
     1/1: $0\rst_ff[1:0]

8.11.8. Executing PROC_DLATCH pass (convert process syncs to latches).
No latch inferred for signal `\sha256_tt07.\k_const$func$src/tt07_SHA256.v:120$121.$result' from process `\sha256_tt07.$proc$src/tt07_SHA256.v:0$161'.
No latch inferred for signal `\sha256_tt07.\k_const$func$src/tt07_SHA256.v:120$122.$result' from process `\sha256_tt07.$proc$src/tt07_SHA256.v:0$161'.
No latch inferred for signal `\sha256_tt07.\k_const$func$src/tt07_SHA256.v:120$122.i' from process `\sha256_tt07.$proc$src/tt07_SHA256.v:0$161'.
No latch inferred for signal `\sha256_tt07.\bus_stb' from process `\sha256_tt07.$proc$src/tt07_SHA256.v:123$136'.
No latch inferred for signal `\sha256_tt07.\bus_rd' from process `\sha256_tt07.$proc$src/tt07_SHA256.v:123$136'.
No latch inferred for signal `\sha256_tt07.\bus_addr' from process `\sha256_tt07.$proc$src/tt07_SHA256.v:123$136'.
No latch inferred for signal `\sha256_tt07.\bus_wdata' from process `\sha256_tt07.$proc$src/tt07_SHA256.v:123$136'.
No latch inferred for signal `\protocol.\resp_byte' from process `\protocol.$proc$src/protocol.v:119$47'.
No latch inferred for signal `\protocol.\status' from process `\protocol.$proc$src/protocol.v:89$28'.
No latch inferred for signal `$paramod\hmac_sha256\MSG_BITS=s32'00000000000000000000000011100000.\core_block' from process `$paramod\hmac_sha256\MSG_BITS=s32'00000000000000000000000011100000.$proc$src/hmac_sha256.v:76$404'.

8.11.9. Executing PROC_DFF pass (convert process syncs to FFs).
Creating register for signal `\MISTRAL_MLAB.\mem' using process `\MISTRAL_MLAB.$proc$/usr/bin/../share/yosys/intel_alm/common/mem_sim.v:65$386'.
  created $dff cell `$procdff$2404' with positive edge clock.
Creating register for signal `\MISTRAL_MLAB.$bitselwrite$pos$/usr/bin/../share/yosys/intel_alm/common/mem_sim.v:66$384' using process `\MISTRAL_MLAB.$proc$/usr/bin/../share/yosys/intel_alm/common/mem_sim.v:65$386'.
  created $dff cell `$procdff$2405' with positive edge clock.
Creating register for signal `\MISTRAL_MLAB.$lookahead\mem$385' using process `\MISTRAL_MLAB.$proc$/usr/bin/../share/yosys/intel_alm/common/mem_sim.v:65$386'.
  created $dff cell `$procdff$2406' with positive edge clock.
Creating register for signal `\MISTRAL_FF.\Q' using process `\MISTRAL_FF.$proc$/usr/bin/../share/yosys/intel_alm/common/dff_sim.v:86$361'.
  created $adff cell `$procdff$2411' with positive edge clock and positive level reset.
Creating register for signal `\tt_um_xeniarose_sha256.\io_ready' using process `\tt_um_xeniarose_sha256.$proc$src/tt07_baseline/project.v:72$192'.
  created $adff cell `$procdff$2416' with positive edge clock and positive level reset.
Creating register for signal `\tt_um_xeniarose_sha256.\io_out' using process `\tt_um_xeniarose_sha256.$proc$src/tt07_baseline/project.v:72$192'.
  created $adff cell `$procdff$2421' with positive edge clock and positive level reset.
Creating register for signal `\tt_um_xeniarose_sha256.\register_file[0]' using process `\tt_um_xeniarose_sha256.$proc$src/tt07_baseline/project.v:72$192'.
  created $adff cell `$procdff$2426' with positive edge clock and positive level reset.
Creating register for signal `\tt_um_xeniarose_sha256.\register_file[1]' using process `\tt_um_xeniarose_sha256.$proc$src/tt07_baseline/project.v:72$192'.
  created $adff cell `$procdff$2431' with positive edge clock and positive level reset.
Creating register for signal `\tt_um_xeniarose_sha256.\register_file[2]' using process `\tt_um_xeniarose_sha256.$proc$src/tt07_baseline/project.v:72$192'.
  created $adff cell `$procdff$2436' with positive edge clock and positive level reset.
Creating register for signal `\tt_um_xeniarose_sha256.\register_file[3]' using process `\tt_um_xeniarose_sha256.$proc$src/tt07_baseline/project.v:72$192'.
  created $adff cell `$procdff$2441' with positive edge clock and positive level reset.
Creating register for signal `\tt_um_xeniarose_sha256.\register_file[4]' using process `\tt_um_xeniarose_sha256.$proc$src/tt07_baseline/project.v:72$192'.
  created $adff cell `$procdff$2446' with positive edge clock and positive level reset.
Creating register for signal `\tt_um_xeniarose_sha256.\register_file[5]' using process `\tt_um_xeniarose_sha256.$proc$src/tt07_baseline/project.v:72$192'.
  created $adff cell `$procdff$2451' with positive edge clock and positive level reset.
Creating register for signal `\tt_um_xeniarose_sha256.\register_file[6]' using process `\tt_um_xeniarose_sha256.$proc$src/tt07_baseline/project.v:72$192'.
  created $adff cell `$procdff$2456' with positive edge clock and positive level reset.
Creating register for signal `\tt_um_xeniarose_sha256.\register_file[7]' using process `\tt_um_xeniarose_sha256.$proc$src/tt07_baseline/project.v:72$192'.
  created $adff cell `$procdff$2461' with positive edge clock and positive level reset.
Creating register for signal `\tt_um_xeniarose_sha256.\register_file[8]' using process `\tt_um_xeniarose_sha256.$proc$src/tt07_baseline/project.v:72$192'.
  created $adff cell `$procdff$2466' with positive edge clock and positive level reset.
Creating register for signal `\tt_um_xeniarose_sha256.\register_file[9]' using process `\tt_um_xeniarose_sha256.$proc$src/tt07_baseline/project.v:72$192'.
  created $adff cell `$procdff$2471' with positive edge clock and positive level reset.
Creating register for signal `\tt_um_xeniarose_sha256.$mem2reg_wr$\register_file$src/tt07_baseline/project.v:106$166_ADDR' using process `\tt_um_xeniarose_sha256.$proc$src/tt07_baseline/project.v:72$192'.
  created $adff cell `$procdff$2476' with positive edge clock and positive level reset.
Creating register for signal `\tt_um_xeniarose_sha256.$mem2reg_wr$\register_file$src/tt07_baseline/project.v:106$166_DATA' using process `\tt_um_xeniarose_sha256.$proc$src/tt07_baseline/project.v:72$192'.
  created $adff cell `$procdff$2481' with positive edge clock and positive level reset.
Creating register for signal `\tt_um_xeniarose_sha256.$mem2reg_wr$\register_file$src/tt07_baseline/project.v:107$167_ADDR' using process `\tt_um_xeniarose_sha256.$proc$src/tt07_baseline/project.v:72$192'.
  created $adff cell `$procdff$2486' with positive edge clock and positive level reset.
Creating register for signal `\tt_um_xeniarose_sha256.$mem2reg_wr$\register_file$src/tt07_baseline/project.v:107$167_DATA' using process `\tt_um_xeniarose_sha256.$proc$src/tt07_baseline/project.v:72$192'.
  created $adff cell `$procdff$2491' with positive edge clock and positive level reset.
Creating register for signal `\tt_um_xeniarose_sha256.$mem2reg_wr$\register_file$src/tt07_baseline/project.v:108$168_ADDR' using process `\tt_um_xeniarose_sha256.$proc$src/tt07_baseline/project.v:72$192'.
  created $adff cell `$procdff$2496' with positive edge clock and positive level reset.
Creating register for signal `\tt_um_xeniarose_sha256.$mem2reg_wr$\register_file$src/tt07_baseline/project.v:108$168_DATA' using process `\tt_um_xeniarose_sha256.$proc$src/tt07_baseline/project.v:72$192'.
  created $adff cell `$procdff$2501' with positive edge clock and positive level reset.
Creating register for signal `\tt_um_xeniarose_sha256.$mem2reg_wr$\register_file$src/tt07_baseline/project.v:109$169_ADDR' using process `\tt_um_xeniarose_sha256.$proc$src/tt07_baseline/project.v:72$192'.
  created $adff cell `$procdff$2506' with positive edge clock and positive level reset.
Creating register for signal `\tt_um_xeniarose_sha256.$mem2reg_wr$\register_file$src/tt07_baseline/project.v:109$169_DATA' using process `\tt_um_xeniarose_sha256.$proc$src/tt07_baseline/project.v:72$192'.
  created $adff cell `$procdff$2511' with positive edge clock and positive level reset.
Creating register for signal `\tt_um_xeniarose_sha256.$mem2reg_rd$\register_file$src/tt07_baseline/project.v:119$170_ADDR' using process `\tt_um_xeniarose_sha256.$proc$src/tt07_baseline/project.v:72$192'.
  created $adff cell `$procdff$2516' with positive edge clock and positive level reset.
Creating register for signal `\tt_um_xeniarose_sha256.$mem2reg_rd$\register_file$src/tt07_baseline/project.v:119$170_DATA' using process `\tt_um_xeniarose_sha256.$proc$src/tt07_baseline/project.v:72$192'.
  created $adff cell `$procdff$2521' with positive edge clock and positive level reset.
Creating register for signal `\tt_um_xeniarose_sha256.$mem2reg_rd$\register_file$src/tt07_baseline/project.v:120$171_ADDR' using process `\tt_um_xeniarose_sha256.$proc$src/tt07_baseline/project.v:72$192'.
  created $adff cell `$procdff$2526' with positive edge clock and positive level reset.
Creating register for signal `\tt_um_xeniarose_sha256.$mem2reg_rd$\register_file$src/tt07_baseline/project.v:120$171_DATA' using process `\tt_um_xeniarose_sha256.$proc$src/tt07_baseline/project.v:72$192'.
  created $adff cell `$procdff$2531' with positive edge clock and positive level reset.
Creating register for signal `\tt_um_xeniarose_sha256.$mem2reg_rd$\register_file$src/tt07_baseline/project.v:121$172_ADDR' using process `\tt_um_xeniarose_sha256.$proc$src/tt07_baseline/project.v:72$192'.
  created $adff cell `$procdff$2536' with positive edge clock and positive level reset.
Creating register for signal `\tt_um_xeniarose_sha256.$mem2reg_rd$\register_file$src/tt07_baseline/project.v:121$172_DATA' using process `\tt_um_xeniarose_sha256.$proc$src/tt07_baseline/project.v:72$192'.
  created $adff cell `$procdff$2541' with positive edge clock and positive level reset.
Creating register for signal `\tt_um_xeniarose_sha256.$mem2reg_rd$\register_file$src/tt07_baseline/project.v:122$173_ADDR' using process `\tt_um_xeniarose_sha256.$proc$src/tt07_baseline/project.v:72$192'.
  created $adff cell `$procdff$2546' with positive edge clock and positive level reset.
Creating register for signal `\tt_um_xeniarose_sha256.$mem2reg_rd$\register_file$src/tt07_baseline/project.v:122$173_DATA' using process `\tt_um_xeniarose_sha256.$proc$src/tt07_baseline/project.v:72$192'.
  created $adff cell `$procdff$2551' with positive edge clock and positive level reset.
Creating register for signal `\sha256_tt07.\state' using process `\sha256_tt07.$proc$src/tt07_SHA256.v:170$145'.
  created $adff cell `$procdff$2556' with positive edge clock and positive level reset.
Creating register for signal `\sha256_tt07.\digest_valid' using process `\sha256_tt07.$proc$src/tt07_SHA256.v:170$145'.
  created $adff cell `$procdff$2561' with positive edge clock and positive level reset.
Creating register for signal `\sha256_tt07.\t' using process `\sha256_tt07.$proc$src/tt07_SHA256.v:170$145'.
  created $adff cell `$procdff$2566' with positive edge clock and positive level reset.
Creating register for signal `\sha256_tt07.\cnt' using process `\sha256_tt07.$proc$src/tt07_SHA256.v:170$145'.
  created $adff cell `$procdff$2571' with positive edge clock and positive level reset.
Creating register for signal `\sha256_tt07.\h_reg' using process `\sha256_tt07.$proc$src/tt07_SHA256.v:170$145'.
  created $adff cell `$procdff$2576' with positive edge clock and positive level reset.
Creating register for signal `\sha256_tt07.\w_reg' using process `\sha256_tt07.$proc$src/tt07_SHA256.v:170$145'.
  created $adff cell `$procdff$2581' with positive edge clock and positive level reset.
Creating register for signal `\sha256_tt07.\rd_sr' using process `\sha256_tt07.$proc$src/tt07_SHA256.v:170$145'.
  created $adff cell `$procdff$2586' with positive edge clock and positive level reset.
Creating register for signal `$paramod$7ad91cb4a00e7f80cf930fd17c51f82b06b63f61\uart.\t_sh' using process `$paramod$7ad91cb4a00e7f80cf930fd17c51f82b06b63f61\uart.$proc$src/uart.v:121$426'.
  created $adff cell `$procdff$2591' with positive edge clock and positive level reset.
Creating register for signal `$paramod$7ad91cb4a00e7f80cf930fd17c51f82b06b63f61\uart.\t_n' using process `$paramod$7ad91cb4a00e7f80cf930fd17c51f82b06b63f61\uart.$proc$src/uart.v:121$426'.
  created $adff cell `$procdff$2596' with positive edge clock and positive level reset.
Creating register for signal `$paramod$7ad91cb4a00e7f80cf930fd17c51f82b06b63f61\uart.\t_cnt' using process `$paramod$7ad91cb4a00e7f80cf930fd17c51f82b06b63f61\uart.$proc$src/uart.v:121$426'.
  created $adff cell `$procdff$2601' with positive edge clock and positive level reset.
Creating register for signal `$paramod$7ad91cb4a00e7f80cf930fd17c51f82b06b63f61\uart.\t_busy' using process `$paramod$7ad91cb4a00e7f80cf930fd17c51f82b06b63f61\uart.$proc$src/uart.v:121$426'.
  created $adff cell `$procdff$2606' with positive edge clock and positive level reset.
Creating register for signal `$paramod$7ad91cb4a00e7f80cf930fd17c51f82b06b63f61\uart.\t_out' using process `$paramod$7ad91cb4a00e7f80cf930fd17c51f82b06b63f61\uart.$proc$src/uart.v:121$426'.
  created $adff cell `$procdff$2611' with positive edge clock and positive level reset.
Creating register for signal `$paramod$7ad91cb4a00e7f80cf930fd17c51f82b06b63f61\uart.\rx_data' using process `$paramod$7ad91cb4a00e7f80cf930fd17c51f82b06b63f61\uart.$proc$src/uart.v:49$413'.
  created $adff cell `$procdff$2616' with positive edge clock and positive level reset.
Creating register for signal `$paramod$7ad91cb4a00e7f80cf930fd17c51f82b06b63f61\uart.\rx_valid' using process `$paramod$7ad91cb4a00e7f80cf930fd17c51f82b06b63f61\uart.$proc$src/uart.v:49$413'.
  created $adff cell `$procdff$2621' with positive edge clock and positive level reset.
Creating register for signal `$paramod$7ad91cb4a00e7f80cf930fd17c51f82b06b63f61\uart.\r_state' using process `$paramod$7ad91cb4a00e7f80cf930fd17c51f82b06b63f61\uart.$proc$src/uart.v:49$413'.
  created $adff cell `$procdff$2626' with positive edge clock and positive level reset.
Creating register for signal `$paramod$7ad91cb4a00e7f80cf930fd17c51f82b06b63f61\uart.\r_cnt' using process `$paramod$7ad91cb4a00e7f80cf930fd17c51f82b06b63f61\uart.$proc$src/uart.v:49$413'.
  created $adff cell `$procdff$2631' with positive edge clock and positive level reset.
Creating register for signal `$paramod$7ad91cb4a00e7f80cf930fd17c51f82b06b63f61\uart.\r_bit' using process `$paramod$7ad91cb4a00e7f80cf930fd17c51f82b06b63f61\uart.$proc$src/uart.v:49$413'.
  created $adff cell `$procdff$2636' with positive edge clock and positive level reset.
Creating register for signal `$paramod$7ad91cb4a00e7f80cf930fd17c51f82b06b63f61\uart.\r_sh' using process `$paramod$7ad91cb4a00e7f80cf930fd17c51f82b06b63f61\uart.$proc$src/uart.v:49$413'.
  created $adff cell `$procdff$2641' with positive edge clock and positive level reset.
Creating register for signal `$paramod$7ad91cb4a00e7f80cf930fd17c51f82b06b63f61\uart.\rx_s1' using process `$paramod$7ad91cb4a00e7f80cf930fd17c51f82b06b63f61\uart.$proc$src/uart.v:34$411'.
  created $adff cell `$procdff$2646' with positive edge clock and positive level reset.
Creating register for signal `$paramod$7ad91cb4a00e7f80cf930fd17c51f82b06b63f61\uart.\rx_s2' using process `$paramod$7ad91cb4a00e7f80cf930fd17c51f82b06b63f61\uart.$proc$src/uart.v:34$411'.
  created $adff cell `$procdff$2651' with positive edge clock and positive level reset.
Creating register for signal `\secure_store.\key_reg' using process `\secure_store.$proc$src/secure_store.v:52$92'.
  created $adff cell `$procdff$2656' with positive edge clock and positive level reset.
Creating register for signal `\secure_store.\uid_reg' using process `\secure_store.$proc$src/secure_store.v:52$92'.
  created $adff cell `$procdff$2661' with positive edge clock and positive level reset.
Creating register for signal `\secure_store.\ctr_reg' using process `\secure_store.$proc$src/secure_store.v:52$92'.
  created $adff cell `$procdff$2666' with positive edge clock and positive level reset.
Creating register for signal `\secure_store.\lock_reg' using process `\secure_store.$proc$src/secure_store.v:52$92'.
  created $adff cell `$procdff$2671' with positive edge clock and positive level reset.
Creating register for signal `\secure_store.\tamper_reg' using process `\secure_store.$proc$src/secure_store.v:52$92'.
  created $adff cell `$procdff$2676' with positive edge clock and positive level reset.
Creating register for signal `\secure_store.\tamper_s1' using process `\secure_store.$proc$src/secure_store.v:39$88'.
  created $adff cell `$procdff$2681' with positive edge clock and positive level reset.
Creating register for signal `\secure_store.\tamper_s2' using process `\secure_store.$proc$src/secure_store.v:39$88'.
  created $adff cell `$procdff$2686' with positive edge clock and positive level reset.
Creating register for signal `\protocol.\nonce' using process `\protocol.$proc$src/protocol.v:134$64'.
  created $adff cell `$procdff$2691' with positive edge clock and positive level reset.
Creating register for signal `\protocol.\state' using process `\protocol.$proc$src/protocol.v:134$64'.
  created $adff cell `$procdff$2696' with positive edge clock and positive level reset.
Creating register for signal `\protocol.\cmd' using process `\protocol.$proc$src/protocol.v:134$64'.
  created $adff cell `$procdff$2701' with positive edge clock and positive level reset.
Creating register for signal `\protocol.\need' using process `\protocol.$proc$src/protocol.v:134$64'.
  created $adff cell `$procdff$2706' with positive edge clock and positive level reset.
Creating register for signal `\protocol.\got' using process `\protocol.$proc$src/protocol.v:134$64'.
  created $adff cell `$procdff$2711' with positive edge clock and positive level reset.
Creating register for signal `\protocol.\data_reg' using process `\protocol.$proc$src/protocol.v:134$64'.
  created $adff cell `$procdff$2716' with positive edge clock and positive level reset.
Creating register for signal `\protocol.\timer' using process `\protocol.$proc$src/protocol.v:134$64'.
  created $adff cell `$procdff$2721' with positive edge clock and positive level reset.
Creating register for signal `\protocol.\started' using process `\protocol.$proc$src/protocol.v:134$64'.
  created $adff cell `$procdff$2726' with positive edge clock and positive level reset.
Creating register for signal `\protocol.\resp_status' using process `\protocol.$proc$src/protocol.v:134$64'.
  created $adff cell `$procdff$2731' with positive edge clock and positive level reset.
Creating register for signal `\protocol.\resp_len' using process `\protocol.$proc$src/protocol.v:134$64'.
  created $adff cell `$procdff$2736' with positive edge clock and positive level reset.
Creating register for signal `\protocol.\resp_idx' using process `\protocol.$proc$src/protocol.v:134$64'.
  created $adff cell `$procdff$2741' with positive edge clock and positive level reset.
Creating register for signal `$paramod\hmac_sha256\MSG_BITS=s32'00000000000000000000000011100000.\tag' using process `$paramod\hmac_sha256\MSG_BITS=s32'00000000000000000000000011100000.$proc$src/hmac_sha256.v:98$405'.
  created $adff cell `$procdff$2746' with positive edge clock and positive level reset.
Creating register for signal `$paramod\hmac_sha256\MSG_BITS=s32'00000000000000000000000011100000.\tag_valid' using process `$paramod\hmac_sha256\MSG_BITS=s32'00000000000000000000000011100000.$proc$src/hmac_sha256.v:98$405'.
  created $adff cell `$procdff$2751' with positive edge clock and positive level reset.
Creating register for signal `$paramod\hmac_sha256\MSG_BITS=s32'00000000000000000000000011100000.\state' using process `$paramod\hmac_sha256\MSG_BITS=s32'00000000000000000000000011100000.$proc$src/hmac_sha256.v:98$405'.
  created $adff cell `$procdff$2756' with positive edge clock and positive level reset.
Creating register for signal `$paramod\hmac_sha256\MSG_BITS=s32'00000000000000000000000011100000.\phase' using process `$paramod\hmac_sha256\MSG_BITS=s32'00000000000000000000000011100000.$proc$src/hmac_sha256.v:98$405'.
  created $adff cell `$procdff$2761' with positive edge clock and positive level reset.
Creating register for signal `$paramod\hmac_sha256\MSG_BITS=s32'00000000000000000000000011100000.\inner' using process `$paramod\hmac_sha256\MSG_BITS=s32'00000000000000000000000011100000.$proc$src/hmac_sha256.v:98$405'.
  created $adff cell `$procdff$2766' with positive edge clock and positive level reset.
Creating register for signal `$paramod\hmac_sha256\MSG_BITS=s32'00000000000000000000000011100000.\core_init' using process `$paramod\hmac_sha256\MSG_BITS=s32'00000000000000000000000011100000.$proc$src/hmac_sha256.v:98$405'.
  created $adff cell `$procdff$2771' with positive edge clock and positive level reset.
Creating register for signal `$paramod\hmac_sha256\MSG_BITS=s32'00000000000000000000000011100000.\core_next' using process `$paramod\hmac_sha256\MSG_BITS=s32'00000000000000000000000011100000.$proc$src/hmac_sha256.v:98$405'.
  created $adff cell `$procdff$2776' with positive edge clock and positive level reset.
Creating register for signal `\auth_chip_top.\rst_ff' using process `\auth_chip_top.$proc$src/auth_chip_top.v:28$1'.
  created $adff cell `$procdff$2781' with positive edge clock and positive level reset.

8.11.10. Executing PROC_MEMWR pass (convert process memory writes to cells).

8.11.11. Executing PROC_CLEAN pass (remove empty switches from decision trees).
Removing empty process `MISTRAL_MLAB.$proc$/usr/bin/../share/yosys/intel_alm/common/mem_sim.v:49$399'.
Found and cleaned up 1 empty switch in `\MISTRAL_MLAB.$proc$/usr/bin/../share/yosys/intel_alm/common/mem_sim.v:65$386'.
Removing empty process `MISTRAL_MLAB.$proc$/usr/bin/../share/yosys/intel_alm/common/mem_sim.v:65$386'.
Removing empty process `MISTRAL_FF.$proc$/usr/bin/../share/yosys/intel_alm/common/dff_sim.v:0$363'.
Found and cleaned up 3 empty switches in `\MISTRAL_FF.$proc$/usr/bin/../share/yosys/intel_alm/common/dff_sim.v:86$361'.
Removing empty process `MISTRAL_FF.$proc$/usr/bin/../share/yosys/intel_alm/common/dff_sim.v:86$361'.
Found and cleaned up 14 empty switches in `\tt_um_xeniarose_sha256.$proc$src/tt07_baseline/project.v:72$192'.
Removing empty process `tt_um_xeniarose_sha256.$proc$src/tt07_baseline/project.v:72$192'.
Found and cleaned up 1 empty switch in `\sha256_tt07.$proc$src/tt07_SHA256.v:0$161'.
Removing empty process `sha256_tt07.$proc$src/tt07_SHA256.v:0$161'.
Found and cleaned up 10 empty switches in `\sha256_tt07.$proc$src/tt07_SHA256.v:170$145'.
Removing empty process `sha256_tt07.$proc$src/tt07_SHA256.v:170$145'.
Found and cleaned up 3 empty switches in `\sha256_tt07.$proc$src/tt07_SHA256.v:123$136'.
Removing empty process `sha256_tt07.$proc$src/tt07_SHA256.v:123$136'.
Found and cleaned up 4 empty switches in `$paramod$7ad91cb4a00e7f80cf930fd17c51f82b06b63f61\uart.$proc$src/uart.v:121$426'.
Removing empty process `$paramod$7ad91cb4a00e7f80cf930fd17c51f82b06b63f61\uart.$proc$src/uart.v:121$426'.
Found and cleaned up 9 empty switches in `$paramod$7ad91cb4a00e7f80cf930fd17c51f82b06b63f61\uart.$proc$src/uart.v:49$413'.
Removing empty process `$paramod$7ad91cb4a00e7f80cf930fd17c51f82b06b63f61\uart.$proc$src/uart.v:49$413'.
Removing empty process `$paramod$7ad91cb4a00e7f80cf930fd17c51f82b06b63f61\uart.$proc$src/uart.v:34$411'.
Found and cleaned up 5 empty switches in `\secure_store.$proc$src/secure_store.v:52$92'.
Removing empty process `secure_store.$proc$src/secure_store.v:52$92'.
Removing empty process `secure_store.$proc$src/secure_store.v:39$88'.
Found and cleaned up 14 empty switches in `\protocol.$proc$src/protocol.v:134$64'.
Removing empty process `protocol.$proc$src/protocol.v:134$64'.
Found and cleaned up 3 empty switches in `\protocol.$proc$src/protocol.v:119$47'.
Removing empty process `protocol.$proc$src/protocol.v:119$47'.
Found and cleaned up 6 empty switches in `\protocol.$proc$src/protocol.v:89$28'.
Removing empty process `protocol.$proc$src/protocol.v:89$28'.
Found and cleaned up 6 empty switches in `$paramod\hmac_sha256\MSG_BITS=s32'00000000000000000000000011100000.$proc$src/hmac_sha256.v:98$405'.
Removing empty process `$paramod\hmac_sha256\MSG_BITS=s32'00000000000000000000000011100000.$proc$src/hmac_sha256.v:98$405'.
Found and cleaned up 1 empty switch in `$paramod\hmac_sha256\MSG_BITS=s32'00000000000000000000000011100000.$proc$src/hmac_sha256.v:76$404'.
Removing empty process `$paramod\hmac_sha256\MSG_BITS=s32'00000000000000000000000011100000.$proc$src/hmac_sha256.v:76$404'.
Removing empty process `auth_chip_top.$proc$src/auth_chip_top.v:28$1'.
Cleaned up 80 empty switches.

8.11.12. Executing OPT_EXPR pass (perform const folding).
Optimizing module tt_um_xeniarose_sha256.
<suppressed ~185 debug messages>
Optimizing module sha256_tt07.
<suppressed ~26 debug messages>
Optimizing module $paramod$7ad91cb4a00e7f80cf930fd17c51f82b06b63f61\uart.
<suppressed ~37 debug messages>
Optimizing module secure_store.
<suppressed ~18 debug messages>
Optimizing module protocol.
<suppressed ~31 debug messages>
Optimizing module $paramod\hmac_sha256\MSG_BITS=s32'00000000000000000000000011100000.
<suppressed ~20 debug messages>
Optimizing module auth_chip_top.
<suppressed ~2 debug messages>

8.12. Executing TRIBUF pass.

8.13. Executing DEMINOUT pass (demote inout ports to input or output).

8.14. Executing OPT_EXPR pass (perform const folding).
Optimizing module tt_um_xeniarose_sha256.
Optimizing module sha256_tt07.
<suppressed ~4 debug messages>
Optimizing module $paramod$7ad91cb4a00e7f80cf930fd17c51f82b06b63f61\uart.
Optimizing module secure_store.
Optimizing module protocol.
<suppressed ~9 debug messages>
Optimizing module $paramod\hmac_sha256\MSG_BITS=s32'00000000000000000000000011100000.
Optimizing module auth_chip_top.

8.15. Executing OPT_CLEAN pass (remove unused cells and wires).
Finding unused cells or wires in module \tt_um_xeniarose_sha256..
Finding unused cells or wires in module \sha256_tt07..
Finding unused cells or wires in module $paramod$7ad91cb4a00e7f80cf930fd17c51f82b06b63f61\uart..
Finding unused cells or wires in module \secure_store..
Finding unused cells or wires in module \protocol..
Finding unused cells or wires in module $paramod\hmac_sha256\MSG_BITS=s32'00000000000000000000000011100000..
Finding unused cells or wires in module \auth_chip_top..
Removed 363 unused cells and 1034 unused wires.
<suppressed ~378 debug messages>

8.16. Executing CHECK pass (checking for obvious problems).
Checking module $paramod$7ad91cb4a00e7f80cf930fd17c51f82b06b63f61\uart...
Checking module $paramod\hmac_sha256\MSG_BITS=s32'00000000000000000000000011100000...
Checking module auth_chip_top...
Checking module protocol...
Checking module secure_store...
Checking module sha256_tt07...
Checking module tt_um_xeniarose_sha256...
Found and reported 0 problems.

8.17. Executing OPT pass (performing simple optimizations).

8.17.1. Executing OPT_EXPR pass (perform const folding).
Optimizing module $paramod$7ad91cb4a00e7f80cf930fd17c51f82b06b63f61\uart.
Optimizing module $paramod\hmac_sha256\MSG_BITS=s32'00000000000000000000000011100000.
Optimizing module auth_chip_top.
Optimizing module protocol.
Optimizing module secure_store.
Optimizing module sha256_tt07.
Optimizing module tt_um_xeniarose_sha256.

8.17.2. Executing OPT_MERGE pass (detect identical cells).
Finding identical cells in module `$paramod$7ad91cb4a00e7f80cf930fd17c51f82b06b63f61\uart'.
<suppressed ~39 debug messages>
Finding identical cells in module `$paramod\hmac_sha256\MSG_BITS=s32'00000000000000000000000011100000'.
<suppressed ~24 debug messages>
Finding identical cells in module `\auth_chip_top'.
Finding identical cells in module `\protocol'.
<suppressed ~147 debug messages>
Finding identical cells in module `\secure_store'.
<suppressed ~9 debug messages>
Finding identical cells in module `\sha256_tt07'.
<suppressed ~99 debug messages>
Finding identical cells in module `\tt_um_xeniarose_sha256'.
<suppressed ~474 debug messages>
Removed a total of 264 cells.

8.17.3. Executing OPT_MUXTREE pass (detect dead branches in mux trees).
Running muxtree optimizer on module $paramod$7ad91cb4a00e7f80cf930fd17c51f82b06b63f61\uart..
  Creating internal representation of mux trees.
  Evaluating internal representation of mux trees.
      Replacing known input bits on port A of cell $procmux$1998: \t_busy -> 1'1
      Replacing known input bits on port A of cell $procmux$1996: \t_busy -> 1'1
      Replacing known input bits on port A of cell $procmux$2001: \t_busy -> 1'0
  Analyzing evaluation results.
Running muxtree optimizer on module $paramod\hmac_sha256\MSG_BITS=s32'00000000000000000000000011100000..
  Creating internal representation of mux trees.
  Evaluating internal representation of mux trees.
  Analyzing evaluation results.
Running muxtree optimizer on module \auth_chip_top..
  Creating internal representation of mux trees.
  No muxes found in this module.
Running muxtree optimizer on module \protocol..
  Creating internal representation of mux trees.
  Evaluating internal representation of mux trees.
  Analyzing evaluation results.
    dead port 1/2 on $mux $procmux$2272.
    dead port 1/2 on $mux $procmux$2275.
    dead port 1/2 on $mux $procmux$2281.
    dead port 1/2 on $mux $procmux$2291.
    dead port 2/2 on $mux $procmux$2293.
    dead port 2/2 on $mux $procmux$2299.
    dead port 2/2 on $mux $procmux$2307.
    dead port 1/2 on $mux $procmux$2310.
    dead port 2/2 on $mux $procmux$2312.
    dead port 1/2 on $mux $procmux$2320.
    dead port 2/2 on $mux $procmux$2322.
    dead port 2/2 on $mux $procmux$2329.
Running muxtree optimizer on module \secure_store..
  Creating internal representation of mux trees.
  Evaluating internal representation of mux trees.
  Analyzing evaluation results.
Running muxtree optimizer on module \sha256_tt07..
  Creating internal representation of mux trees.
  Evaluating internal representation of mux trees.
  Analyzing evaluation results.
    dead port 1/2 on $mux $procmux$1930.
    dead port 2/2 on $mux $procmux$1932.
    dead port 1/2 on $mux $procmux$1941.
    dead port 2/2 on $mux $procmux$1943.
    dead port 2/2 on $mux $procmux$1951.
    dead port 2/2 on $mux $procmux$1959.
Running muxtree optimizer on module \tt_um_xeniarose_sha256..
  Creating internal representation of mux trees.
  Evaluating internal representation of mux trees.
  Analyzing evaluation results.
    dead port 2/2 on $mux $procmux$466.
    dead port 1/2 on $mux $procmux$469.
    dead port 2/2 on $mux $procmux$472.
    dead port 2/2 on $mux $procmux$474.
    dead port 2/2 on $mux $procmux$490.
    dead port 1/2 on $mux $procmux$493.
    dead port 2/2 on $mux $procmux$496.
    dead port 2/2 on $mux $procmux$498.
    dead port 2/2 on $mux $procmux$515.
    dead port 1/2 on $mux $procmux$518.
    dead port 2/2 on $mux $procmux$521.
    dead port 2/2 on $mux $procmux$523.
    dead port 2/2 on $mux $procmux$541.
    dead port 1/2 on $mux $procmux$544.
    dead port 2/2 on $mux $procmux$547.
    dead port 2/2 on $mux $procmux$549.
Removed 34 multiplexer ports.
<suppressed ~89 debug messages>

8.17.4. Executing OPT_REDUCE pass (consolidate $*mux and $reduce_* inputs).
  Optimizing cells in module $paramod$7ad91cb4a00e7f80cf930fd17c51f82b06b63f61\uart.
  Optimizing cells in module $paramod\hmac_sha256\MSG_BITS=s32'00000000000000000000000011100000.
  Optimizing cells in module \auth_chip_top.
  Optimizing cells in module \protocol.
  Optimizing cells in module \secure_store.
  Optimizing cells in module \sha256_tt07.
    New ctrl vector for $pmux cell $procmux$1968: { $procmux$1859_CMP $auto$opt_reduce.cc:137:opt_pmux$2787 $procmux$1842_CMP }
    New ctrl vector for $pmux cell $procmux$1974: { $procmux$1851_CMP $auto$opt_reduce.cc:137:opt_pmux$2789 }
  Optimizing cells in module \sha256_tt07.
  Optimizing cells in module \tt_um_xeniarose_sha256.
Performed a total of 2 changes.

8.17.5. Executing OPT_MERGE pass (detect identical cells).
Finding identical cells in module `$paramod$7ad91cb4a00e7f80cf930fd17c51f82b06b63f61\uart'.
<suppressed ~3 debug messages>
Finding identical cells in module `$paramod\hmac_sha256\MSG_BITS=s32'00000000000000000000000011100000'.
Finding identical cells in module `\auth_chip_top'.
Finding identical cells in module `\protocol'.
Finding identical cells in module `\secure_store'.
Finding identical cells in module `\sha256_tt07'.
Finding identical cells in module `\tt_um_xeniarose_sha256'.
<suppressed ~9 debug messages>
Removed a total of 4 cells.

8.17.6. Executing OPT_DFF pass (perform DFF optimizations).

8.17.7. Executing OPT_CLEAN pass (remove unused cells and wires).
Finding unused cells or wires in module $paramod$7ad91cb4a00e7f80cf930fd17c51f82b06b63f61\uart..
Finding unused cells or wires in module $paramod\hmac_sha256\MSG_BITS=s32'00000000000000000000000011100000..
Finding unused cells or wires in module \auth_chip_top..
Finding unused cells or wires in module \protocol..
Finding unused cells or wires in module \secure_store..
Finding unused cells or wires in module \sha256_tt07..
Finding unused cells or wires in module \tt_um_xeniarose_sha256..
Removed 0 unused cells and 296 unused wires.
<suppressed ~6 debug messages>

8.17.8. Executing OPT_EXPR pass (perform const folding).
Optimizing module $paramod$7ad91cb4a00e7f80cf930fd17c51f82b06b63f61\uart.
Optimizing module $paramod\hmac_sha256\MSG_BITS=s32'00000000000000000000000011100000.
Optimizing module auth_chip_top.
Optimizing module protocol.
Optimizing module secure_store.
Optimizing module sha256_tt07.
Optimizing module tt_um_xeniarose_sha256.

8.17.9. Rerunning OPT passes. (Maybe there is more to do..)

8.17.10. Executing OPT_MUXTREE pass (detect dead branches in mux trees).
Running muxtree optimizer on module $paramod$7ad91cb4a00e7f80cf930fd17c51f82b06b63f61\uart..
  Creating internal representation of mux trees.
  Evaluating internal representation of mux trees.
  Analyzing evaluation results.
Running muxtree optimizer on module $paramod\hmac_sha256\MSG_BITS=s32'00000000000000000000000011100000..
  Creating internal representation of mux trees.
  Evaluating internal representation of mux trees.
  Analyzing evaluation results.
Running muxtree optimizer on module \auth_chip_top..
  Creating internal representation of mux trees.
  No muxes found in this module.
Running muxtree optimizer on module \protocol..
  Creating internal representation of mux trees.
  Evaluating internal representation of mux trees.
  Analyzing evaluation results.
Running muxtree optimizer on module \secure_store..
  Creating internal representation of mux trees.
  Evaluating internal representation of mux trees.
  Analyzing evaluation results.
Running muxtree optimizer on module \sha256_tt07..
  Creating internal representation of mux trees.
  Evaluating internal representation of mux trees.
  Analyzing evaluation results.
Running muxtree optimizer on module \tt_um_xeniarose_sha256..
  Creating internal representation of mux trees.
  Evaluating internal representation of mux trees.
  Analyzing evaluation results.
Removed 0 multiplexer ports.
<suppressed ~89 debug messages>

8.17.11. Executing OPT_REDUCE pass (consolidate $*mux and $reduce_* inputs).
  Optimizing cells in module $paramod$7ad91cb4a00e7f80cf930fd17c51f82b06b63f61\uart.
    New ctrl vector for $pmux cell $procmux$2070: { $procmux$2082_CMP $procmux$2064_CMP $auto$opt_reduce.cc:137:opt_pmux$2791 }
  Optimizing cells in module $paramod$7ad91cb4a00e7f80cf930fd17c51f82b06b63f61\uart.
  Optimizing cells in module $paramod\hmac_sha256\MSG_BITS=s32'00000000000000000000000011100000.
  Optimizing cells in module \auth_chip_top.
  Optimizing cells in module \protocol.
  Optimizing cells in module \secure_store.
  Optimizing cells in module \sha256_tt07.
  Optimizing cells in module \tt_um_xeniarose_sha256.
Performed a total of 1 changes.

8.17.12. Executing OPT_MERGE pass (detect identical cells).
Finding identical cells in module `$paramod$7ad91cb4a00e7f80cf930fd17c51f82b06b63f61\uart'.
Finding identical cells in module `$paramod\hmac_sha256\MSG_BITS=s32'00000000000000000000000011100000'.
Finding identical cells in module `\auth_chip_top'.
Finding identical cells in module `\protocol'.
Finding identical cells in module `\secure_store'.
Finding identical cells in module `\sha256_tt07'.
Finding identical cells in module `\tt_um_xeniarose_sha256'.
Removed a total of 0 cells.

8.17.13. Executing OPT_DFF pass (perform DFF optimizations).

8.17.14. Executing OPT_CLEAN pass (remove unused cells and wires).
Finding unused cells or wires in module $paramod$7ad91cb4a00e7f80cf930fd17c51f82b06b63f61\uart..
Finding unused cells or wires in module $paramod\hmac_sha256\MSG_BITS=s32'00000000000000000000000011100000..
Finding unused cells or wires in module \auth_chip_top..
Finding unused cells or wires in module \protocol..
Finding unused cells or wires in module \secure_store..
Finding unused cells or wires in module \sha256_tt07..
Finding unused cells or wires in module \tt_um_xeniarose_sha256..

8.17.15. Executing OPT_EXPR pass (perform const folding).
Optimizing module $paramod$7ad91cb4a00e7f80cf930fd17c51f82b06b63f61\uart.
Optimizing module $paramod\hmac_sha256\MSG_BITS=s32'00000000000000000000000011100000.
Optimizing module auth_chip_top.
Optimizing module protocol.
Optimizing module secure_store.
Optimizing module sha256_tt07.
Optimizing module tt_um_xeniarose_sha256.

8.17.16. Rerunning OPT passes. (Maybe there is more to do..)

8.17.17. Executing OPT_MUXTREE pass (detect dead branches in mux trees).
Running muxtree optimizer on module $paramod$7ad91cb4a00e7f80cf930fd17c51f82b06b63f61\uart..
  Creating internal representation of mux trees.
  Evaluating internal representation of mux trees.
  Analyzing evaluation results.
Running muxtree optimizer on module $paramod\hmac_sha256\MSG_BITS=s32'00000000000000000000000011100000..
  Creating internal representation of mux trees.
  Evaluating internal representation of mux trees.
  Analyzing evaluation results.
Running muxtree optimizer on module \auth_chip_top..
  Creating internal representation of mux trees.
  No muxes found in this module.
Running muxtree optimizer on module \protocol..
  Creating internal representation of mux trees.
  Evaluating internal representation of mux trees.
  Analyzing evaluation results.
Running muxtree optimizer on module \secure_store..
  Creating internal representation of mux trees.
  Evaluating internal representation of mux trees.
  Analyzing evaluation results.
Running muxtree optimizer on module \sha256_tt07..
  Creating internal representation of mux trees.
  Evaluating internal representation of mux trees.
  Analyzing evaluation results.
Running muxtree optimizer on module \tt_um_xeniarose_sha256..
  Creating internal representation of mux trees.
  Evaluating internal representation of mux trees.
  Analyzing evaluation results.
Removed 0 multiplexer ports.
<suppressed ~89 debug messages>

8.17.18. Executing OPT_REDUCE pass (consolidate $*mux and $reduce_* inputs).
  Optimizing cells in module $paramod$7ad91cb4a00e7f80cf930fd17c51f82b06b63f61\uart.
  Optimizing cells in module $paramod\hmac_sha256\MSG_BITS=s32'00000000000000000000000011100000.
  Optimizing cells in module \auth_chip_top.
  Optimizing cells in module \protocol.
  Optimizing cells in module \secure_store.
  Optimizing cells in module \sha256_tt07.
  Optimizing cells in module \tt_um_xeniarose_sha256.
Performed a total of 0 changes.

8.17.19. Executing OPT_MERGE pass (detect identical cells).
Finding identical cells in module `$paramod$7ad91cb4a00e7f80cf930fd17c51f82b06b63f61\uart'.
Finding identical cells in module `$paramod\hmac_sha256\MSG_BITS=s32'00000000000000000000000011100000'.
Finding identical cells in module `\auth_chip_top'.
Finding identical cells in module `\protocol'.
Finding identical cells in module `\secure_store'.
Finding identical cells in module `\sha256_tt07'.
Finding identical cells in module `\tt_um_xeniarose_sha256'.
Removed a total of 0 cells.

8.17.20. Executing OPT_DFF pass (perform DFF optimizations).

8.17.21. Executing OPT_CLEAN pass (remove unused cells and wires).
Finding unused cells or wires in module $paramod$7ad91cb4a00e7f80cf930fd17c51f82b06b63f61\uart..
Finding unused cells or wires in module $paramod\hmac_sha256\MSG_BITS=s32'00000000000000000000000011100000..
Finding unused cells or wires in module \auth_chip_top..
Finding unused cells or wires in module \protocol..
Finding unused cells or wires in module \secure_store..
Finding unused cells or wires in module \sha256_tt07..
Finding unused cells or wires in module \tt_um_xeniarose_sha256..

8.17.22. Executing OPT_EXPR pass (perform const folding).
Optimizing module $paramod$7ad91cb4a00e7f80cf930fd17c51f82b06b63f61\uart.
Optimizing module $paramod\hmac_sha256\MSG_BITS=s32'00000000000000000000000011100000.
Optimizing module auth_chip_top.
Optimizing module protocol.
Optimizing module secure_store.
Optimizing module sha256_tt07.
Optimizing module tt_um_xeniarose_sha256.

8.17.23. Finished OPT passes. (There is nothing left to do.)

8.18. Executing FSM pass (extract and optimize FSM).

8.18.1. Executing FSM_DETECT pass (finding FSMs in design).
Not marking $paramod$7ad91cb4a00e7f80cf930fd17c51f82b06b63f61\uart.r_state as FSM state register:
    Circuit seems to be self-resetting.
Not marking $paramod\hmac_sha256\MSG_BITS=s32'00000000000000000000000011100000.state as FSM state register:
    Users of register don't seem to benefit from recoding.
    Circuit seems to be self-resetting.
Not marking protocol.need as FSM state register:
    Users of register don't seem to benefit from recoding.
Found FSM state register protocol.resp_len.
Not marking protocol.resp_status as FSM state register:
    Users of register don't seem to benefit from recoding.
Not marking protocol.state as FSM state register:
    Circuit seems to be self-resetting.
Not marking sha256_tt07.state as FSM state register:
    Circuit seems to be self-resetting.

8.18.2. Executing FSM_EXTRACT pass (extracting FSM from design).
Extracting FSM `\resp_len' from module `\protocol'.
  found $adff cell for state register: $procdff$2736
  root of input selection tree: $0\resp_len[5:0]
  found reset state: 6'000001 (from async reset)
  found ctrl input: $eq$src/protocol.v:115$44_Y
  found ctrl input: \in_exec
  found ctrl input: \tamper
  found ctrl input: $logic_and$src/protocol.v:189$77_Y
  found ctrl input: $logic_and$src/protocol.v:191$79_Y
  found state code: 6'101101
  found state code: 6'001001
  ctrl inputs: { $logic_and$src/protocol.v:191$79_Y $logic_and$src/protocol.v:189$77_Y $eq$src/protocol.v:115$44_Y \in_exec \tamper }
  ctrl outputs: $0\resp_len[5:0]
  transition:   6'000001 5'--00- ->   6'000001 6'000001
  transition:   6'000001 5'00-1- ->   6'000001 6'000001
  transition:   6'000001 5'10-1- ->   6'101101 6'101101
  transition:   6'000001 5'-1-1- ->   6'001001 6'001001
  transition:   6'000001 5'--1-0 ->   6'000001 6'000001
  transition:   6'000001 5'--1-1 ->   6'000001 6'000001
  transition:   6'001001 5'--00- ->   6'001001 6'001001
  transition:   6'001001 5'00-1- ->   6'000001 6'000001
  transition:   6'001001 5'10-1- ->   6'101101 6'101101
  transition:   6'001001 5'-1-1- ->   6'001001 6'001001
  transition:   6'001001 5'--1-0 ->   6'001001 6'001001
  transition:   6'001001 5'--1-1 ->   6'000001 6'000001
  transition:   6'101101 5'--00- ->   6'101101 6'101101
  transition:   6'101101 5'00-1- ->   6'000001 6'000001
  transition:   6'101101 5'10-1- ->   6'101101 6'101101
  transition:   6'101101 5'-1-1- ->   6'001001 6'001001
  transition:   6'101101 5'--1-0 ->   6'101101 6'101101
  transition:   6'101101 5'--1-1 ->   6'000001 6'000001

8.18.3. Executing FSM_OPT pass (simple optimizations of FSMs).
Optimizing FSM `$fsm$\resp_len$2792' from module `\protocol'.
  Merging pattern 5'--1-0 and 5'--1-1 from group (0 0 6'000001).
  Merging pattern 5'--1-1 and 5'--1-0 from group (0 0 6'000001).

8.18.4. Executing OPT_CLEAN pass (remove unused cells and wires).
Finding unused cells or wires in module $paramod$7ad91cb4a00e7f80cf930fd17c51f82b06b63f61\uart..
Finding unused cells or wires in module $paramod\hmac_sha256\MSG_BITS=s32'00000000000000000000000011100000..
Finding unused cells or wires in module \auth_chip_top..
Finding unused cells or wires in module \protocol..
Finding unused cells or wires in module \secure_store..
Finding unused cells or wires in module \sha256_tt07..
Finding unused cells or wires in module \tt_um_xeniarose_sha256..
Removed 4 unused cells and 4 unused wires.
<suppressed ~5 debug messages>

8.18.5. Executing FSM_OPT pass (simple optimizations of FSMs).
Optimizing FSM `$fsm$\resp_len$2792' from module `\protocol'.

8.18.6. Executing FSM_RECODE pass (re-assigning FSM state encoding).
Recoding FSM `$fsm$\resp_len$2792' from module `\protocol' using `auto' encoding:
  mapping auto encoding to `one-hot` for this FSM.
  000001 -> --1
  001001 -> -1-
  101101 -> 1--

8.18.7. Executing FSM_INFO pass (dumping all available information on FSM cells).

FSM `$fsm$\resp_len$2792' from module `protocol':
-------------------------------------

  Information on FSM $fsm$\resp_len$2792 (\resp_len):

  Number of input signals:    5
  Number of output signals:   6
  Number of state bits:       3

  Input signals:
    0: \tamper
    1: \in_exec
    2: $eq$src/protocol.v:115$44_Y
    3: $logic_and$src/protocol.v:189$77_Y
    4: $logic_and$src/protocol.v:191$79_Y

  Output signals:
    0: $0\resp_len[5:0] [0]
    1: $0\resp_len[5:0] [1]
    2: $0\resp_len[5:0] [2]
    3: $0\resp_len[5:0] [3]
    4: $0\resp_len[5:0] [4]
    5: $0\resp_len[5:0] [5]

  State encoding:
    0:      3'--1  <RESET STATE>
    1:      3'-1-
    2:      3'1--

  Transition Table (state_in, ctrl_in, state_out, ctrl_out):
      0:     0 5'--00-   ->     0 6'000001
      1:     0 5'00-1-   ->     0 6'000001
      2:     0 5'--1--   ->     0 6'000001
      3:     0 5'-1-1-   ->     1 6'001001
      4:     0 5'10-1-   ->     2 6'101101
      5:     1 5'--1-1   ->     0 6'000001
      6:     1 5'00-1-   ->     0 6'000001
      7:     1 5'--1-0   ->     1 6'001001
      8:     1 5'--00-   ->     1 6'001001
      9:     1 5'-1-1-   ->     1 6'001001
     10:     1 5'10-1-   ->     2 6'101101
     11:     2 5'--1-1   ->     0 6'000001
     12:     2 5'00-1-   ->     0 6'000001
     13:     2 5'-1-1-   ->     1 6'001001
     14:     2 5'--1-0   ->     2 6'101101
     15:     2 5'--00-   ->     2 6'101101
     16:     2 5'10-1-   ->     2 6'101101

-------------------------------------

8.18.8. Executing FSM_MAP pass (mapping FSMs to basic logic).
Mapping FSM `$fsm$\resp_len$2792' from module `\protocol'.

8.19. Executing OPT pass (performing simple optimizations).

8.19.1. Executing OPT_EXPR pass (perform const folding).
Optimizing module $paramod$7ad91cb4a00e7f80cf930fd17c51f82b06b63f61\uart.
Optimizing module $paramod\hmac_sha256\MSG_BITS=s32'00000000000000000000000011100000.
Optimizing module auth_chip_top.
Optimizing module protocol.
<suppressed ~7 debug messages>
Optimizing module secure_store.
Optimizing module sha256_tt07.
Optimizing module tt_um_xeniarose_sha256.

8.19.2. Executing OPT_MERGE pass (detect identical cells).
Finding identical cells in module `$paramod$7ad91cb4a00e7f80cf930fd17c51f82b06b63f61\uart'.
Finding identical cells in module `$paramod\hmac_sha256\MSG_BITS=s32'00000000000000000000000011100000'.
Finding identical cells in module `\auth_chip_top'.
Finding identical cells in module `\protocol'.
<suppressed ~60 debug messages>
Finding identical cells in module `\secure_store'.
Finding identical cells in module `\sha256_tt07'.
Finding identical cells in module `\tt_um_xeniarose_sha256'.
Removed a total of 20 cells.

8.19.3. Executing OPT_MUXTREE pass (detect dead branches in mux trees).
Running muxtree optimizer on module $paramod$7ad91cb4a00e7f80cf930fd17c51f82b06b63f61\uart..
  Creating internal representation of mux trees.
  Evaluating internal representation of mux trees.
  Analyzing evaluation results.
Running muxtree optimizer on module $paramod\hmac_sha256\MSG_BITS=s32'00000000000000000000000011100000..
  Creating internal representation of mux trees.
  Evaluating internal representation of mux trees.
  Analyzing evaluation results.
Running muxtree optimizer on module \auth_chip_top..
  Creating internal representation of mux trees.
  No muxes found in this module.
Running muxtree optimizer on module \protocol..
  Creating internal representation of mux trees.
  Evaluating internal representation of mux trees.
  Analyzing evaluation results.
Running muxtree optimizer on module \secure_store..
  Creating internal representation of mux trees.
  Evaluating internal representation of mux trees.
  Analyzing evaluation results.
Running muxtree optimizer on module \sha256_tt07..
  Creating internal representation of mux trees.
  Evaluating internal representation of mux trees.
  Analyzing evaluation results.
Running muxtree optimizer on module \tt_um_xeniarose_sha256..
  Creating internal representation of mux trees.
  Evaluating internal representation of mux trees.
  Analyzing evaluation results.
Removed 0 multiplexer ports.
<suppressed ~88 debug messages>

8.19.4. Executing OPT_REDUCE pass (consolidate $*mux and $reduce_* inputs).
  Optimizing cells in module $paramod$7ad91cb4a00e7f80cf930fd17c51f82b06b63f61\uart.
  Optimizing cells in module $paramod\hmac_sha256\MSG_BITS=s32'00000000000000000000000011100000.
  Optimizing cells in module \auth_chip_top.
  Optimizing cells in module \protocol.
  Optimizing cells in module \secure_store.
  Optimizing cells in module \sha256_tt07.
  Optimizing cells in module \tt_um_xeniarose_sha256.
Performed a total of 0 changes.

8.19.5. Executing OPT_MERGE pass (detect identical cells).
Finding identical cells in module `$paramod$7ad91cb4a00e7f80cf930fd17c51f82b06b63f61\uart'.
Finding identical cells in module `$paramod\hmac_sha256\MSG_BITS=s32'00000000000000000000000011100000'.
Finding identical cells in module `\auth_chip_top'.
Finding identical cells in module `\protocol'.
Finding identical cells in module `\secure_store'.
Finding identical cells in module `\sha256_tt07'.
Finding identical cells in module `\tt_um_xeniarose_sha256'.
Removed a total of 0 cells.

8.19.6. Executing OPT_DFF pass (perform DFF optimizations).
Adding EN signal on $procdff$2641 ($adff) from module $paramod$7ad91cb4a00e7f80cf930fd17c51f82b06b63f61\uart (D = { \rx_s2 \r_sh [7:1] }, Q = \r_sh).
Adding EN signal on $procdff$2636 ($adff) from module $paramod$7ad91cb4a00e7f80cf930fd17c51f82b06b63f61\uart (D = $0\r_bit[2:0], Q = \r_bit).
Adding EN signal on $procdff$2631 ($adff) from module $paramod$7ad91cb4a00e7f80cf930fd17c51f82b06b63f61\uart (D = $0\r_cnt[15:0], Q = \r_cnt).
Adding EN signal on $procdff$2626 ($adff) from module $paramod$7ad91cb4a00e7f80cf930fd17c51f82b06b63f61\uart (D = $0\r_state[2:0], Q = \r_state).
Adding EN signal on $procdff$2616 ($adff) from module $paramod$7ad91cb4a00e7f80cf930fd17c51f82b06b63f61\uart (D = \r_sh, Q = \rx_data).
Adding EN signal on $procdff$2611 ($adff) from module $paramod$7ad91cb4a00e7f80cf930fd17c51f82b06b63f61\uart (D = $0\t_out[0:0], Q = \t_out).
Adding EN signal on $procdff$2601 ($adff) from module $paramod$7ad91cb4a00e7f80cf930fd17c51f82b06b63f61\uart (D = $0\t_cnt[15:0], Q = \t_cnt).
Adding EN signal on $procdff$2596 ($adff) from module $paramod$7ad91cb4a00e7f80cf930fd17c51f82b06b63f61\uart (D = $0\t_n[3:0], Q = \t_n).
Adding EN signal on $procdff$2591 ($adff) from module $paramod$7ad91cb4a00e7f80cf930fd17c51f82b06b63f61\uart (D = { 1'1 \tx_data 1'0 }, Q = \t_sh).
Setting constant 1-bit at position 9 on $auto$ff.cc:266:slice$2933 ($adffe) from module $paramod$7ad91cb4a00e7f80cf930fd17c51f82b06b63f61\uart.
Adding EN signal on $procdff$2766 ($adff) from module $paramod\hmac_sha256\MSG_BITS=s32'00000000000000000000000011100000 (D = $procmux$2360_Y, Q = \inner).
Adding EN signal on $procdff$2761 ($adff) from module $paramod\hmac_sha256\MSG_BITS=s32'00000000000000000000000011100000 (D = $0\phase[1:0], Q = \phase).
Adding EN signal on $procdff$2756 ($adff) from module $paramod\hmac_sha256\MSG_BITS=s32'00000000000000000000000011100000 (D = $0\state[1:0], Q = \state).
Adding EN signal on $procdff$2746 ($adff) from module $paramod\hmac_sha256\MSG_BITS=s32'00000000000000000000000011100000 (D = \core_digest, Q = \tag).
Adding EN signal on $procdff$2741 ($adff) from module protocol (D = $0\resp_idx[5:0], Q = \resp_idx).
Adding EN signal on $procdff$2731 ($adff) from module protocol (D = $0\resp_status[7:0], Q = \resp_status).
Adding EN signal on $procdff$2726 ($adff) from module protocol (D = $0\started[0:0], Q = \started).
Adding EN signal on $procdff$2721 ($adff) from module protocol (D = $0\timer[31:0], Q = \timer).
Adding EN signal on $procdff$2716 ($adff) from module protocol (D = $0\data_reg[255:0], Q = \data_reg).
Adding EN signal on $procdff$2711 ($adff) from module protocol (D = $0\got[5:0], Q = \got).
Adding EN signal on $procdff$2706 ($adff) from module protocol (D = $procmux$2215_Y, Q = \need).
Adding EN signal on $procdff$2701 ($adff) from module protocol (D = \rx_data, Q = \cmd).
Adding EN signal on $procdff$2696 ($adff) from module protocol (D = $0\state[2:0], Q = \state).
Adding EN signal on $procdff$2691 ($adff) from module protocol (D = \data_reg [127:0], Q = \nonce).
Adding EN signal on $procdff$2676 ($adff) from module secure_store (D = 1'1, Q = \tamper_reg).
Adding EN signal on $procdff$2671 ($adff) from module secure_store (D = 1'1, Q = \lock_reg).
Adding EN signal on $procdff$2666 ($adff) from module secure_store (D = $add$src/secure_store.v:75$110_Y, Q = \ctr_reg).
Adding EN signal on $procdff$2661 ($adff) from module secure_store (D = \wr_data [63:0], Q = \uid_reg).
Adding EN signal on $procdff$2656 ($adff) from module secure_store (D = $0\key_reg[255:0], Q = \key_reg).
Adding EN signal on $procdff$2586 ($adff) from module sha256_tt07 (D = $procmux$1846_Y, Q = \rd_sr).
Adding EN signal on $procdff$2581 ($adff) from module sha256_tt07 (D = $0\w_reg[511:0], Q = \w_reg).
Adding EN signal on $procdff$2576 ($adff) from module sha256_tt07 (D = $0\h_reg[255:0], Q = \h_reg).
Adding EN signal on $procdff$2571 ($adff) from module sha256_tt07 (D = $0\cnt[5:0], Q = \cnt).
Adding EN signal on $procdff$2566 ($adff) from module sha256_tt07 (D = $0\t[5:0], Q = \t).
Adding EN signal on $procdff$2556 ($adff) from module sha256_tt07 (D = $0\state[2:0], Q = \state).
Adding EN signal on $procdff$2471 ($adff) from module tt_um_xeniarose_sha256 (D = \uio_in, Q = \register_file[9] [15:8]).
Adding EN signal on $procdff$2471 ($adff) from module tt_um_xeniarose_sha256 (D = \uio_in, Q = \register_file[9] [7:0]).
Adding EN signal on $procdff$2471 ($adff) from module tt_um_xeniarose_sha256 (D = \uio_in, Q = \register_file[9] [31:24]).
Adding EN signal on $procdff$2471 ($adff) from module tt_um_xeniarose_sha256 (D = \uio_in, Q = \register_file[9] [23:16]).
Adding EN signal on $procdff$2466 ($adff) from module tt_um_xeniarose_sha256 (D = \uio_in, Q = \register_file[8] [15:8]).
Adding EN signal on $procdff$2466 ($adff) from module tt_um_xeniarose_sha256 (D = \uio_in, Q = \register_file[8] [7:0]).
Adding EN signal on $procdff$2466 ($adff) from module tt_um_xeniarose_sha256 (D = \uio_in, Q = \register_file[8] [31:24]).
Adding EN signal on $procdff$2466 ($adff) from module tt_um_xeniarose_sha256 (D = \uio_in, Q = \register_file[8] [23:16]).
Adding EN signal on $procdff$2461 ($adff) from module tt_um_xeniarose_sha256 (D = $procmux$975_Y, Q = \register_file[7] [15:8]).
Adding EN signal on $procdff$2461 ($adff) from module tt_um_xeniarose_sha256 (D = $procmux$1173_Y, Q = \register_file[7] [7:0]).
Adding EN signal on $procdff$2461 ($adff) from module tt_um_xeniarose_sha256 (D = $procmux$1803_Y, Q = \register_file[7] [31:24]).
Adding EN signal on $procdff$2461 ($adff) from module tt_um_xeniarose_sha256 (D = $procmux$787_Y, Q = \register_file[7] [23:16]).
Adding EN signal on $procdff$2456 ($adff) from module tt_um_xeniarose_sha256 (D = $procmux$993_Y, Q = \register_file[6] [15:8]).
Adding EN signal on $procdff$2456 ($adff) from module tt_um_xeniarose_sha256 (D = $procmux$1192_Y, Q = \register_file[6] [7:0]).
Adding EN signal on $procdff$2456 ($adff) from module tt_um_xeniarose_sha256 (D = $procmux$1657_Y, Q = \register_file[6] [31:24]).
Adding EN signal on $procdff$2456 ($adff) from module tt_um_xeniarose_sha256 (D = $procmux$804_Y, Q = \register_file[6] [23:16]).
Adding EN signal on $procdff$2451 ($adff) from module tt_um_xeniarose_sha256 (D = $procmux$1012_Y, Q = \register_file[5] [15:8]).
Adding EN signal on $procdff$2451 ($adff) from module tt_um_xeniarose_sha256 (D = $procmux$1212_Y, Q = \register_file[5] [7:0]).
Adding EN signal on $procdff$2451 ($adff) from module tt_um_xeniarose_sha256 (D = $procmux$1674_Y, Q = \register_file[5] [31:24]).
Adding EN signal on $procdff$2451 ($adff) from module tt_um_xeniarose_sha256 (D = $procmux$822_Y, Q = \register_file[5] [23:16]).
Adding EN signal on $procdff$2446 ($adff) from module tt_um_xeniarose_sha256 (D = $procmux$1032_Y, Q = \register_file[4] [15:8]).
Adding EN signal on $procdff$2446 ($adff) from module tt_um_xeniarose_sha256 (D = $procmux$1233_Y, Q = \register_file[4] [7:0]).
Adding EN signal on $procdff$2446 ($adff) from module tt_um_xeniarose_sha256 (D = $procmux$1692_Y, Q = \register_file[4] [31:24]).
Adding EN signal on $procdff$2446 ($adff) from module tt_um_xeniarose_sha256 (D = $procmux$841_Y, Q = \register_file[4] [23:16]).
Adding EN signal on $procdff$2441 ($adff) from module tt_um_xeniarose_sha256 (D = $procmux$1053_Y, Q = \register_file[3] [15:8]).
Adding EN signal on $procdff$2441 ($adff) from module tt_um_xeniarose_sha256 (D = $procmux$1255_Y, Q = \register_file[3] [7:0]).
Adding EN signal on $procdff$2441 ($adff) from module tt_um_xeniarose_sha256 (D = $procmux$1711_Y, Q = \register_file[3] [31:24]).
Adding EN signal on $procdff$2441 ($adff) from module tt_um_xeniarose_sha256 (D = $procmux$861_Y, Q = \register_file[3] [23:16]).
Adding EN signal on $procdff$2436 ($adff) from module tt_um_xeniarose_sha256 (D = $procmux$1075_Y, Q = \register_file[2] [15:8]).
Adding EN signal on $procdff$2436 ($adff) from module tt_um_xeniarose_sha256 (D = $procmux$1278_Y, Q = \register_file[2] [7:0]).
Adding EN signal on $procdff$2436 ($adff) from module tt_um_xeniarose_sha256 (D = $procmux$1731_Y, Q = \register_file[2] [31:24]).
Adding EN signal on $procdff$2436 ($adff) from module tt_um_xeniarose_sha256 (D = $procmux$882_Y, Q = \register_file[2] [23:16]).
Adding EN signal on $procdff$2431 ($adff) from module tt_um_xeniarose_sha256 (D = $procmux$1098_Y, Q = \register_file[1] [15:8]).
Adding EN signal on $procdff$2431 ($adff) from module tt_um_xeniarose_sha256 (D = $procmux$1302_Y, Q = \register_file[1] [7:0]).
Adding EN signal on $procdff$2431 ($adff) from module tt_um_xeniarose_sha256 (D = $procmux$1752_Y, Q = \register_file[1] [31:24]).
Adding EN signal on $procdff$2431 ($adff) from module tt_um_xeniarose_sha256 (D = $procmux$904_Y, Q = \register_file[1] [23:16]).
Adding EN signal on $procdff$2426 ($adff) from module tt_um_xeniarose_sha256 (D = $procmux$1122_Y, Q = \register_file[0] [15:8]).
Adding EN signal on $procdff$2426 ($adff) from module tt_um_xeniarose_sha256 (D = $procmux$1327_Y, Q = \register_file[0] [7:0]).
Adding EN signal on $procdff$2426 ($adff) from module tt_um_xeniarose_sha256 (D = $procmux$1774_Y, Q = \register_file[0] [31:24]).
Adding EN signal on $procdff$2426 ($adff) from module tt_um_xeniarose_sha256 (D = $procmux$927_Y, Q = \register_file[0] [23:16]).
Adding EN signal on $procdff$2421 ($adff) from module tt_um_xeniarose_sha256 (D = $procmux$1830_Y, Q = \io_out).

8.19.7. Executing OPT_CLEAN pass (remove unused cells and wires).
Finding unused cells or wires in module $paramod$7ad91cb4a00e7f80cf930fd17c51f82b06b63f61\uart..
Finding unused cells or wires in module $paramod\hmac_sha256\MSG_BITS=s32'00000000000000000000000011100000..
Finding unused cells or wires in module \auth_chip_top..
Finding unused cells or wires in module \protocol..
Finding unused cells or wires in module \secure_store..
Finding unused cells or wires in module \sha256_tt07..
Finding unused cells or wires in module \tt_um_xeniarose_sha256..
Removed 130 unused cells and 121 unused wires.
<suppressed ~136 debug messages>

8.19.8. Executing OPT_EXPR pass (perform const folding).
Optimizing module $paramod$7ad91cb4a00e7f80cf930fd17c51f82b06b63f61\uart.
<suppressed ~5 debug messages>
Optimizing module $paramod\hmac_sha256\MSG_BITS=s32'00000000000000000000000011100000.
<suppressed ~2 debug messages>
Optimizing module auth_chip_top.
Optimizing module protocol.
<suppressed ~6 debug messages>
Optimizing module secure_store.
Optimizing module sha256_tt07.
<suppressed ~4 debug messages>
Optimizing module tt_um_xeniarose_sha256.
<suppressed ~32 debug messages>

8.19.9. Rerunning OPT passes. (Maybe there is more to do..)

8.19.10. Executing OPT_MUXTREE pass (detect dead branches in mux trees).
Running muxtree optimizer on module $paramod$7ad91cb4a00e7f80cf930fd17c51f82b06b63f61\uart..
  Creating internal representation of mux trees.
  Evaluating internal representation of mux trees.
  Analyzing evaluation results.
Running muxtree optimizer on module $paramod\hmac_sha256\MSG_BITS=s32'00000000000000000000000011100000..
  Creating internal representation of mux trees.
  Evaluating internal representation of mux trees.
  Analyzing evaluation results.
Running muxtree optimizer on module \auth_chip_top..
  Creating internal representation of mux trees.
  No muxes found in this module.
Running muxtree optimizer on module \protocol..
  Creating internal representation of mux trees.
  Evaluating internal representation of mux trees.
  Analyzing evaluation results.
Running muxtree optimizer on module \secure_store..
  Creating internal representation of mux trees.
  Evaluating internal representation of mux trees.
  Analyzing evaluation results.
Running muxtree optimizer on module \sha256_tt07..
  Creating internal representation of mux trees.
  Evaluating internal representation of mux trees.
  Analyzing evaluation results.
Running muxtree optimizer on module \tt_um_xeniarose_sha256..
  Creating internal representation of mux trees.
  Evaluating internal representation of mux trees.
  Analyzing evaluation results.
Removed 0 multiplexer ports.
<suppressed ~70 debug messages>

8.19.11. Executing OPT_REDUCE pass (consolidate $*mux and $reduce_* inputs).
  Optimizing cells in module $paramod$7ad91cb4a00e7f80cf930fd17c51f82b06b63f61\uart.
  Optimizing cells in module $paramod\hmac_sha256\MSG_BITS=s32'00000000000000000000000011100000.
  Optimizing cells in module \auth_chip_top.
  Optimizing cells in module \protocol.
  Optimizing cells in module \secure_store.
  Optimizing cells in module \sha256_tt07.
  Optimizing cells in module \tt_um_xeniarose_sha256.
Performed a total of 0 changes.

8.19.12. Executing OPT_MERGE pass (detect identical cells).
Finding identical cells in module `$paramod$7ad91cb4a00e7f80cf930fd17c51f82b06b63f61\uart'.
<suppressed ~21 debug messages>
Finding identical cells in module `$paramod\hmac_sha256\MSG_BITS=s32'00000000000000000000000011100000'.
<suppressed ~6 debug messages>
Finding identical cells in module `\auth_chip_top'.
Finding identical cells in module `\protocol'.
<suppressed ~18 debug messages>
Finding identical cells in module `\secure_store'.
Finding identical cells in module `\sha256_tt07'.
<suppressed ~24 debug messages>
Finding identical cells in module `\tt_um_xeniarose_sha256'.
<suppressed ~294 debug messages>
Removed a total of 121 cells.

8.19.13. Executing OPT_DFF pass (perform DFF optimizations).
Setting constant 0-bit at position 1 on $procdff$2736 ($adff) from module protocol.
Setting constant 0-bit at position 4 on $procdff$2736 ($adff) from module protocol.

8.19.14. Executing OPT_CLEAN pass (remove unused cells and wires).
Finding unused cells or wires in module $paramod$7ad91cb4a00e7f80cf930fd17c51f82b06b63f61\uart..
Finding unused cells or wires in module $paramod\hmac_sha256\MSG_BITS=s32'00000000000000000000000011100000..
Finding unused cells or wires in module \auth_chip_top..
Finding unused cells or wires in module \protocol..
Finding unused cells or wires in module \secure_store..
Finding unused cells or wires in module \sha256_tt07..
Finding unused cells or wires in module \tt_um_xeniarose_sha256..
Removed 0 unused cells and 121 unused wires.
<suppressed ~5 debug messages>

8.19.15. Executing OPT_EXPR pass (perform const folding).
Optimizing module $paramod$7ad91cb4a00e7f80cf930fd17c51f82b06b63f61\uart.
Optimizing module $paramod\hmac_sha256\MSG_BITS=s32'00000000000000000000000011100000.
Optimizing module auth_chip_top.
Optimizing module protocol.
Optimizing module secure_store.
Optimizing module sha256_tt07.
Optimizing module tt_um_xeniarose_sha256.

8.19.16. Rerunning OPT passes. (Maybe there is more to do..)

8.19.17. Executing OPT_MUXTREE pass (detect dead branches in mux trees).
Running muxtree optimizer on module $paramod$7ad91cb4a00e7f80cf930fd17c51f82b06b63f61\uart..
  Creating internal representation of mux trees.
  Evaluating internal representation of mux trees.
  Analyzing evaluation results.
Running muxtree optimizer on module $paramod\hmac_sha256\MSG_BITS=s32'00000000000000000000000011100000..
  Creating internal representation of mux trees.
  Evaluating internal representation of mux trees.
  Analyzing evaluation results.
Running muxtree optimizer on module \auth_chip_top..
  Creating internal representation of mux trees.
  No muxes found in this module.
Running muxtree optimizer on module \protocol..
  Creating internal representation of mux trees.
  Evaluating internal representation of mux trees.
  Analyzing evaluation results.
Running muxtree optimizer on module \secure_store..
  Creating internal representation of mux trees.
  Evaluating internal representation of mux trees.
  Analyzing evaluation results.
Running muxtree optimizer on module \sha256_tt07..
  Creating internal representation of mux trees.
  Evaluating internal representation of mux trees.
  Analyzing evaluation results.
Running muxtree optimizer on module \tt_um_xeniarose_sha256..
  Creating internal representation of mux trees.
  Evaluating internal representation of mux trees.
  Analyzing evaluation results.
Removed 0 multiplexer ports.
<suppressed ~79 debug messages>

8.19.18. Executing OPT_REDUCE pass (consolidate $*mux and $reduce_* inputs).
  Optimizing cells in module $paramod$7ad91cb4a00e7f80cf930fd17c51f82b06b63f61\uart.
  Optimizing cells in module $paramod\hmac_sha256\MSG_BITS=s32'00000000000000000000000011100000.
  Optimizing cells in module \auth_chip_top.
  Optimizing cells in module \protocol.
  Optimizing cells in module \secure_store.
  Optimizing cells in module \sha256_tt07.
  Optimizing cells in module \tt_um_xeniarose_sha256.
Performed a total of 0 changes.

8.19.19. Executing OPT_MERGE pass (detect identical cells).
Finding identical cells in module `$paramod$7ad91cb4a00e7f80cf930fd17c51f82b06b63f61\uart'.
Finding identical cells in module `$paramod\hmac_sha256\MSG_BITS=s32'00000000000000000000000011100000'.
Finding identical cells in module `\auth_chip_top'.
Finding identical cells in module `\protocol'.
Finding identical cells in module `\secure_store'.
Finding identical cells in module `\sha256_tt07'.
Finding identical cells in module `\tt_um_xeniarose_sha256'.
Removed a total of 0 cells.

8.19.20. Executing OPT_DFF pass (perform DFF optimizations).

8.19.21. Executing OPT_CLEAN pass (remove unused cells and wires).
Finding unused cells or wires in module $paramod$7ad91cb4a00e7f80cf930fd17c51f82b06b63f61\uart..
Finding unused cells or wires in module $paramod\hmac_sha256\MSG_BITS=s32'00000000000000000000000011100000..
Finding unused cells or wires in module \auth_chip_top..
Finding unused cells or wires in module \protocol..
Finding unused cells or wires in module \secure_store..
Finding unused cells or wires in module \sha256_tt07..
Finding unused cells or wires in module \tt_um_xeniarose_sha256..

8.19.22. Executing OPT_EXPR pass (perform const folding).
Optimizing module $paramod$7ad91cb4a00e7f80cf930fd17c51f82b06b63f61\uart.
Optimizing module $paramod\hmac_sha256\MSG_BITS=s32'00000000000000000000000011100000.
Optimizing module auth_chip_top.
Optimizing module protocol.
Optimizing module secure_store.
Optimizing module sha256_tt07.
Optimizing module tt_um_xeniarose_sha256.

8.19.23. Finished OPT passes. (There is nothing left to do.)

8.20. Executing WREDUCE pass (reducing word size of cells).
Removed top 8 bits (of 16) from port B of cell $paramod$7ad91cb4a00e7f80cf930fd17c51f82b06b63f61\uart.$eq$src/uart.v:67$416 ($eq).
Removed top 7 bits (of 16) from port B of cell $paramod$7ad91cb4a00e7f80cf930fd17c51f82b06b63f61\uart.$eq$src/uart.v:80$419 ($eq).
Removed top 2 bits (of 3) from port B of cell $paramod$7ad91cb4a00e7f80cf930fd17c51f82b06b63f61\uart.$add$src/uart.v:84$421 ($add).
Removed top 15 bits (of 16) from port B of cell $paramod$7ad91cb4a00e7f80cf930fd17c51f82b06b63f61\uart.$add$src/uart.v:100$424 ($add).
Removed top 7 bits (of 16) from port B of cell $paramod$7ad91cb4a00e7f80cf930fd17c51f82b06b63f61\uart.$eq$src/uart.v:137$429 ($eq).
Removed top 3 bits (of 4) from port B of cell $paramod$7ad91cb4a00e7f80cf930fd17c51f82b06b63f61\uart.$add$src/uart.v:143$431 ($add).
Removed top 15 bits (of 16) from port B of cell $paramod$7ad91cb4a00e7f80cf930fd17c51f82b06b63f61\uart.$add$src/uart.v:147$434 ($add).
Removed top 1 bits (of 2) from port B of cell $paramod$7ad91cb4a00e7f80cf930fd17c51f82b06b63f61\uart.$auto$opt_dff.cc:195:make_patterns_logic$2918 ($ne).
Removed top 1 bits (of 3) from port B of cell $paramod$7ad91cb4a00e7f80cf930fd17c51f82b06b63f61\uart.$procmux$2038_CMP0 ($eq).
Removed top 1 bits (of 3) from port B of cell $paramod$7ad91cb4a00e7f80cf930fd17c51f82b06b63f61\uart.$procmux$2046_CMP0 ($eq).
Removed top 2 bits (of 3) from port B of cell $paramod$7ad91cb4a00e7f80cf930fd17c51f82b06b63f61\uart.$procmux$2064_CMP0 ($eq).
Removed top 1 bits (of 3) from mux cell $paramod$7ad91cb4a00e7f80cf930fd17c51f82b06b63f61\uart.$procmux$2104 ($mux).
Removed top 1 bits (of 3) from wire $paramod$7ad91cb4a00e7f80cf930fd17c51f82b06b63f61\uart.$procmux$2104_Y.
Removed top 1 bits (of 10) from wire $paramod$7ad91cb4a00e7f80cf930fd17c51f82b06b63f61\uart.t_sh.
Removed top 1 bits (of 2) from port B of cell $paramod\hmac_sha256\MSG_BITS=s32'00000000000000000000000011100000.$eq$src/hmac_sha256.v:131$408 ($eq).
Removed top 1 bits (of 2) from port B of cell $paramod\hmac_sha256\MSG_BITS=s32'00000000000000000000000011100000.$add$src/hmac_sha256.v:140$410 ($add).
Removed top 1 bits (of 2) from port B of cell $paramod\hmac_sha256\MSG_BITS=s32'00000000000000000000000011100000.$procmux$2341_CMP0 ($eq).
Removed top 1 bits (of 2) from mux cell $paramod\hmac_sha256\MSG_BITS=s32'00000000000000000000000011100000.$procmux$2379 ($mux).
Removed top 1 bits (of 2) from wire $paramod\hmac_sha256\MSG_BITS=s32'00000000000000000000000011100000.$procmux$2379_Y.
Removed top 1 bits (of 3) from port B of cell protocol.$eq$src/protocol.v:107$30 ($eq).
Removed top 3 bits (of 8) from port B of cell protocol.$eq$src/protocol.v:110$33 ($eq).
Removed top 3 bits (of 8) from port B of cell protocol.$eq$src/protocol.v:111$36 ($eq).
Removed top 3 bits (of 8) from port B of cell protocol.$eq$src/protocol.v:112$39 ($eq).
Removed top 6 bits (of 8) from port B of cell protocol.$eq$src/protocol.v:113$42 ($eq).
Removed top 1 bits (of 3) from port B of cell protocol.$eq$src/protocol.v:115$44 ($eq).
Removed top 2 bits (of 6) from port B of cell protocol.$le$src/protocol.v:122$49 ($le).
Removed top 28 bits (of 32) from port A of cell protocol.$sub$src/protocol.v:123$50 ($sub).
Removed top 25 bits (of 32) from port Y of cell protocol.$sub$src/protocol.v:123$50 ($sub).
Removed top 22 bits (of 32) from port B of cell protocol.$shiftx$src/protocol.v:0$53 ($shiftx).
Removed top 2 bits (of 6) from port B of cell protocol.$le$src/protocol.v:124$54 ($le).
Removed top 28 bits (of 32) from port A of cell protocol.$sub$src/protocol.v:125$55 ($sub).
Removed top 25 bits (of 32) from port Y of cell protocol.$sub$src/protocol.v:125$55 ($sub).
Removed top 22 bits (of 32) from port B of cell protocol.$shiftx$src/protocol.v:0$58 ($shiftx).
Removed top 26 bits (of 32) from port A of cell protocol.$sub$src/protocol.v:127$59 ($sub).
Removed top 25 bits (of 32) from port Y of cell protocol.$sub$src/protocol.v:127$59 ($sub).
Removed top 22 bits (of 32) from port B of cell protocol.$shiftx$src/protocol.v:0$62 ($shiftx).
Removed top 6 bits (of 8) from port B of cell protocol.$eq$src/protocol.v:161$66 ($eq).
Removed top 3 bits (of 8) from port B of cell protocol.$eq$src/protocol.v:161$67 ($eq).
Removed top 3 bits (of 8) from port B of cell protocol.$eq$src/protocol.v:162$69 ($eq).
Removed top 5 bits (of 6) from port B of cell protocol.$add$src/protocol.v:172$71 ($add).
Removed top 31 bits (of 32) from port B of cell protocol.$add$src/protocol.v:176$74 ($add).
Removed top 9 bits (of 32) from port B of cell protocol.$ge$src/protocol.v:177$75 ($ge).
Removed top 7 bits (of 8) from port B of cell protocol.$eq$src/protocol.v:189$76 ($eq).
Removed top 5 bits (of 6) from port B of cell protocol.$sub$src/protocol.v:218$85 ($sub).
Removed top 5 bits (of 6) from port B of cell protocol.$add$src/protocol.v:221$87 ($add).
Removed top 1 bits (of 2) from port B of cell protocol.$auto$opt_dff.cc:195:make_patterns_logic$2971 ($ne).
Removed top 2 bits (of 3) from port B of cell protocol.$auto$fsm_map.cc:77:implement_pattern_cache$2805 ($eq).
Removed top 1 bits (of 3) from port B of cell protocol.$auto$opt_dff.cc:195:make_patterns_logic$3021 ($ne).
Removed top 2 bits (of 3) from port B of cell protocol.$procmux$2186_CMP0 ($eq).
Removed top 1 bits (of 3) from mux cell protocol.$procmux$2256 ($mux).
Removed top 1 bits (of 3) from wire protocol.$procmux$2256_Y.
Removed top 3 bits (of 32) from wire protocol.$sub$src/protocol.v:123$50_Y.
Removed top 3 bits (of 32) from wire protocol.$sub$src/protocol.v:125$55_Y.
Removed top 3 bits (of 32) from wire protocol.$sub$src/protocol.v:127$59_Y.
Removed top 31 bits (of 32) from port B of cell secure_store.$add$src/secure_store.v:75$110 ($add).
Removed top 1 bits (of 2) from port B of cell secure_store.$auto$opt_dff.cc:195:make_patterns_logic$3035 ($ne).
Removed top 26 address bits (of 32) from memory init port sha256_tt07.$auto$mem.cc:328:emit$438 ($auto$proc_rom.cc:155:do_switch$436).
Removed top 3 bits (of 32) from port B of cell sha256_tt07.$xor$src/tt07_SHA256.v:105$126 ($xor).
Removed top 10 bits (of 32) from port B of cell sha256_tt07.$xor$src/tt07_SHA256.v:106$129 ($xor).
Removed top 23 bits (of 32) from port B of cell sha256_tt07.$shiftx$src/tt07_SHA256.v:0$135 ($shiftx).
Removed top 26 bits (of 32) from port B of cell sha256_tt07.$shiftx$src/tt07_SHA256.v:0$138 ($shiftx).
Removed top 26 bits (of 32) from port B of cell sha256_tt07.$shiftx$src/tt07_SHA256.v:0$141 ($shiftx).
Removed top 26 bits (of 32) from port B of cell sha256_tt07.$shiftx$src/tt07_SHA256.v:0$143 ($shiftx).
Removed top 5 bits (of 6) from port B of cell sha256_tt07.$add$src/tt07_SHA256.v:195$148 ($add).
Removed top 1 bits (of 6) from port B of cell sha256_tt07.$eq$src/tt07_SHA256.v:196$149 ($eq).
Removed top 2 bits (of 6) from port B of cell sha256_tt07.$eq$src/tt07_SHA256.v:204$151 ($eq).
Removed top 5 bits (of 6) from port B of cell sha256_tt07.$add$src/tt07_SHA256.v:207$152 ($add).
Removed top 4 bits (of 6) from port B of cell sha256_tt07.$eq$src/tt07_SHA256.v:235$160 ($eq).
Removed top 1 bits (of 3) from port B of cell sha256_tt07.$procmux$1851_CMP0 ($eq).
Removed top 1 bits (of 3) from port B of cell sha256_tt07.$procmux$1859_CMP0 ($eq).
Removed top 2 bits (of 3) from port B of cell sha256_tt07.$procmux$1890_CMP0 ($eq).
Removed top 1 bits (of 2) from port B of cell sha256_tt07.$auto$opt_dff.cc:195:make_patterns_logic$3043 ($ne).
Removed top 3 bits (of 6) from mux cell sha256_tt07.$procmux$1938 ($mux).
Removed top 1 bits (of 6) from mux cell sha256_tt07.$procmux$1949 ($mux).
Removed top 1 bits (of 6) from wire sha256_tt07.$2\bus_addr[5:0].
Removed top 3 bits (of 6) from wire sha256_tt07.$3\bus_addr[5:0].
Removed top 2 bits (of 3) from port B of cell tt_um_xeniarose_sha256.$auto$opt_dff.cc:195:make_patterns_logic$3154 ($ne).
Removed top 2 bits (of 3) from port B of cell tt_um_xeniarose_sha256.$auto$opt_dff.cc:195:make_patterns_logic$3262 ($ne).
Removed top 1 bits (of 3) from port B of cell tt_um_xeniarose_sha256.$auto$opt_dff.cc:195:make_patterns_logic$3163 ($ne).
Removed top 1 bits (of 3) from port B of cell tt_um_xeniarose_sha256.$auto$opt_dff.cc:195:make_patterns_logic$3224 ($ne).
Removed top 1 bits (of 3) from port B of cell tt_um_xeniarose_sha256.$auto$opt_dff.cc:195:make_patterns_logic$3199 ($ne).
Removed top 2 bits (of 3) from port B of cell tt_um_xeniarose_sha256.$auto$opt_dff.cc:195:make_patterns_logic$3190 ($ne).
Removed top 1 bits (of 4) from port B of cell tt_um_xeniarose_sha256.$procmux$1008_CMP0 ($eq).
Removed top 1 bits (of 2) from port B of cell tt_um_xeniarose_sha256.$procmux$1010_CMP0 ($eq).
Removed top 1 bits (of 4) from port B of cell tt_um_xeniarose_sha256.$procmux$1028_CMP0 ($eq).
Removed top 2 bits (of 4) from port B of cell tt_um_xeniarose_sha256.$procmux$1049_CMP0 ($eq).
Removed top 2 bits (of 4) from port B of cell tt_um_xeniarose_sha256.$procmux$1071_CMP0 ($eq).
Removed top 3 bits (of 4) from port B of cell tt_um_xeniarose_sha256.$procmux$1094_CMP0 ($eq).
Removed top 1 bits (of 4) from port B of cell tt_um_xeniarose_sha256.$procmux$1169_CMP0 ($eq).
Removed top 2 bits (of 3) from port B of cell tt_um_xeniarose_sha256.$auto$opt_dff.cc:195:make_patterns_logic$3334 ($ne).
Removed top 1 bits (of 4) from port B of cell tt_um_xeniarose_sha256.$procmux$1188_CMP0 ($eq).
Removed top 2 bits (of 3) from port B of cell tt_um_xeniarose_sha256.$auto$opt_dff.cc:195:make_patterns_logic$3298 ($ne).
Removed top 2 bits (of 3) from port B of cell tt_um_xeniarose_sha256.$auto$opt_dff.cc:195:make_patterns_logic$3370 ($ne).
Removed top 2 bits (of 3) from port B of cell tt_um_xeniarose_sha256.$auto$opt_dff.cc:195:make_patterns_logic$3406 ($ne).

8.21. Executing PEEPOPT pass (run peephole optimizers).

8.22. Executing OPT_CLEAN pass (remove unused cells and wires).
Finding unused cells or wires in module $paramod$7ad91cb4a00e7f80cf930fd17c51f82b06b63f61\uart..
Finding unused cells or wires in module $paramod\hmac_sha256\MSG_BITS=s32'00000000000000000000000011100000..
Finding unused cells or wires in module \auth_chip_top..
Finding unused cells or wires in module \protocol..
Finding unused cells or wires in module \secure_store..
Finding unused cells or wires in module \sha256_tt07..
Finding unused cells or wires in module \tt_um_xeniarose_sha256..
Removed 0 unused cells and 12 unused wires.
<suppressed ~4 debug messages>

8.23. Executing SHARE pass (SAT-based resource sharing).

8.24. Executing TECHMAP pass (map to technology primitives).

8.24.1. Executing Verilog-2005 frontend: /usr/bin/../share/yosys/cmp2lut.v
Parsing Verilog input from `/usr/bin/../share/yosys/cmp2lut.v' to AST representation.
Generating RTLIL representation for module `\_90_lut_cmp_'.
Successfully finished Verilog frontend.

8.24.2. Continuing TECHMAP pass.
Using template $paramod$c4a6efb1f7b15d89ed163a489bdb4df4c1affdf8\_90_lut_cmp_ for cells of type $le.
Using template $paramod$59d7e291a5a03d034c3f3fc33c7cea8fe8dbf510\_90_lut_cmp_ for cells of type $le.
No more expansions possible.
<suppressed ~96 debug messages>

8.25. Executing OPT_EXPR pass (perform const folding).
Optimizing module $paramod$7ad91cb4a00e7f80cf930fd17c51f82b06b63f61\uart.
Optimizing module $paramod\hmac_sha256\MSG_BITS=s32'00000000000000000000000011100000.
Optimizing module auth_chip_top.
Optimizing module protocol.
Optimizing module secure_store.
Optimizing module sha256_tt07.
Optimizing module tt_um_xeniarose_sha256.

8.26. Executing OPT_CLEAN pass (remove unused cells and wires).
Finding unused cells or wires in module $paramod$7ad91cb4a00e7f80cf930fd17c51f82b06b63f61\uart..
Finding unused cells or wires in module $paramod\hmac_sha256\MSG_BITS=s32'00000000000000000000000011100000..
Finding unused cells or wires in module \auth_chip_top..
Finding unused cells or wires in module \protocol..
Finding unused cells or wires in module \secure_store..
Finding unused cells or wires in module \sha256_tt07..
Finding unused cells or wires in module \tt_um_xeniarose_sha256..
Removed 0 unused cells and 6 unused wires.
<suppressed ~1 debug messages>

8.27. Executing TECHMAP pass (map to technology primitives).

8.27.1. Executing Verilog-2005 frontend: /usr/bin/../share/yosys/mul2dsp.v
Parsing Verilog input from `/usr/bin/../share/yosys/mul2dsp.v' to AST representation.
Generating RTLIL representation for module `\_80_mul'.
Generating RTLIL representation for module `\_90_soft_mul'.
Successfully finished Verilog frontend.

8.27.2. Continuing TECHMAP pass.
No more expansions possible.
<suppressed ~4 debug messages>

8.28. Executing TECHMAP pass (map to technology primitives).

8.28.1. Executing Verilog-2005 frontend: /usr/bin/../share/yosys/mul2dsp.v
Parsing Verilog input from `/usr/bin/../share/yosys/mul2dsp.v' to AST representation.
Generating RTLIL representation for module `\_80_mul'.
Generating RTLIL representation for module `\_90_soft_mul'.
Successfully finished Verilog frontend.

8.28.2. Continuing TECHMAP pass.
No more expansions possible.
<suppressed ~4 debug messages>

8.29. Executing TECHMAP pass (map to technology primitives).

8.29.1. Executing Verilog-2005 frontend: /usr/bin/../share/yosys/mul2dsp.v
Parsing Verilog input from `/usr/bin/../share/yosys/mul2dsp.v' to AST representation.
Generating RTLIL representation for module `\_80_mul'.
Generating RTLIL representation for module `\_90_soft_mul'.
Successfully finished Verilog frontend.

8.29.2. Continuing TECHMAP pass.
No more expansions possible.
<suppressed ~4 debug messages>

8.30. Executing TECHMAP pass (map to technology primitives).

8.30.1. Executing Verilog-2005 frontend: /usr/bin/../share/yosys/mul2dsp.v
Parsing Verilog input from `/usr/bin/../share/yosys/mul2dsp.v' to AST representation.
Generating RTLIL representation for module `\_80_mul'.
Generating RTLIL representation for module `\_90_soft_mul'.
Successfully finished Verilog frontend.

8.30.2. Continuing TECHMAP pass.
No more expansions possible.
<suppressed ~4 debug messages>

8.31. Executing TECHMAP pass (map to technology primitives).

8.31.1. Executing Verilog-2005 frontend: /usr/bin/../share/yosys/mul2dsp.v
Parsing Verilog input from `/usr/bin/../share/yosys/mul2dsp.v' to AST representation.
Generating RTLIL representation for module `\_80_mul'.
Generating RTLIL representation for module `\_90_soft_mul'.
Successfully finished Verilog frontend.

8.31.2. Continuing TECHMAP pass.
No more expansions possible.
<suppressed ~4 debug messages>

8.32. Executing ALUMACC pass (create $alu and $macc cells).
Extracting $alu and $macc cells in module $paramod$7ad91cb4a00e7f80cf930fd17c51f82b06b63f61\uart:
  creating $macc model for $add$src/uart.v:100$424 ($add).
  creating $macc model for $add$src/uart.v:143$431 ($add).
  creating $macc model for $add$src/uart.v:147$434 ($add).
  creating $macc model for $add$src/uart.v:84$421 ($add).
  creating $alu model for $macc $add$src/uart.v:84$421.
  creating $alu model for $macc $add$src/uart.v:147$434.
  creating $alu model for $macc $add$src/uart.v:143$431.
  creating $alu model for $macc $add$src/uart.v:100$424.
  creating $alu cell for $add$src/uart.v:100$424: $auto$alumacc.cc:495:replace_alu$3456
  creating $alu cell for $add$src/uart.v:143$431: $auto$alumacc.cc:495:replace_alu$3459
  creating $alu cell for $add$src/uart.v:147$434: $auto$alumacc.cc:495:replace_alu$3462
  creating $alu cell for $add$src/uart.v:84$421: $auto$alumacc.cc:495:replace_alu$3465
  created 4 $alu and 0 $macc cells.
Extracting $alu and $macc cells in module $paramod\hmac_sha256\MSG_BITS=s32'00000000000000000000000011100000:
  creating $macc model for $add$src/hmac_sha256.v:140$410 ($add).
  creating $alu model for $macc $add$src/hmac_sha256.v:140$410.
  creating $alu cell for $add$src/hmac_sha256.v:140$410: $auto$alumacc.cc:495:replace_alu$3468
  created 1 $alu and 0 $macc cells.
Extracting $alu and $macc cells in module auth_chip_top:
  created 0 $alu and 0 $macc cells.
Extracting $alu and $macc cells in module protocol:
  creating $macc model for $add$src/protocol.v:172$71 ($add).
  creating $macc model for $add$src/protocol.v:176$74 ($add).
  creating $macc model for $add$src/protocol.v:221$87 ($add).
  creating $macc model for $sub$src/protocol.v:123$50 ($sub).
  creating $macc model for $sub$src/protocol.v:125$55 ($sub).
  creating $macc model for $sub$src/protocol.v:127$59 ($sub).
  creating $macc model for $sub$src/protocol.v:218$85 ($sub).
  creating $alu model for $macc $sub$src/protocol.v:218$85.
  creating $alu model for $macc $sub$src/protocol.v:127$59.
  creating $alu model for $macc $sub$src/protocol.v:125$55.
  creating $alu model for $macc $sub$src/protocol.v:123$50.
  creating $alu model for $macc $add$src/protocol.v:221$87.
  creating $alu model for $macc $add$src/protocol.v:176$74.
  creating $alu model for $macc $add$src/protocol.v:172$71.
  creating $alu model for $ge$src/protocol.v:177$75 ($ge): new $alu
  creating $alu cell for $ge$src/protocol.v:177$75: $auto$alumacc.cc:495:replace_alu$3472
  creating $alu cell for $add$src/protocol.v:172$71: $auto$alumacc.cc:495:replace_alu$3485
  creating $alu cell for $add$src/protocol.v:176$74: $auto$alumacc.cc:495:replace_alu$3488
  creating $alu cell for $add$src/protocol.v:221$87: $auto$alumacc.cc:495:replace_alu$3491
  creating $alu cell for $sub$src/protocol.v:123$50: $auto$alumacc.cc:495:replace_alu$3494
  creating $alu cell for $sub$src/protocol.v:125$55: $auto$alumacc.cc:495:replace_alu$3497
  creating $alu cell for $sub$src/protocol.v:127$59: $auto$alumacc.cc:495:replace_alu$3500
  creating $alu cell for $sub$src/protocol.v:218$85: $auto$alumacc.cc:495:replace_alu$3503
  created 8 $alu and 0 $macc cells.
Extracting $alu and $macc cells in module secure_store:
  creating $macc model for $add$src/secure_store.v:75$110 ($add).
  creating $alu model for $macc $add$src/secure_store.v:75$110.
  creating $alu cell for $add$src/secure_store.v:75$110: $auto$alumacc.cc:495:replace_alu$3506
  created 1 $alu and 0 $macc cells.
Extracting $alu and $macc cells in module sha256_tt07:
  creating $macc model for $add$src/tt07_SHA256.v:107$130 ($add).
  creating $macc model for $add$src/tt07_SHA256.v:107$131 ($add).
  creating $macc model for $add$src/tt07_SHA256.v:107$132 ($add).
  creating $macc model for $add$src/tt07_SHA256.v:195$148 ($add).
  creating $macc model for $add$src/tt07_SHA256.v:207$152 ($add).
  creating $macc model for $add$src/tt07_SHA256.v:221$157 ($add).
  merging $macc model for $add$src/tt07_SHA256.v:107$131 into $add$src/tt07_SHA256.v:107$132.
  merging $macc model for $add$src/tt07_SHA256.v:107$130 into $add$src/tt07_SHA256.v:107$132.
  creating $alu model for $macc $add$src/tt07_SHA256.v:195$148.
  creating $alu model for $macc $add$src/tt07_SHA256.v:207$152.
  creating $alu model for $macc $add$src/tt07_SHA256.v:221$157.
  creating $macc cell for $add$src/tt07_SHA256.v:107$132: $auto$alumacc.cc:365:replace_macc$3509
  creating $alu cell for $add$src/tt07_SHA256.v:221$157: $auto$alumacc.cc:495:replace_alu$3510
  creating $alu cell for $add$src/tt07_SHA256.v:207$152: $auto$alumacc.cc:495:replace_alu$3513
  creating $alu cell for $add$src/tt07_SHA256.v:195$148: $auto$alumacc.cc:495:replace_alu$3516
  created 3 $alu and 1 $macc cells.
Extracting $alu and $macc cells in module tt_um_xeniarose_sha256:
  creating $macc model for $add$src/tt07_baseline/project.v:66$180 ($add).
  creating $macc model for $add$src/tt07_baseline/project.v:66$181 ($add).
  creating $macc model for $add$src/tt07_baseline/project.v:66$182 ($add).
  creating $macc model for $add$src/tt07_baseline/project.v:66$183 ($add).
  creating $macc model for $add$src/tt07_baseline/project.v:70$191 ($add).
  creating $macc model for $add$src/tt07_baseline/project.v:94$267 ($add).
  creating $macc model for $add$src/tt07_baseline/project.v:98$268 ($add).
  merging $macc model for $add$src/tt07_baseline/project.v:70$191 into $add$src/tt07_baseline/project.v:94$267.
  merging $macc model for $add$src/tt07_baseline/project.v:66$182 into $add$src/tt07_baseline/project.v:66$183.
  merging $macc model for $add$src/tt07_baseline/project.v:66$181 into $add$src/tt07_baseline/project.v:66$183.
  merging $macc model for $add$src/tt07_baseline/project.v:66$180 into $add$src/tt07_baseline/project.v:66$183.
  creating $alu model for $macc $add$src/tt07_baseline/project.v:98$268.
  creating $macc cell for $add$src/tt07_baseline/project.v:94$267: $auto$alumacc.cc:365:replace_macc$3519
  creating $macc cell for $add$src/tt07_baseline/project.v:66$183: $auto$alumacc.cc:365:replace_macc$3520
  creating $alu cell for $add$src/tt07_baseline/project.v:98$268: $auto$alumacc.cc:495:replace_alu$3521
  created 1 $alu and 2 $macc cells.

8.33. Executing TECHMAP pass (map to technology primitives).

8.33.1. Executing Verilog-2005 frontend: /usr/bin/../share/yosys/intel_alm/common/arith_alm_map.v
Parsing Verilog input from `/usr/bin/../share/yosys/intel_alm/common/arith_alm_map.v' to AST representation.
Generating RTLIL representation for module `\$alu'.
Successfully finished Verilog frontend.

8.33.2. Executing Verilog-2005 frontend: /usr/bin/../share/yosys/intel_alm/common/dsp_map.v
Parsing Verilog input from `/usr/bin/../share/yosys/intel_alm/common/dsp_map.v' to AST representation.
Generating RTLIL representation for module `\__MUL27X27'.
Generating RTLIL representation for module `\__MUL18X18'.
Generating RTLIL representation for module `\__MUL9X9'.
Successfully finished Verilog frontend.

8.33.3. Continuing TECHMAP pass.
Using template $paramod$416f6d83e8779f01c8076a2b3ffaea8257e6bd0c\$alu for cells of type $alu.
Using template $paramod$9a7fd46be84957ee25d83365f847e4c78cfc8184\$alu for cells of type $alu.
Using template $paramod$654f36338ed3a135189e37e331e1774831c86200\$alu for cells of type $alu.
Using template $paramod$d3dffd2dd7f0270372414f2e4a1f3073f41ca3e9\$alu for cells of type $alu.
Using template $paramod$46ce0bf14dc8e4911f2f31e9d8d2958dddb6b37d\$alu for cells of type $alu.
Using template $paramod$d73fa72aced81c035f0c9c434bd5c8c25a79b934\$alu for cells of type $alu.
Using template $paramod$91bd6af0310e60a19b5f2dd3d61b6cc08b00f827\$alu for cells of type $alu.
Using template $paramod$d225ec5fdf482eaa4eedb9d282a0e1b0da9b7b46\$alu for cells of type $alu.
Using template $paramod$4d390c14c7ada643e28c1b1603603b46cb2755a8\$alu for cells of type $alu.
Using template $paramod$44dc17d904f443a4699fd935d915e2c2118e1f2a\$alu for cells of type $alu.
Using template $paramod$fe50c5de40aff49cd2b697ad543f16a09122a56f\$alu for cells of type $alu.
No more expansions possible.
<suppressed ~277 debug messages>

8.34. Executing OPT pass (performing simple optimizations).

8.34.1. Executing OPT_EXPR pass (perform const folding).
Optimizing module $paramod$7ad91cb4a00e7f80cf930fd17c51f82b06b63f61\uart.
<suppressed ~168 debug messages>
Optimizing module $paramod\hmac_sha256\MSG_BITS=s32'00000000000000000000000011100000.
<suppressed ~11 debug messages>
Optimizing module auth_chip_top.
Optimizing module protocol.
<suppressed ~438 debug messages>
Optimizing module secure_store.
<suppressed ~131 debug messages>
Optimizing module sha256_tt07.
<suppressed ~55 debug messages>
Optimizing module tt_um_xeniarose_sha256.
<suppressed ~1 debug messages>

8.34.2. Executing OPT_MERGE pass (detect identical cells).
Finding identical cells in module `$paramod$7ad91cb4a00e7f80cf930fd17c51f82b06b63f61\uart'.
Finding identical cells in module `$paramod\hmac_sha256\MSG_BITS=s32'00000000000000000000000011100000'.
Finding identical cells in module `\auth_chip_top'.
Finding identical cells in module `\protocol'.
<suppressed ~15 debug messages>
Finding identical cells in module `\secure_store'.
Finding identical cells in module `\sha256_tt07'.
Finding identical cells in module `\tt_um_xeniarose_sha256'.
Removed a total of 5 cells.

8.34.3. Executing OPT_MUXTREE pass (detect dead branches in mux trees).
Running muxtree optimizer on module $paramod$7ad91cb4a00e7f80cf930fd17c51f82b06b63f61\uart..
  Creating internal representation of mux trees.
  Evaluating internal representation of mux trees.
  Analyzing evaluation results.
Running muxtree optimizer on module $paramod\hmac_sha256\MSG_BITS=s32'00000000000000000000000011100000..
  Creating internal representation of mux trees.
  Evaluating internal representation of mux trees.
  Analyzing evaluation results.
Running muxtree optimizer on module \auth_chip_top..
  Creating internal representation of mux trees.
  No muxes found in this module.
Running muxtree optimizer on module \protocol..
  Creating internal representation of mux trees.
  Evaluating internal representation of mux trees.
  Analyzing evaluation results.
Running muxtree optimizer on module \secure_store..
  Creating internal representation of mux trees.
  Evaluating internal representation of mux trees.
  Analyzing evaluation results.
Running muxtree optimizer on module \sha256_tt07..
  Creating internal representation of mux trees.
  Evaluating internal representation of mux trees.
  Analyzing evaluation results.
Running muxtree optimizer on module \tt_um_xeniarose_sha256..
  Creating internal representation of mux trees.
  Evaluating internal representation of mux trees.
  Analyzing evaluation results.
Removed 0 multiplexer ports.
<suppressed ~79 debug messages>

8.34.4. Executing OPT_REDUCE pass (consolidate $*mux and $reduce_* inputs).
  Optimizing cells in module $paramod$7ad91cb4a00e7f80cf930fd17c51f82b06b63f61\uart.
  Optimizing cells in module $paramod\hmac_sha256\MSG_BITS=s32'00000000000000000000000011100000.
  Optimizing cells in module \auth_chip_top.
  Optimizing cells in module \protocol.
  Optimizing cells in module \secure_store.
  Optimizing cells in module \sha256_tt07.
  Optimizing cells in module \tt_um_xeniarose_sha256.
Performed a total of 0 changes.

8.34.5. Executing OPT_MERGE pass (detect identical cells).
Finding identical cells in module `$paramod$7ad91cb4a00e7f80cf930fd17c51f82b06b63f61\uart'.
Finding identical cells in module `$paramod\hmac_sha256\MSG_BITS=s32'00000000000000000000000011100000'.
Finding identical cells in module `\auth_chip_top'.
Finding identical cells in module `\protocol'.
Finding identical cells in module `\secure_store'.
Finding identical cells in module `\sha256_tt07'.
Finding identical cells in module `\tt_um_xeniarose_sha256'.
Removed a total of 0 cells.

8.34.6. Executing OPT_DFF pass (perform DFF optimizations).

8.34.7. Executing OPT_CLEAN pass (remove unused cells and wires).
Finding unused cells or wires in module $paramod$7ad91cb4a00e7f80cf930fd17c51f82b06b63f61\uart..
Finding unused cells or wires in module $paramod\hmac_sha256\MSG_BITS=s32'00000000000000000000000011100000..
Finding unused cells or wires in module \auth_chip_top..
Finding unused cells or wires in module \protocol..
Finding unused cells or wires in module \secure_store..
Finding unused cells or wires in module \sha256_tt07..
Finding unused cells or wires in module \tt_um_xeniarose_sha256..
Removed 835 unused cells and 1878 unused wires.
<suppressed ~859 debug messages>

8.34.8. Executing OPT_EXPR pass (perform const folding).
Optimizing module $paramod$7ad91cb4a00e7f80cf930fd17c51f82b06b63f61\uart.
Optimizing module $paramod\hmac_sha256\MSG_BITS=s32'00000000000000000000000011100000.
Optimizing module auth_chip_top.
Optimizing module protocol.
Optimizing module secure_store.
Optimizing module sha256_tt07.
Optimizing module tt_um_xeniarose_sha256.

8.34.9. Rerunning OPT passes. (Maybe there is more to do..)

8.34.10. Executing OPT_MUXTREE pass (detect dead branches in mux trees).
Running muxtree optimizer on module $paramod$7ad91cb4a00e7f80cf930fd17c51f82b06b63f61\uart..
  Creating internal representation of mux trees.
  Evaluating internal representation of mux trees.
  Analyzing evaluation results.
Running muxtree optimizer on module $paramod\hmac_sha256\MSG_BITS=s32'00000000000000000000000011100000..
  Creating internal representation of mux trees.
  Evaluating internal representation of mux trees.
  Analyzing evaluation results.
Running muxtree optimizer on module \auth_chip_top..
  Creating internal representation of mux trees.
  No muxes found in this module.
Running muxtree optimizer on module \protocol..
  Creating internal representation of mux trees.
  Evaluating internal representation of mux trees.
  Analyzing evaluation results.
Running muxtree optimizer on module \secure_store..
  Creating internal representation of mux trees.
  Evaluating internal representation of mux trees.
  Analyzing evaluation results.
Running muxtree optimizer on module \sha256_tt07..
  Creating internal representation of mux trees.
  Evaluating internal representation of mux trees.
  Analyzing evaluation results.
Running muxtree optimizer on module \tt_um_xeniarose_sha256..
  Creating internal representation of mux trees.
  Evaluating internal representation of mux trees.
  Analyzing evaluation results.
Removed 0 multiplexer ports.
<suppressed ~79 debug messages>

8.34.11. Executing OPT_REDUCE pass (consolidate $*mux and $reduce_* inputs).
  Optimizing cells in module $paramod$7ad91cb4a00e7f80cf930fd17c51f82b06b63f61\uart.
  Optimizing cells in module $paramod\hmac_sha256\MSG_BITS=s32'00000000000000000000000011100000.
  Optimizing cells in module \auth_chip_top.
  Optimizing cells in module \protocol.
  Optimizing cells in module \secure_store.
  Optimizing cells in module \sha256_tt07.
  Optimizing cells in module \tt_um_xeniarose_sha256.
Performed a total of 0 changes.

8.34.12. Executing OPT_MERGE pass (detect identical cells).
Finding identical cells in module `$paramod$7ad91cb4a00e7f80cf930fd17c51f82b06b63f61\uart'.
Finding identical cells in module `$paramod\hmac_sha256\MSG_BITS=s32'00000000000000000000000011100000'.
Finding identical cells in module `\auth_chip_top'.
Finding identical cells in module `\protocol'.
Finding identical cells in module `\secure_store'.
Finding identical cells in module `\sha256_tt07'.
Finding identical cells in module `\tt_um_xeniarose_sha256'.
Removed a total of 0 cells.

8.34.13. Executing OPT_DFF pass (perform DFF optimizations).

8.34.14. Executing OPT_CLEAN pass (remove unused cells and wires).
Finding unused cells or wires in module $paramod$7ad91cb4a00e7f80cf930fd17c51f82b06b63f61\uart..
Finding unused cells or wires in module $paramod\hmac_sha256\MSG_BITS=s32'00000000000000000000000011100000..
Finding unused cells or wires in module \auth_chip_top..
Finding unused cells or wires in module \protocol..
Finding unused cells or wires in module \secure_store..
Finding unused cells or wires in module \sha256_tt07..
Finding unused cells or wires in module \tt_um_xeniarose_sha256..

8.34.15. Executing OPT_EXPR pass (perform const folding).
Optimizing module $paramod$7ad91cb4a00e7f80cf930fd17c51f82b06b63f61\uart.
Optimizing module $paramod\hmac_sha256\MSG_BITS=s32'00000000000000000000000011100000.
Optimizing module auth_chip_top.
Optimizing module protocol.
Optimizing module secure_store.
Optimizing module sha256_tt07.
Optimizing module tt_um_xeniarose_sha256.

8.34.16. Finished OPT passes. (There is nothing left to do.)

8.35. Executing MEMORY pass.

8.35.1. Executing OPT_MEM pass (optimize memories).
Performed a total of 0 transformations.

8.35.2. Executing OPT_MEM_PRIORITY pass (removing unnecessary memory write priority relations).
Performed a total of 0 transformations.

8.35.3. Executing OPT_MEM_FEEDBACK pass (finding memory read-to-write feedback paths).

8.35.4. Executing MEMORY_BMUX2ROM pass (converting muxes to ROMs).

8.35.5. Executing MEMORY_DFF pass (merging $dff cells to $memrd).
Checking read port `$auto$proc_rom.cc:155:do_switch$436'[0] in module `\sha256_tt07': no output FF found.
Checking read port address `$auto$proc_rom.cc:155:do_switch$436'[0] in module `\sha256_tt07': address FF has async set and/or reset, not supported.

8.35.6. Executing OPT_CLEAN pass (remove unused cells and wires).
Finding unused cells or wires in module $paramod$7ad91cb4a00e7f80cf930fd17c51f82b06b63f61\uart..
Finding unused cells or wires in module $paramod\hmac_sha256\MSG_BITS=s32'00000000000000000000000011100000..
Finding unused cells or wires in module \auth_chip_top..
Finding unused cells or wires in module \protocol..
Finding unused cells or wires in module \secure_store..
Finding unused cells or wires in module \sha256_tt07..
Finding unused cells or wires in module \tt_um_xeniarose_sha256..

8.35.7. Executing MEMORY_SHARE pass (consolidating $memrd/$memwr cells).

8.35.8. Executing OPT_MEM_WIDEN pass (optimize memories where all ports are wide).
Performed a total of 0 transformations.

8.35.9. Executing OPT_CLEAN pass (remove unused cells and wires).
Finding unused cells or wires in module $paramod$7ad91cb4a00e7f80cf930fd17c51f82b06b63f61\uart..
Finding unused cells or wires in module $paramod\hmac_sha256\MSG_BITS=s32'00000000000000000000000011100000..
Finding unused cells or wires in module \auth_chip_top..
Finding unused cells or wires in module \protocol..
Finding unused cells or wires in module \secure_store..
Finding unused cells or wires in module \sha256_tt07..
Finding unused cells or wires in module \tt_um_xeniarose_sha256..

8.35.10. Executing MEMORY_COLLECT pass (generating $mem cells).

8.36. Executing OPT_CLEAN pass (remove unused cells and wires).
Finding unused cells or wires in module $paramod$7ad91cb4a00e7f80cf930fd17c51f82b06b63f61\uart..
Finding unused cells or wires in module $paramod\hmac_sha256\MSG_BITS=s32'00000000000000000000000011100000..
Finding unused cells or wires in module \auth_chip_top..
Finding unused cells or wires in module \protocol..
Finding unused cells or wires in module \secure_store..
Finding unused cells or wires in module \sha256_tt07..
Finding unused cells or wires in module \tt_um_xeniarose_sha256..

8.37. Executing MEMORY_BRAM pass (mapping $mem cells to block memories).
Processing sha256_tt07.$auto$proc_rom.cc:155:do_switch$436:
  Properties: ports=1 bits=2048 rports=1 wports=0 dbits=32 abits=6 words=64
  Checking rule #1 for bram type $__MISTRAL_M10K (variant 1):
    Bram geometry: abits=10 dbits=10 wports=0 rports=0
    Estimated number of duplicates for more read ports: dups=1
    Metrics for $__MISTRAL_M10K: awaste=960 dwaste=8 bwaste=10112 waste=10112 efficiency=5
    Rule #1 for bram type $__MISTRAL_M10K (variant 1) accepted.
    Mapping to bram type $__MISTRAL_M10K (variant 1):
      Read port #0 is in clock domain !~async~.
        Bram port B1.1 has incompatible clock type.
        Failed to map read port #0.
    Mapping to bram type $__MISTRAL_M10K failed.
  Checking rule #1 for bram type $__MISTRAL_M10K (variant 2):
    Bram geometry: abits=11 dbits=5 wports=0 rports=0
    Estimated number of duplicates for more read ports: dups=1
    Metrics for $__MISTRAL_M10K: awaste=1984 dwaste=3 bwaste=10112 waste=10112 efficiency=2
    Rule #1 for bram type $__MISTRAL_M10K (variant 2) rejected: requirement 'min efficiency 5' not met.
  Checking rule #1 for bram type $__MISTRAL_M10K (variant 3):
    Bram geometry: abits=8 dbits=40 wports=0 rports=0
    Estimated number of duplicates for more read ports: dups=1
    Metrics for $__MISTRAL_M10K: awaste=192 dwaste=8 bwaste=8192 waste=8192 efficiency=20
    Rule #1 for bram type $__MISTRAL_M10K (variant 3) accepted.
    Mapping to bram type $__MISTRAL_M10K (variant 3):
      Read port #0 is in clock domain !~async~.
        Bram port B1.1 has incompatible clock type.
        Failed to map read port #0.
    Mapping to bram type $__MISTRAL_M10K failed.
  Checking rule #1 for bram type $__MISTRAL_M10K (variant 4):
    Bram geometry: abits=12 dbits=2 wports=0 rports=0
    Estimated number of duplicates for more read ports: dups=1
    Metrics for $__MISTRAL_M10K: awaste=4032 dwaste=0 bwaste=8064 waste=8064 efficiency=1
    Rule #1 for bram type $__MISTRAL_M10K (variant 4) rejected: requirement 'min efficiency 5' not met.
  Checking rule #1 for bram type $__MISTRAL_M10K (variant 5):
    Bram geometry: abits=9 dbits=20 wports=0 rports=0
    Estimated number of duplicates for more read ports: dups=1
    Metrics for $__MISTRAL_M10K: awaste=448 dwaste=8 bwaste=9472 waste=9472 efficiency=10
    Rule #1 for bram type $__MISTRAL_M10K (variant 5) accepted.
    Mapping to bram type $__MISTRAL_M10K (variant 5):
      Read port #0 is in clock domain !~async~.
        Bram port B1.1 has incompatible clock type.
        Failed to map read port #0.
    Mapping to bram type $__MISTRAL_M10K failed.
  Checking rule #1 for bram type $__MISTRAL_M10K (variant 6):
    Bram geometry: abits=13 dbits=1 wports=0 rports=0
    Estimated number of duplicates for more read ports: dups=1
    Metrics for $__MISTRAL_M10K: awaste=8128 dwaste=0 bwaste=8128 waste=8128 efficiency=0
    Rule #1 for bram type $__MISTRAL_M10K (variant 6) rejected: requirement 'min efficiency 5' not met.
  No acceptable bram resources found.

8.38. Executing TECHMAP pass (map to technology primitives).

8.38.1. Executing Verilog-2005 frontend: /usr/bin/../share/yosys/intel_alm/common/bram_m10k_map.v
Parsing Verilog input from `/usr/bin/../share/yosys/intel_alm/common/bram_m10k_map.v' to AST representation.
Generating RTLIL representation for module `\$__MISTRAL_M10K'.
Successfully finished Verilog frontend.

8.38.2. Continuing TECHMAP pass.
No more expansions possible.
<suppressed ~3 debug messages>

8.39. Executing MEMORY_BRAM pass (mapping $mem cells to block memories).
Processing sha256_tt07.$auto$proc_rom.cc:155:do_switch$436:
  Properties: ports=1 bits=2048 rports=1 wports=0 dbits=32 abits=6 words=64
  Checking rule #1 for bram type MISTRAL_MLAB (variant 1):
    Bram geometry: abits=5 dbits=1 wports=0 rports=0
    Estimated number of duplicates for more read ports: dups=1
    Metrics for MISTRAL_MLAB: awaste=0 dwaste=0 bwaste=0 waste=0 efficiency=100
    Rule #1 for bram type MISTRAL_MLAB (variant 1) rejected: cannot be initialized.
  No acceptable bram resources found.

8.40. Executing MEMORY_MAP pass (converting memories to logic and flip-flops).
Mapping memory $auto$proc_rom.cc:155:do_switch$436 in module \sha256_tt07:
  created 64 $dff cells and 0 static cells of width 32.
  read interface: 0 $dff and 63 $mux cells.
  write interface: 0 write mux blocks.

8.41. Executing OPT pass (performing simple optimizations).

8.41.1. Executing OPT_EXPR pass (perform const folding).
Optimizing module $paramod$7ad91cb4a00e7f80cf930fd17c51f82b06b63f61\uart.
<suppressed ~25 debug messages>
Optimizing module $paramod\hmac_sha256\MSG_BITS=s32'00000000000000000000000011100000.
<suppressed ~28 debug messages>
Optimizing module auth_chip_top.
Optimizing module protocol.
<suppressed ~20 debug messages>
Optimizing module secure_store.
<suppressed ~1 debug messages>
Optimizing module sha256_tt07.
<suppressed ~32 debug messages>
Optimizing module tt_um_xeniarose_sha256.
<suppressed ~42 debug messages>

8.41.2. Executing OPT_MERGE pass (detect identical cells).
Finding identical cells in module `$paramod$7ad91cb4a00e7f80cf930fd17c51f82b06b63f61\uart'.
Finding identical cells in module `$paramod\hmac_sha256\MSG_BITS=s32'00000000000000000000000011100000'.
Finding identical cells in module `\auth_chip_top'.
Finding identical cells in module `\protocol'.
Finding identical cells in module `\secure_store'.
Finding identical cells in module `\sha256_tt07'.
Finding identical cells in module `\tt_um_xeniarose_sha256'.
Removed a total of 0 cells.

8.41.3. Executing OPT_MUXTREE pass (detect dead branches in mux trees).
Running muxtree optimizer on module $paramod$7ad91cb4a00e7f80cf930fd17c51f82b06b63f61\uart..
  Creating internal representation of mux trees.
  Evaluating internal representation of mux trees.
  Analyzing evaluation results.
Running muxtree optimizer on module $paramod\hmac_sha256\MSG_BITS=s32'00000000000000000000000011100000..
  Creating internal representation of mux trees.
  Evaluating internal representation of mux trees.
  Analyzing evaluation results.
Running muxtree optimizer on module \auth_chip_top..
  Creating internal representation of mux trees.
  No muxes found in this module.
Running muxtree optimizer on module \protocol..
  Creating internal representation of mux trees.
  Evaluating internal representation of mux trees.
  Analyzing evaluation results.
Running muxtree optimizer on module \secure_store..
  Creating internal representation of mux trees.
  Evaluating internal representation of mux trees.
  Analyzing evaluation results.
Running muxtree optimizer on module \sha256_tt07..
  Creating internal representation of mux trees.
  Evaluating internal representation of mux trees.
  Analyzing evaluation results.
Running muxtree optimizer on module \tt_um_xeniarose_sha256..
  Creating internal representation of mux trees.
  Evaluating internal representation of mux trees.
  Analyzing evaluation results.
Removed 0 multiplexer ports.
<suppressed ~64 debug messages>

8.41.4. Executing OPT_REDUCE pass (consolidate $*mux and $reduce_* inputs).
  Optimizing cells in module $paramod$7ad91cb4a00e7f80cf930fd17c51f82b06b63f61\uart.
    New ctrl vector for $pmux cell $procmux$2086: { $procmux$2082_CMP $procmux$2064_CMP $procmux$2046_CMP $procmux$2038_CMP }
    Consolidated identical input bits for $mux cell $procmux$2090:
      Old ports: A=3'100, B=3'000, Y=$procmux$2090_Y
      New ports: A=1'1, B=1'0, Y=$procmux$2090_Y [2]
      New connections: $procmux$2090_Y [1:0] = 2'00
    Consolidated identical input bits for $mux cell $procmux$2104:
      Old ports: A=2'10, B=2'00, Y=$auto$wreduce.cc:514:run$3442 [1:0]
      New ports: A=1'1, B=1'0, Y=$auto$wreduce.cc:514:run$3442 [1]
      New connections: $auto$wreduce.cc:514:run$3442 [0] = 1'0
  Optimizing cells in module $paramod$7ad91cb4a00e7f80cf930fd17c51f82b06b63f61\uart.
  Optimizing cells in module $paramod\hmac_sha256\MSG_BITS=s32'00000000000000000000000011100000.
    Consolidated identical input bits for $pmux cell $procmux$2400:
      Old ports: A={ \inner 256'1000000000000000000000000000000000000000000000000000000000000000000000000000000000000000000000000000000000000000000000000000000000000000000000000000000000000000000000000000000000000000000000000000000000000000000000000000000000000000000000000000001100000000 }, B={ \key [255:254] \blk_ipad [509:508] \key [251] \blk_ipad [506:505] \key [248:246] \blk_ipad [501:500] \key [243] \blk_ipad [498:497] \key [240:238] \blk_ipad [493:492] \key [235] \blk_ipad [490:489] \key [232:230] \blk_ipad [485:484] \key [227] \blk_ipad [482:481] \key [224:222] \blk_ipad [477:476] \key [219] \blk_ipad [474:473] \key [216:214] \blk_ipad [469:468] \key [211] \blk_ipad [466:465] \key [208:206] \blk_ipad [461:460] \key [203] \blk_ipad [458:457] \key [200:198] \blk_ipad [453:452] \key [195] \blk_ipad [450:449] \key [192:190] \blk_ipad [445:444] \key [187] \blk_ipad [442:441] \key [184:182] \blk_ipad [437:436] \key [179] \blk_ipad [434:433] \key [176:174] \blk_ipad [429:428] \key [171] \blk_ipad [426:425] \key [168:166] \blk_ipad [421:420] \key [163] \blk_ipad [418:417] \key [160:158] \blk_ipad [413:412] \key [155] \blk_ipad [410:409] \key [152:150] \blk_ipad [405:404] \key [147] \blk_ipad [402:401] \key [144:142] \blk_ipad [397:396] \key [139] \blk_ipad [394:393] \key [136:134] \blk_ipad [389:388] \key [131] \blk_ipad [386:385] \key [128:126] \blk_ipad [381:380] \key [123] \blk_ipad [378:377] \key [120:118] \blk_ipad [373:372] \key [115] \blk_ipad [370:369] \key [112:110] \blk_ipad [365:364] \key [107] \blk_ipad [362:361] \key [104:102] \blk_ipad [357:356] \key [99] \blk_ipad [354:353] \key [96:94] \blk_ipad [349:348] \key [91] \blk_ipad [346:345] \key [88:86] \blk_ipad [341:340] \key [83] \blk_ipad [338:337] \key [80:78] \blk_ipad [333:332] \key [75] \blk_ipad [330:329] \key [72:70] \blk_ipad [325:324] \key [67] \blk_ipad [322:321] \key [64:62] \blk_ipad [317:316] \key [59] \blk_ipad [314:313] \key [56:54] \blk_ipad [309:308] \key [51] \blk_ipad [306:305] \key [48:46] \blk_ipad [301:300] \key [43] \blk_ipad [298:297] \key [40:38] \blk_ipad [293:292] \key [35] \blk_ipad [290:289] \key [32:30] \blk_ipad [285:284] \key [27] \blk_ipad [282:281] \key [24:22] \blk_ipad [277:276] \key [19] \blk_ipad [274:273] \key [16:14] \blk_ipad [269:268] \key [11] \blk_ipad [266:265] \key [8:6] \blk_ipad [261:260] \key [3] \blk_ipad [258:257] \key [0] 2'00 \blk_ipad [253:252] 1'0 \blk_ipad [250:249] 3'000 \blk_ipad [245:244] 1'0 \blk_ipad [242:241] 3'000 \blk_ipad [237:236] 1'0 \blk_ipad [234:233] 3'000 \blk_ipad [229:228] 1'0 \blk_ipad [226:225] 3'000 \blk_ipad [221:220] 1'0 \blk_ipad [218:217] 3'000 \blk_ipad [213:212] 1'0 \blk_ipad [210:209] 3'000 \blk_ipad [205:204] 1'0 \blk_ipad [202:201] 3'000 \blk_ipad [197:196] 1'0 \blk_ipad [194:193] 3'000 \blk_ipad [189:188] 1'0 \blk_ipad [186:185] 3'000 \blk_ipad [181:180] 1'0 \blk_ipad [178:177] 3'000 \blk_ipad [173:172] 1'0 \blk_ipad [170:169] 3'000 \blk_ipad [165:164] 1'0 \blk_ipad [162:161] 3'000 \blk_ipad [157:156] 1'0 \blk_ipad [154:153] 3'000 \blk_ipad [149:148] 1'0 \blk_ipad [146:145] 3'000 \blk_ipad [141:140] 1'0 \blk_ipad [138:137] 3'000 \blk_ipad [133:132] 1'0 \blk_ipad [130:129] 3'000 \blk_ipad [125:124] 1'0 \blk_ipad [122:121] 3'000 \blk_ipad [117:116] 1'0 \blk_ipad [114:113] 3'000 \blk_ipad [109:108] 1'0 \blk_ipad [106:105] 3'000 \blk_ipad [101:100] 1'0 \blk_ipad [98:97] 3'000 \blk_ipad [93:92] 1'0 \blk_ipad [90:89] 3'000 \blk_ipad [85:84] 1'0 \blk_ipad [82:81] 3'000 \blk_ipad [77:76] 1'0 \blk_ipad [74:73] 3'000 \blk_ipad [69:68] 1'0 \blk_ipad [66:65] 3'000 \blk_ipad [61:60] 1'0 \blk_ipad [58:57] 3'000 \blk_ipad [53:52] 1'0 \blk_ipad [50:49] 3'000 \blk_ipad [45:44] 1'0 \blk_ipad [42:41] 3'000 \blk_ipad [37:36] 1'0 \blk_ipad [34:33] 3'000 \blk_ipad [29:28] 1'0 \blk_ipad [26:25] 3'000 \blk_ipad [21:20] 1'0 \blk_ipad [18:17] 3'000 \blk_ipad [13:12] 1'0 \blk_ipad [10:9] 3'000 \blk_ipad [5:4] 1'0 \blk_ipad [2:1] 1'0 \msg 288'100000000000000000000000000000000000000000000000000000000000000000000000000000000000000000000000000000000000000000000000000000000000000000000000000000000000000000000000000000000000000000000000000000000000000000000000000000000000000000000000000000000000000000000000000000000000001011100000 \key [255] \blk_opad [510] \key [253] \blk_opad [508:506] \key [249:247] \blk_opad [502] \key [245] \blk_opad [500:498] \key [241:239] \blk_opad [494] \key [237] \blk_opad [492:490] \key [233:231] \blk_opad [486] \key [229] \blk_opad [484:482] \key [225:223] \blk_opad [478] \key [221] \blk_opad [476:474] \key [217:215] \blk_opad [470] \key [213] \blk_opad [468:466] \key [209:207] \blk_opad [462] \key [205] \blk_opad [460:458] \key [201:199] \blk_opad [454] \key [197] \blk_opad [452:450] \key [193:191] \blk_opad [446] \key [189] \blk_opad [444:442] \key [185:183] \blk_opad [438] \key [181] \blk_opad [436:434] \key [177:175] \blk_opad [430] \key [173] \blk_opad [428:426] \key [169:167] \blk_opad [422] \key [165] \blk_opad [420:418] \key [161:159] \blk_opad [414] \key [157] \blk_opad [412:410] \key [153:151] \blk_opad [406] \key [149] \blk_opad [404:402] \key [145:143] \blk_opad [398] \key [141] \blk_opad [396:394] \key [137:135] \blk_opad [390] \key [133] \blk_opad [388:386] \key [129:127] \blk_opad [382] \key [125] \blk_opad [380:378] \key [121:119] \blk_opad [374] \key [117] \blk_opad [372:370] \key [113:111] \blk_opad [366] \key [109] \blk_opad [364:362] \key [105:103] \blk_opad [358] \key [101] \blk_opad [356:354] \key [97:95] \blk_opad [350] \key [93] \blk_opad [348:346] \key [89:87] \blk_opad [342] \key [85] \blk_opad [340:338] \key [81:79] \blk_opad [334] \key [77] \blk_opad [332:330] \key [73:71] \blk_opad [326] \key [69] \blk_opad [324:322] \key [65:63] \blk_opad [318] \key [61] \blk_opad [316:314] \key [57:55] \blk_opad [310] \key [53] \blk_opad [308:306] \key [49:47] \blk_opad [302] \key [45] \blk_opad [300:298] \key [41:39] \blk_opad [294] \key [37] \blk_opad [292:290] \key [33:31] \blk_opad [286] \key [29] \blk_opad [284:282] \key [25:23] \blk_opad [278] \key [21] \blk_opad [276:274] \key [17:15] \blk_opad [270] \key [13] \blk_opad [268:266] \key [9:7] \blk_opad [262] \key [5] \blk_opad [260:258] \key [1:0] 1'0 \blk_opad [254] 1'0 \blk_opad [252:250] 3'000 \blk_opad [246] 1'0 \blk_opad [244:242] 3'000 \blk_opad [238] 1'0 \blk_opad [236:234] 3'000 \blk_opad [230] 1'0 \blk_opad [228:226] 3'000 \blk_opad [222] 1'0 \blk_opad [220:218] 3'000 \blk_opad [214] 1'0 \blk_opad [212:210] 3'000 \blk_opad [206] 1'0 \blk_opad [204:202] 3'000 \blk_opad [198] 1'0 \blk_opad [196:194] 3'000 \blk_opad [190] 1'0 \blk_opad [188:186] 3'000 \blk_opad [182] 1'0 \blk_opad [180:178] 3'000 \blk_opad [174] 1'0 \blk_opad [172:170] 3'000 \blk_opad [166] 1'0 \blk_opad [164:162] 3'000 \blk_opad [158] 1'0 \blk_opad [156:154] 3'000 \blk_opad [150] 1'0 \blk_opad [148:146] 3'000 \blk_opad [142] 1'0 \blk_opad [140:138] 3'000 \blk_opad [134] 1'0 \blk_opad [132:130] 3'000 \blk_opad [126] 1'0 \blk_opad [124:122] 3'000 \blk_opad [118] 1'0 \blk_opad [116:114] 3'000 \blk_opad [110] 1'0 \blk_opad [108:106] 3'000 \blk_opad [102] 1'0 \blk_opad [100:98] 3'000 \blk_opad [94] 1'0 \blk_opad [92:90] 3'000 \blk_opad [86] 1'0 \blk_opad [84:82] 3'000 \blk_opad [78] 1'0 \blk_opad [76:74] 3'000 \blk_opad [70] 1'0 \blk_opad [68:66] 3'000 \blk_opad [62] 1'0 \blk_opad [60:58] 3'000 \blk_opad [54] 1'0 \blk_opad [52:50] 3'000 \blk_opad [46] 1'0 \blk_opad [44:42] 3'000 \blk_opad [38] 1'0 \blk_opad [36:34] 3'000 \blk_opad [30] 1'0 \blk_opad [28:26] 3'000 \blk_opad [22] 1'0 \blk_opad [20:18] 3'000 \blk_opad [14] 1'0 \blk_opad [12:10] 3'000 \blk_opad [6] 1'0 \blk_opad [4:2] 2'00 }, Y=\core_block
      New ports: A={ \inner 8'11000000 }, B={ \key [255:254] $auto$opt_expr.cc:205:group_cell_inputs$4758 [127:126] \key [251] $auto$opt_expr.cc:205:group_cell_inputs$4758 [125:124] \key [248:246] $auto$opt_expr.cc:205:group_cell_inputs$4758 [123:122] \key [243] $auto$opt_expr.cc:205:group_cell_inputs$4758 [121:120] \key [240:238] $auto$opt_expr.cc:205:group_cell_inputs$4758 [119:118] \key [235] $auto$opt_expr.cc:205:group_cell_inputs$4758 [117:116] \key [232:230] $auto$opt_expr.cc:205:group_cell_inputs$4758 [115:114] \key [227] $auto$opt_expr.cc:205:group_cell_inputs$4758 [113:112] \key [224:222] $auto$opt_expr.cc:205:group_cell_inputs$4758 [111:110] \key [219] $auto$opt_expr.cc:205:group_cell_inputs$4758 [109:108] \key [216:214] $auto$opt_expr.cc:205:group_cell_inputs$4758 [107:106] \key [211] $auto$opt_expr.cc:205:group_cell_inputs$4758 [105:104] \key [208:206] $auto$opt_expr.cc:205:group_cell_inputs$4758 [103:102] \key [203] $auto$opt_expr.cc:205:group_cell_inputs$4758 [101:100] \key [200:198] $auto$opt_expr.cc:205:group_cell_inputs$4758 [99:98] \key [195] $auto$opt_expr.cc:205:group_cell_inputs$4758 [97:96] \key [192:190] $auto$opt_expr.cc:205:group_cell_inputs$4758 [95:94] \key [187] $auto$opt_expr.cc:205:group_cell_inputs$4758 [93:92] \key [184:182] $auto$opt_expr.cc:205:group_cell_inputs$4758 [91:90] \key [179] $auto$opt_expr.cc:205:group_cell_inputs$4758 [89:88] \key [176:174] $auto$opt_expr.cc:205:group_cell_inputs$4758 [87:86] \key [171] $auto$opt_expr.cc:205:group_cell_inputs$4758 [85:84] \key [168:166] $auto$opt_expr.cc:205:group_cell_inputs$4758 [83:82] \key [163] $auto$opt_expr.cc:205:group_cell_inputs$4758 [81:80] \key [160:158] $auto$opt_expr.cc:205:group_cell_inputs$4758 [79:78] \key [155] $auto$opt_expr.cc:205:group_cell_inputs$4758 [77:76] \key [152:150] $auto$opt_expr.cc:205:group_cell_inputs$4758 [75:74] \key [147] $auto$opt_expr.cc:205:group_cell_inputs$4758 [73:72] \key [144:142] $auto$opt_expr.cc:205:group_cell_inputs$4758 [71:70] \key [139] $auto$opt_expr.cc:205:group_cell_inputs$4758 [69:68] \key [136:134] $auto$opt_expr.cc:205:group_cell_inputs$4758 [67:66] \key [131] $auto$opt_expr.cc:205:group_cell_inputs$4758 [65:64] \key [128:126] $auto$opt_expr.cc:205:group_cell_inputs$4758 [63:62] \key [123] $auto$opt_expr.cc:205:group_cell_inputs$4758 [61:60] \key [120:118] $auto$opt_expr.cc:205:group_cell_inputs$4758 [59:58] \key [115] $auto$opt_expr.cc:205:group_cell_inputs$4758 [57:56] \key [112:110] $auto$opt_expr.cc:205:group_cell_inputs$4758 [55:54] \key [107] $auto$opt_expr.cc:205:group_cell_inputs$4758 [53:52] \key [104:102] $auto$opt_expr.cc:205:group_cell_inputs$4758 [51:50] \key [99] $auto$opt_expr.cc:205:group_cell_inputs$4758 [49:48] \key [96:94] $auto$opt_expr.cc:205:group_cell_inputs$4758 [47:46] \key [91] $auto$opt_expr.cc:205:group_cell_inputs$4758 [45:44] \key [88:86] $auto$opt_expr.cc:205:group_cell_inputs$4758 [43:42] \key [83] $auto$opt_expr.cc:205:group_cell_inputs$4758 [41:40] \key [80:78] $auto$opt_expr.cc:205:group_cell_inputs$4758 [39:38] \key [75] $auto$opt_expr.cc:205:group_cell_inputs$4758 [37:36] \key [72:70] $auto$opt_expr.cc:205:group_cell_inputs$4758 [35:34] \key [67] $auto$opt_expr.cc:205:group_cell_inputs$4758 [33:32] \key [64:62] $auto$opt_expr.cc:205:group_cell_inputs$4758 [31:30] \key [59] $auto$opt_expr.cc:205:group_cell_inputs$4758 [29:28] \key [56:54] $auto$opt_expr.cc:205:group_cell_inputs$4758 [27:26] \key [51] $auto$opt_expr.cc:205:group_cell_inputs$4758 [25:24] \key [48:46] $auto$opt_expr.cc:205:group_cell_inputs$4758 [23:22] \key [43] $auto$opt_expr.cc:205:group_cell_inputs$4758 [21:20] \key [40:38] $auto$opt_expr.cc:205:group_cell_inputs$4758 [19:18] \key [35] $auto$opt_expr.cc:205:group_cell_inputs$4758 [17:16] \key [32:30] $auto$opt_expr.cc:205:group_cell_inputs$4758 [15:14] \key [27] $auto$opt_expr.cc:205:group_cell_inputs$4758 [13:12] \key [24:22] $auto$opt_expr.cc:205:group_cell_inputs$4758 [11:10] \key [19] $auto$opt_expr.cc:205:group_cell_inputs$4758 [9:8] \key [16:14] $auto$opt_expr.cc:205:group_cell_inputs$4758 [7:6] \key [11] $auto$opt_expr.cc:205:group_cell_inputs$4758 [5:4] \key [8:6] $auto$opt_expr.cc:205:group_cell_inputs$4758 [3:2] \key [3] $auto$opt_expr.cc:205:group_cell_inputs$4758 [1:0] \key [0] 8'10001011 \msg 40'1000000000000000000000000000000010111000 \key [255] $auto$opt_expr.cc:205:group_cell_inputs$4754 [127] \key [253] $auto$opt_expr.cc:205:group_cell_inputs$4754 [126:124] \key [249:247] $auto$opt_expr.cc:205:group_cell_inputs$4754 [123] \key [245] $auto$opt_expr.cc:205:group_cell_inputs$4754 [122:120] \key [241:239] $auto$opt_expr.cc:205:group_cell_inputs$4754 [119] \key [237] $auto$opt_expr.cc:205:group_cell_inputs$4754 [118:116] \key [233:231] $auto$opt_expr.cc:205:group_cell_inputs$4754 [115] \key [229] $auto$opt_expr.cc:205:group_cell_inputs$4754 [114:112] \key [225:223] $auto$opt_expr.cc:205:group_cell_inputs$4754 [111] \key [221] $auto$opt_expr.cc:205:group_cell_inputs$4754 [110:108] \key [217:215] $auto$opt_expr.cc:205:group_cell_inputs$4754 [107] \key [213] $auto$opt_expr.cc:205:group_cell_inputs$4754 [106:104] \key [209:207] $auto$opt_expr.cc:205:group_cell_inputs$4754 [103] \key [205] $auto$opt_expr.cc:205:group_cell_inputs$4754 [102:100] \key [201:199] $auto$opt_expr.cc:205:group_cell_inputs$4754 [99] \key [197] $auto$opt_expr.cc:205:group_cell_inputs$4754 [98:96] \key [193:191] $auto$opt_expr.cc:205:group_cell_inputs$4754 [95] \key [189] $auto$opt_expr.cc:205:group_cell_inputs$4754 [94:92] \key [185:183] $auto$opt_expr.cc:205:group_cell_inputs$4754 [91] \key [181] $auto$opt_expr.cc:205:group_cell_inputs$4754 [90:88] \key [177:175] $auto$opt_expr.cc:205:group_cell_inputs$4754 [87] \key [173] $auto$opt_expr.cc:205:group_cell_inputs$4754 [86:84] \key [169:167] $auto$opt_expr.cc:205:group_cell_inputs$4754 [83] \key [165] $auto$opt_expr.cc:205:group_cell_inputs$4754 [82:80] \key [161:159] $auto$opt_expr.cc:205:group_cell_inputs$4754 [79] \key [157] $auto$opt_expr.cc:205:group_cell_inputs$4754 [78:76] \key [153:151] $auto$opt_expr.cc:205:group_cell_inputs$4754 [75] \key [149] $auto$opt_expr.cc:205:group_cell_inputs$4754 [74:72] \key [145:143] $auto$opt_expr.cc:205:group_cell_inputs$4754 [71] \key [141] $auto$opt_expr.cc:205:group_cell_inputs$4754 [70:68] \key [137:135] $auto$opt_expr.cc:205:group_cell_inputs$4754 [67] \key [133] $auto$opt_expr.cc:205:group_cell_inputs$4754 [66:64] \key [129:127] $auto$opt_expr.cc:205:group_cell_inputs$4754 [63] \key [125] $auto$opt_expr.cc:205:group_cell_inputs$4754 [62:60] \key [121:119] $auto$opt_expr.cc:205:group_cell_inputs$4754 [59] \key [117] $auto$opt_expr.cc:205:group_cell_inputs$4754 [58:56] \key [113:111] $auto$opt_expr.cc:205:group_cell_inputs$4754 [55] \key [109] $auto$opt_expr.cc:205:group_cell_inputs$4754 [54:52] \key [105:103] $auto$opt_expr.cc:205:group_cell_inputs$4754 [51] \key [101] $auto$opt_expr.cc:205:group_cell_inputs$4754 [50:48] \key [97:95] $auto$opt_expr.cc:205:group_cell_inputs$4754 [47] \key [93] $auto$opt_expr.cc:205:group_cell_inputs$4754 [46:44] \key [89:87] $auto$opt_expr.cc:205:group_cell_inputs$4754 [43] \key [85] $auto$opt_expr.cc:205:group_cell_inputs$4754 [42:40] \key [81:79] $auto$opt_expr.cc:205:group_cell_inputs$4754 [39] \key [77] $auto$opt_expr.cc:205:group_cell_inputs$4754 [38:36] \key [73:71] $auto$opt_expr.cc:205:group_cell_inputs$4754 [35] \key [69] $auto$opt_expr.cc:205:group_cell_inputs$4754 [34:32] \key [65:63] $auto$opt_expr.cc:205:group_cell_inputs$4754 [31] \key [61] $auto$opt_expr.cc:205:group_cell_inputs$4754 [30:28] \key [57:55] $auto$opt_expr.cc:205:group_cell_inputs$4754 [27] \key [53] $auto$opt_expr.cc:205:group_cell_inputs$4754 [26:24] \key [49:47] $auto$opt_expr.cc:205:group_cell_inputs$4754 [23] \key [45] $auto$opt_expr.cc:205:group_cell_inputs$4754 [22:20] \key [41:39] $auto$opt_expr.cc:205:group_cell_inputs$4754 [19] \key [37] $auto$opt_expr.cc:205:group_cell_inputs$4754 [18:16] \key [33:31] $auto$opt_expr.cc:205:group_cell_inputs$4754 [15] \key [29] $auto$opt_expr.cc:205:group_cell_inputs$4754 [14:12] \key [25:23] $auto$opt_expr.cc:205:group_cell_inputs$4754 [11] \key [21] $auto$opt_expr.cc:205:group_cell_inputs$4754 [10:8] \key [17:15] $auto$opt_expr.cc:205:group_cell_inputs$4754 [7] \key [13] $auto$opt_expr.cc:205:group_cell_inputs$4754 [6:4] \key [9:7] $auto$opt_expr.cc:205:group_cell_inputs$4754 [3] \key [5] $auto$opt_expr.cc:205:group_cell_inputs$4754 [2:0] \key [1:0] 8'00010110 }, Y={ \core_block [511:256] \core_block [9:5] \core_block [3:1] }
      New connections: { \core_block [255:10] \core_block [4] \core_block [0] } = { \core_block [8] \core_block [3] \core_block [1] \core_block [2] \core_block [3:1] 2'00 \core_block [3] \core_block [1] \core_block [2] \core_block [3:1] 2'00 \core_block [3] \core_block [1] \core_block [2] \core_block [3:1] 2'00 \core_block [3] \core_block [1] \core_block [2] \core_block [3:1] 2'00 \core_block [3] \core_block [1] \core_block [2] \core_block [3:1] 2'00 \core_block [3] \core_block [1] \core_block [2] \core_block [3:1] 2'00 \core_block [3] \core_block [1] \core_block [2] \core_block [3:1] 2'00 \core_block [3] \core_block [1] \core_block [2] \core_block [3:1] 2'00 \core_block [3] \core_block [1] \core_block [2] \core_block [3:1] 2'00 \core_block [3] \core_block [1] \core_block [2] \core_block [3:1] 2'00 \core_block [3] \core_block [1] \core_block [2] \core_block [3:1] 2'00 \core_block [3] \core_block [1] \core_block [2] \core_block [3:1] 2'00 \core_block [3] \core_block [1] \core_block [2] \core_block [3:1] 2'00 \core_block [3] \core_block [1] \core_block [2] \core_block [3:1] 2'00 \core_block [3] \core_block [1] \core_block [2] \core_block [3:1] 2'00 \core_block [3] \core_block [1] \core_block [2] \core_block [3:1] 2'00 \core_block [3] \core_block [1] \core_block [2] \core_block [3:1] 2'00 \core_block [3] \core_block [1] \core_block [2] \core_block [3:1] 2'00 \core_block [3] \core_block [1] \core_block [2] \core_block [3:1] 2'00 \core_block [3] \core_block [1] \core_block [2] \core_block [3:1] 2'00 \core_block [3] \core_block [1] \core_block [2] \core_block [3:1] 2'00 \core_block [3] \core_block [1] \core_block [2] \core_block [3:1] 2'00 \core_block [3] \core_block [1] \core_block [2] \core_block [3:1] 2'00 \core_block [3] \core_block [1] \core_block [2] \core_block [3:1] 2'00 \core_block [3] \core_block [1] \core_block [2] \core_block [3:1] 2'00 \core_block [3] \core_block [1] \core_block [2] \core_block [3:1] 2'00 \core_block [3] \core_block [1] \core_block [2] \core_block [3:1] 2'00 \core_block [3] \core_block [1] \core_block [2] \core_block [3:1] 2'00 \core_block [3] \core_block [1] \core_block [2] \core_block [3:1] 2'00 \core_block [3] \core_block [1] \core_block [2] \core_block [3:1] 2'00 \core_block [3] \core_block [1] \core_block [2] \core_block [3:2] \core_block [2] 1'0 }
  Optimizing cells in module $paramod\hmac_sha256\MSG_BITS=s32'00000000000000000000000011100000.
  Optimizing cells in module \auth_chip_top.
  Optimizing cells in module \protocol.
    New ctrl vector for $pmux cell $procmux$2142: \tx_valid
    Consolidated identical input bits for $pmux cell $procmux$2215:
      Old ports: A=6'000000, B=18'010000100000001000, Y=$procmux$2215_Y
      New ports: A=3'000, B=9'010100001, Y=$procmux$2215_Y [5:3]
      New connections: $procmux$2215_Y [2:0] = 3'000
    New ctrl vector for $pmux cell $procmux$2238: { $procmux$2187_CMP $procmux$2186_CMP \in_exec $auto$fsm_map.cc:74:implement_pattern_cache$2806 }
    Consolidated identical input bits for $mux cell $procmux$2252:
      Old ports: A=3'000, B=3'010, Y=$procmux$2252_Y
      New ports: A=1'0, B=1'1, Y=$procmux$2252_Y [1]
      New connections: { $procmux$2252_Y [2] $procmux$2252_Y [0] } = 2'00
    Consolidated identical input bits for $mux cell $procmux$2288:
      Old ports: A=8'00000000, B=8'11100001, Y=$6\status[7:0]
      New ports: A=1'0, B=1'1, Y=$6\status[7:0] [0]
      New connections: $6\status[7:0] [7:1] = { $6\status[7:0] [0] $6\status[7:0] [0] $6\status[7:0] [0] 4'0000 }
    Consolidated identical input bits for $mux cell $procmux$2304:
      Old ports: A=8'00000000, B=8'11100100, Y=$4\status[7:0]
      New ports: A=1'0, B=1'1, Y=$4\status[7:0] [2]
      New connections: { $4\status[7:0] [7:3] $4\status[7:0] [1:0] } = { $4\status[7:0] [2] $4\status[7:0] [2] $4\status[7:0] [2] 4'0000 }
    Consolidated identical input bits for $mux cell $ternary$src/protocol.v:200$84:
      Old ports: A=3'100, B=3'011, Y=$ternary$src/protocol.v:200$84_Y
      New ports: A=2'10, B=2'01, Y={ $ternary$src/protocol.v:200$84_Y [2] $ternary$src/protocol.v:200$84_Y [0] }
      New connections: $ternary$src/protocol.v:200$84_Y [1] = $ternary$src/protocol.v:200$84_Y [0]
  Optimizing cells in module \protocol.
    Consolidated identical input bits for $mux cell $procmux$2297:
      Old ports: A=$6\status[7:0], B=8'11100010, Y=$5\status[7:0]
      New ports: A={ $6\status[7:0] [0] 1'0 $6\status[7:0] [0] }, B=3'110, Y={ $5\status[7:0] [5] $5\status[7:0] [1:0] }
      New connections: { $5\status[7:0] [7:6] $5\status[7:0] [4:2] } = { $5\status[7:0] [5] $5\status[7:0] [5] 3'000 }
    Consolidated identical input bits for $mux cell $procmux$2317:
      Old ports: A=8'11100001, B=$4\status[7:0], Y=$3\status[7:0]
      New ports: A=3'101, B={ $4\status[7:0] [2] $4\status[7:0] [2] 1'0 }, Y={ $3\status[7:0] [5] $3\status[7:0] [2] $3\status[7:0] [0] }
      New connections: { $3\status[7:0] [7:6] $3\status[7:0] [4:3] $3\status[7:0] [1] } = { $3\status[7:0] [5] $3\status[7:0] [5] 3'000 }
  Optimizing cells in module \protocol.
    Consolidated identical input bits for $mux cell $procmux$2327:
      Old ports: A=$3\status[7:0], B=8'11100010, Y=$2\status[7:0]
      New ports: A={ $3\status[7:0] [5] $3\status[7:0] [2] 1'0 $3\status[7:0] [0] }, B=4'1010, Y={ $2\status[7:0] [5] $2\status[7:0] [2:0] }
      New connections: { $2\status[7:0] [7:6] $2\status[7:0] [4:3] } = { $2\status[7:0] [5] $2\status[7:0] [5] 2'00 }
  Optimizing cells in module \protocol.
    Consolidated identical input bits for $pmux cell $procmux$2332:
      Old ports: A=8'11100011, B={ 8'00000000 $2\status[7:0] $5\status[7:0] }, Y=\status
      New ports: A=4'1011, B={ 4'0000 $2\status[7:0] [5] $2\status[7:0] [2:0] $5\status[7:0] [5] 1'0 $5\status[7:0] [1:0] }, Y={ \status [5] \status [2:0] }
      New connections: { \status [7:6] \status [4:3] } = { \status [5] \status [5] 2'00 }
  Optimizing cells in module \protocol.
    Consolidated identical input bits for $mux cell $procmux$2170:
      Old ports: A=\status, B=8'11100010, Y=$0\resp_status[7:0]
      New ports: A={ \status [5] \status [2:0] }, B=4'1010, Y={ $0\resp_status[7:0] [5] $0\resp_status[7:0] [2:0] }
      New connections: { $0\resp_status[7:0] [7:6] $0\resp_status[7:0] [4:3] } = { $0\resp_status[7:0] [5] $0\resp_status[7:0] [5] 2'00 }
  Optimizing cells in module \protocol.
  Optimizing cells in module \secure_store.
  Optimizing cells in module \sha256_tt07.
    Consolidated identical input bits for $mux cell $memory$auto$proc_rom.cc:155:do_switch$436$rdmux[0][5][13]$4697:
      Old ports: A=32'10110000000000110010011111001000, B=32'10111111010110010111111111000111, Y=$memory$auto$proc_rom.cc:155:do_switch$436$rdmux[0][4][6]$b$4630
      New ports: A=2'10, B=2'01, Y={ $memory$auto$proc_rom.cc:155:do_switch$436$rdmux[0][4][6]$b$4630 [3] $memory$auto$proc_rom.cc:155:do_switch$436$rdmux[0][4][6]$b$4630 [0] }
      New connections: { $memory$auto$proc_rom.cc:155:do_switch$436$rdmux[0][4][6]$b$4630 [31:4] $memory$auto$proc_rom.cc:155:do_switch$436$rdmux[0][4][6]$b$4630 [2:1] } = { 4'1011 $memory$auto$proc_rom.cc:155:do_switch$436$rdmux[0][4][6]$b$4630 [0] $memory$auto$proc_rom.cc:155:do_switch$436$rdmux[0][4][6]$b$4630 [0] $memory$auto$proc_rom.cc:155:do_switch$436$rdmux[0][4][6]$b$4630 [0] $memory$auto$proc_rom.cc:155:do_switch$436$rdmux[0][4][6]$b$4630 [0] 1'0 $memory$auto$proc_rom.cc:155:do_switch$436$rdmux[0][4][6]$b$4630 [0] 1'0 $memory$auto$proc_rom.cc:155:do_switch$436$rdmux[0][4][6]$b$4630 [0] $memory$auto$proc_rom.cc:155:do_switch$436$rdmux[0][4][6]$b$4630 [0] 1'0 $memory$auto$proc_rom.cc:155:do_switch$436$rdmux[0][4][6]$b$4630 [3] 2'10 $memory$auto$proc_rom.cc:155:do_switch$436$rdmux[0][4][6]$b$4630 [0] 1'1 $memory$auto$proc_rom.cc:155:do_switch$436$rdmux[0][4][6]$b$4630 [0] $memory$auto$proc_rom.cc:155:do_switch$436$rdmux[0][4][6]$b$4630 [0] 7'1111100 $memory$auto$proc_rom.cc:155:do_switch$436$rdmux[0][4][6]$b$4630 [0] $memory$auto$proc_rom.cc:155:do_switch$436$rdmux[0][4][6]$b$4630 [0] }
    Consolidated identical input bits for $mux cell $memory$auto$proc_rom.cc:155:do_switch$436$rdmux[0][5][12]$4694:
      Old ports: A=32'10011000001111100101000101010010, B=32'10101000001100011100011001101101, Y=$memory$auto$proc_rom.cc:155:do_switch$436$rdmux[0][4][6]$a$4629
      New ports: A=2'10, B=2'01, Y=$memory$auto$proc_rom.cc:155:do_switch$436$rdmux[0][4][6]$a$4629 [1:0]
      New connections: $memory$auto$proc_rom.cc:155:do_switch$436$rdmux[0][4][6]$a$4629 [31:2] = { 2'10 $memory$auto$proc_rom.cc:155:do_switch$436$rdmux[0][4][6]$a$4629 [0] $memory$auto$proc_rom.cc:155:do_switch$436$rdmux[0][4][6]$a$4629 [1] 8'10000011 $memory$auto$proc_rom.cc:155:do_switch$436$rdmux[0][4][6]$a$4629 [1] $memory$auto$proc_rom.cc:155:do_switch$436$rdmux[0][4][6]$a$4629 [1] $memory$auto$proc_rom.cc:155:do_switch$436$rdmux[0][4][6]$a$4629 [1:0] $memory$auto$proc_rom.cc:155:do_switch$436$rdmux[0][4][6]$a$4629 [0] 2'10 $memory$auto$proc_rom.cc:155:do_switch$436$rdmux[0][4][6]$a$4629 [1] 1'0 $memory$auto$proc_rom.cc:155:do_switch$436$rdmux[0][4][6]$a$4629 [0] $memory$auto$proc_rom.cc:155:do_switch$436$rdmux[0][4][6]$a$4629 [0] $memory$auto$proc_rom.cc:155:do_switch$436$rdmux[0][4][6]$a$4629 [1] 2'01 $memory$auto$proc_rom.cc:155:do_switch$436$rdmux[0][4][6]$a$4629 [0] $memory$auto$proc_rom.cc:155:do_switch$436$rdmux[0][4][6]$a$4629 [1:0] $memory$auto$proc_rom.cc:155:do_switch$436$rdmux[0][4][6]$a$4629 [0] }
    Consolidated identical input bits for $mux cell $memory$auto$proc_rom.cc:155:do_switch$436$rdmux[0][5][11]$4691:
      Old ports: A=1555081692, B=1996064986, Y=$memory$auto$proc_rom.cc:155:do_switch$436$rdmux[0][4][5]$b$4627
      New ports: A=2'10, B=2'01, Y=$memory$auto$proc_rom.cc:155:do_switch$436$rdmux[0][4][5]$b$4627 [2:1]
      New connections: { $memory$auto$proc_rom.cc:155:do_switch$436$rdmux[0][4][5]$b$4627 [31:3] $memory$auto$proc_rom.cc:155:do_switch$436$rdmux[0][4][5]$b$4627 [0] } = { 2'01 $memory$auto$proc_rom.cc:155:do_switch$436$rdmux[0][4][5]$b$4627 [1] 1'1 $memory$auto$proc_rom.cc:155:do_switch$436$rdmux[0][4][5]$b$4627 [2] 1'1 $memory$auto$proc_rom.cc:155:do_switch$436$rdmux[0][4][5]$b$4627 [1] 2'01 $memory$auto$proc_rom.cc:155:do_switch$436$rdmux[0][4][5]$b$4627 [1] 2'11 $memory$auto$proc_rom.cc:155:do_switch$436$rdmux[0][4][5]$b$4627 [1] 2'00 $memory$auto$proc_rom.cc:155:do_switch$436$rdmux[0][4][5]$b$4627 [1] 2'10 $memory$auto$proc_rom.cc:155:do_switch$436$rdmux[0][4][5]$b$4627 [2] 4'0100 $memory$auto$proc_rom.cc:155:do_switch$436$rdmux[0][4][5]$b$4627 [2] 6'110110 }
    Consolidated identical input bits for $mux cell $memory$auto$proc_rom.cc:155:do_switch$436$rdmux[0][5][10]$4688:
      Old ports: A=770255983, B=1249150122, Y=$memory$auto$proc_rom.cc:155:do_switch$436$rdmux[0][4][5]$a$4626
      New ports: A=2'01, B=2'10, Y={ $memory$auto$proc_rom.cc:155:do_switch$436$rdmux[0][4][5]$a$4626 [7] $memory$auto$proc_rom.cc:155:do_switch$436$rdmux[0][4][5]$a$4626 [0] }
      New connections: { $memory$auto$proc_rom.cc:155:do_switch$436$rdmux[0][4][5]$a$4626 [31:8] $memory$auto$proc_rom.cc:155:do_switch$436$rdmux[0][4][5]$a$4626 [6:1] } = { 1'0 $memory$auto$proc_rom.cc:155:do_switch$436$rdmux[0][4][5]$a$4626 [7] $memory$auto$proc_rom.cc:155:do_switch$436$rdmux[0][4][5]$a$4626 [0] 2'01 $memory$auto$proc_rom.cc:155:do_switch$436$rdmux[0][4][5]$a$4626 [0] $memory$auto$proc_rom.cc:155:do_switch$436$rdmux[0][4][5]$a$4626 [7] $memory$auto$proc_rom.cc:155:do_switch$436$rdmux[0][4][5]$a$4626 [0] $memory$auto$proc_rom.cc:155:do_switch$436$rdmux[0][4][5]$a$4626 [0] 2'11 $memory$auto$proc_rom.cc:155:do_switch$436$rdmux[0][4][5]$a$4626 [7] $memory$auto$proc_rom.cc:155:do_switch$436$rdmux[0][4][5]$a$4626 [0] $memory$auto$proc_rom.cc:155:do_switch$436$rdmux[0][4][5]$a$4626 [7] 1'0 $memory$auto$proc_rom.cc:155:do_switch$436$rdmux[0][4][5]$a$4626 [0] $memory$auto$proc_rom.cc:155:do_switch$436$rdmux[0][4][5]$a$4626 [7] 1'0 $memory$auto$proc_rom.cc:155:do_switch$436$rdmux[0][4][5]$a$4626 [0] 1'0 $memory$auto$proc_rom.cc:155:do_switch$436$rdmux[0][4][5]$a$4626 [0] 3'100 $memory$auto$proc_rom.cc:155:do_switch$436$rdmux[0][4][5]$a$4626 [0] 3'101 $memory$auto$proc_rom.cc:155:do_switch$436$rdmux[0][4][5]$a$4626 [0] 1'1 }
    Consolidated identical input bits for $mux cell $memory$auto$proc_rom.cc:155:do_switch$436$rdmux[0][5][9]$4685:
      Old ports: A=264347078, B=604807628, Y=$memory$auto$proc_rom.cc:155:do_switch$436$rdmux[0][4][4]$b$4624
      New ports: A=2'01, B=2'10, Y={ $memory$auto$proc_rom.cc:155:do_switch$436$rdmux[0][4][4]$b$4624 [3] $memory$auto$proc_rom.cc:155:do_switch$436$rdmux[0][4][4]$b$4624 [1] }
      New connections: { $memory$auto$proc_rom.cc:155:do_switch$436$rdmux[0][4][4]$b$4624 [31:4] $memory$auto$proc_rom.cc:155:do_switch$436$rdmux[0][4][4]$b$4624 [2] $memory$auto$proc_rom.cc:155:do_switch$436$rdmux[0][4][4]$b$4624 [0] } = { 2'00 $memory$auto$proc_rom.cc:155:do_switch$436$rdmux[0][4][4]$b$4624 [3] 1'0 $memory$auto$proc_rom.cc:155:do_switch$436$rdmux[0][4][4]$b$4624 [1] 1'1 $memory$auto$proc_rom.cc:155:do_switch$436$rdmux[0][4][4]$b$4624 [1] $memory$auto$proc_rom.cc:155:do_switch$436$rdmux[0][4][4]$b$4624 [1] $memory$auto$proc_rom.cc:155:do_switch$436$rdmux[0][4][4]$b$4624 [1] $memory$auto$proc_rom.cc:155:do_switch$436$rdmux[0][4][4]$b$4624 [1] 2'00 $memory$auto$proc_rom.cc:155:do_switch$436$rdmux[0][4][4]$b$4624 [3] $memory$auto$proc_rom.cc:155:do_switch$436$rdmux[0][4][4]$b$4624 [3] 1'0 $memory$auto$proc_rom.cc:155:do_switch$436$rdmux[0][4][4]$b$4624 [1] 2'10 $memory$auto$proc_rom.cc:155:do_switch$436$rdmux[0][4][4]$b$4624 [3] $memory$auto$proc_rom.cc:155:do_switch$436$rdmux[0][4][4]$b$4624 [1] $memory$auto$proc_rom.cc:155:do_switch$436$rdmux[0][4][4]$b$4624 [1] $memory$auto$proc_rom.cc:155:do_switch$436$rdmux[0][4][4]$b$4624 [1] 8'01110010 }
    Consolidated identical input bits for $mux cell $memory$auto$proc_rom.cc:155:do_switch$436$rdmux[0][5][8]$4682:
      Old ports: A=32'11100100100110110110100111000001, B=32'11101111101111100100011110000110, Y=$memory$auto$proc_rom.cc:155:do_switch$436$rdmux[0][4][4]$a$4623
      New ports: A=2'01, B=2'10, Y=$memory$auto$proc_rom.cc:155:do_switch$436$rdmux[0][4][4]$a$4623 [1:0]
      New connections: $memory$auto$proc_rom.cc:155:do_switch$436$rdmux[0][4][4]$a$4623 [31:2] = { 4'1110 $memory$auto$proc_rom.cc:155:do_switch$436$rdmux[0][4][4]$a$4623 [1] 1'1 $memory$auto$proc_rom.cc:155:do_switch$436$rdmux[0][4][4]$a$4623 [1] $memory$auto$proc_rom.cc:155:do_switch$436$rdmux[0][4][4]$a$4623 [1] 2'10 $memory$auto$proc_rom.cc:155:do_switch$436$rdmux[0][4][4]$a$4623 [1] 2'11 $memory$auto$proc_rom.cc:155:do_switch$436$rdmux[0][4][4]$a$4623 [1] 1'1 $memory$auto$proc_rom.cc:155:do_switch$436$rdmux[0][4][4]$a$4623 [0] 2'01 $memory$auto$proc_rom.cc:155:do_switch$436$rdmux[0][4][4]$a$4623 [0] 1'0 $memory$auto$proc_rom.cc:155:do_switch$436$rdmux[0][4][4]$a$4623 [0] $memory$auto$proc_rom.cc:155:do_switch$436$rdmux[0][4][4]$a$4623 [1] $memory$auto$proc_rom.cc:155:do_switch$436$rdmux[0][4][4]$a$4623 [1] 2'11 $memory$auto$proc_rom.cc:155:do_switch$436$rdmux[0][4][4]$a$4623 [0] 3'000 $memory$auto$proc_rom.cc:155:do_switch$436$rdmux[0][4][4]$a$4623 [1] }
    Consolidated identical input bits for $mux cell $memory$auto$proc_rom.cc:155:do_switch$436$rdmux[0][5][7]$4679:
      Old ports: A=32'10011011110111000000011010100111, B=32'11000001100110111111000101110100, Y=$memory$auto$proc_rom.cc:155:do_switch$436$rdmux[0][4][3]$b$4621
      New ports: A=2'01, B=2'10, Y={ $memory$auto$proc_rom.cc:155:do_switch$436$rdmux[0][4][3]$b$4621 [4] $memory$auto$proc_rom.cc:155:do_switch$436$rdmux[0][4][3]$b$4621 [0] }
      New connections: { $memory$auto$proc_rom.cc:155:do_switch$436$rdmux[0][4][3]$b$4621 [31:5] $memory$auto$proc_rom.cc:155:do_switch$436$rdmux[0][4][3]$b$4621 [3:1] } = { 1'1 $memory$auto$proc_rom.cc:155:do_switch$436$rdmux[0][4][3]$b$4621 [4] 1'0 $memory$auto$proc_rom.cc:155:do_switch$436$rdmux[0][4][3]$b$4621 [0] $memory$auto$proc_rom.cc:155:do_switch$436$rdmux[0][4][3]$b$4621 [0] 1'0 $memory$auto$proc_rom.cc:155:do_switch$436$rdmux[0][4][3]$b$4621 [0] 2'11 $memory$auto$proc_rom.cc:155:do_switch$436$rdmux[0][4][3]$b$4621 [0] 3'011 $memory$auto$proc_rom.cc:155:do_switch$436$rdmux[0][4][3]$b$4621 [0] $memory$auto$proc_rom.cc:155:do_switch$436$rdmux[0][4][3]$b$4621 [4] $memory$auto$proc_rom.cc:155:do_switch$436$rdmux[0][4][3]$b$4621 [4] $memory$auto$proc_rom.cc:155:do_switch$436$rdmux[0][4][3]$b$4621 [4] $memory$auto$proc_rom.cc:155:do_switch$436$rdmux[0][4][3]$b$4621 [4] $memory$auto$proc_rom.cc:155:do_switch$436$rdmux[0][4][3]$b$4621 [4] $memory$auto$proc_rom.cc:155:do_switch$436$rdmux[0][4][3]$b$4621 [4] 1'0 $memory$auto$proc_rom.cc:155:do_switch$436$rdmux[0][4][3]$b$4621 [0] $memory$auto$proc_rom.cc:155:do_switch$436$rdmux[0][4][3]$b$4621 [0] $memory$auto$proc_rom.cc:155:do_switch$436$rdmux[0][4][3]$b$4621 [4] $memory$auto$proc_rom.cc:155:do_switch$436$rdmux[0][4][3]$b$4621 [0] $memory$auto$proc_rom.cc:155:do_switch$436$rdmux[0][4][3]$b$4621 [4] 3'101 $memory$auto$proc_rom.cc:155:do_switch$436$rdmux[0][4][3]$b$4621 [0] }
    Consolidated identical input bits for $mux cell $memory$auto$proc_rom.cc:155:do_switch$436$rdmux[0][5][6]$4676:
      Old ports: A=1925078388, B=32'10000000110111101011000111111110, Y=$memory$auto$proc_rom.cc:155:do_switch$436$rdmux[0][4][3]$a$4620
      New ports: A=2'10, B=2'01, Y={ $memory$auto$proc_rom.cc:155:do_switch$436$rdmux[0][4][3]$a$4620 [10] $memory$auto$proc_rom.cc:155:do_switch$436$rdmux[0][4][3]$a$4620 [1] }
      New connections: { $memory$auto$proc_rom.cc:155:do_switch$436$rdmux[0][4][3]$a$4620 [31:11] $memory$auto$proc_rom.cc:155:do_switch$436$rdmux[0][4][3]$a$4620 [9:2] $memory$auto$proc_rom.cc:155:do_switch$436$rdmux[0][4][3]$a$4620 [0] } = { $memory$auto$proc_rom.cc:155:do_switch$436$rdmux[0][4][3]$a$4620 [1] $memory$auto$proc_rom.cc:155:do_switch$436$rdmux[0][4][3]$a$4620 [10] $memory$auto$proc_rom.cc:155:do_switch$436$rdmux[0][4][3]$a$4620 [10] $memory$auto$proc_rom.cc:155:do_switch$436$rdmux[0][4][3]$a$4620 [10] 2'00 $memory$auto$proc_rom.cc:155:do_switch$436$rdmux[0][4][3]$a$4620 [10] 2'01 $memory$auto$proc_rom.cc:155:do_switch$436$rdmux[0][4][3]$a$4620 [1] $memory$auto$proc_rom.cc:155:do_switch$436$rdmux[0][4][3]$a$4620 [10] 5'11110 $memory$auto$proc_rom.cc:155:do_switch$436$rdmux[0][4][3]$a$4620 [1] $memory$auto$proc_rom.cc:155:do_switch$436$rdmux[0][4][3]$a$4620 [10] $memory$auto$proc_rom.cc:155:do_switch$436$rdmux[0][4][3]$a$4620 [1] 1'1 $memory$auto$proc_rom.cc:155:do_switch$436$rdmux[0][4][3]$a$4620 [10] 2'01 $memory$auto$proc_rom.cc:155:do_switch$436$rdmux[0][4][3]$a$4620 [1] 3'111 $memory$auto$proc_rom.cc:155:do_switch$436$rdmux[0][4][3]$a$4620 [1] 2'10 }
    Consolidated identical input bits for $mux cell $memory$auto$proc_rom.cc:155:do_switch$436$rdmux[0][5][5]$4673:
      Old ports: A=607225278, B=1426881987, Y=$memory$auto$proc_rom.cc:155:do_switch$436$rdmux[0][4][2]$b$4618
      New ports: A=2'10, B=2'01, Y={ $memory$auto$proc_rom.cc:155:do_switch$436$rdmux[0][4][2]$b$4618 [2] $memory$auto$proc_rom.cc:155:do_switch$436$rdmux[0][4][2]$b$4618 [0] }
      New connections: { $memory$auto$proc_rom.cc:155:do_switch$436$rdmux[0][4][2]$b$4618 [31:3] $memory$auto$proc_rom.cc:155:do_switch$436$rdmux[0][4][2]$b$4618 [1] } = { 1'0 $memory$auto$proc_rom.cc:155:do_switch$436$rdmux[0][4][2]$b$4618 [0] $memory$auto$proc_rom.cc:155:do_switch$436$rdmux[0][4][2]$b$4618 [2] $memory$auto$proc_rom.cc:155:do_switch$436$rdmux[0][4][2]$b$4618 [0] 3'010 $memory$auto$proc_rom.cc:155:do_switch$436$rdmux[0][4][2]$b$4618 [0] 2'00 $memory$auto$proc_rom.cc:155:do_switch$436$rdmux[0][4][2]$b$4618 [2] $memory$auto$proc_rom.cc:155:do_switch$436$rdmux[0][4][2]$b$4618 [2] $memory$auto$proc_rom.cc:155:do_switch$436$rdmux[0][4][2]$b$4618 [0] $memory$auto$proc_rom.cc:155:do_switch$436$rdmux[0][4][2]$b$4618 [0] 1'0 $memory$auto$proc_rom.cc:155:do_switch$436$rdmux[0][4][2]$b$4618 [2] $memory$auto$proc_rom.cc:155:do_switch$436$rdmux[0][4][2]$b$4618 [2] $memory$auto$proc_rom.cc:155:do_switch$436$rdmux[0][4][2]$b$4618 [0] $memory$auto$proc_rom.cc:155:do_switch$436$rdmux[0][4][2]$b$4618 [0] $memory$auto$proc_rom.cc:155:do_switch$436$rdmux[0][4][2]$b$4618 [0] $memory$auto$proc_rom.cc:155:do_switch$436$rdmux[0][4][2]$b$4618 [0] 4'1011 $memory$auto$proc_rom.cc:155:do_switch$436$rdmux[0][4][2]$b$4618 [0] $memory$auto$proc_rom.cc:155:do_switch$436$rdmux[0][4][2]$b$4618 [2] $memory$auto$proc_rom.cc:155:do_switch$436$rdmux[0][4][2]$b$4618 [2] $memory$auto$proc_rom.cc:155:do_switch$436$rdmux[0][4][2]$b$4618 [2] 1'1 }
    Consolidated identical input bits for $mux cell $memory$auto$proc_rom.cc:155:do_switch$436$rdmux[0][5][4]$4670:
      Old ports: A=32'11011000000001111010101010011000, B=310598401, Y=$memory$auto$proc_rom.cc:155:do_switch$436$rdmux[0][4][2]$a$4617
      New ports: A=2'10, B=2'01, Y={ $memory$auto$proc_rom.cc:155:do_switch$436$rdmux[0][4][2]$a$4617 [3] $memory$auto$proc_rom.cc:155:do_switch$436$rdmux[0][4][2]$a$4617 [0] }
      New connections: { $memory$auto$proc_rom.cc:155:do_switch$436$rdmux[0][4][2]$a$4617 [31:4] $memory$auto$proc_rom.cc:155:do_switch$436$rdmux[0][4][2]$a$4617 [2:1] } = { $memory$auto$proc_rom.cc:155:do_switch$436$rdmux[0][4][2]$a$4617 [3] $memory$auto$proc_rom.cc:155:do_switch$436$rdmux[0][4][2]$a$4617 [3] 2'01 $memory$auto$proc_rom.cc:155:do_switch$436$rdmux[0][4][2]$a$4617 [3] 1'0 $memory$auto$proc_rom.cc:155:do_switch$436$rdmux[0][4][2]$a$4617 [0] 1'0 $memory$auto$proc_rom.cc:155:do_switch$436$rdmux[0][4][2]$a$4617 [0] 4'0000 $memory$auto$proc_rom.cc:155:do_switch$436$rdmux[0][4][2]$a$4617 [3] 2'11 $memory$auto$proc_rom.cc:155:do_switch$436$rdmux[0][4][2]$a$4617 [3] $memory$auto$proc_rom.cc:155:do_switch$436$rdmux[0][4][2]$a$4617 [0] $memory$auto$proc_rom.cc:155:do_switch$436$rdmux[0][4][2]$a$4617 [3] $memory$auto$proc_rom.cc:155:do_switch$436$rdmux[0][4][2]$a$4617 [0] 3'101 $memory$auto$proc_rom.cc:155:do_switch$436$rdmux[0][4][2]$a$4617 [0] $memory$auto$proc_rom.cc:155:do_switch$436$rdmux[0][4][2]$a$4617 [3] 2'00 $memory$auto$proc_rom.cc:155:do_switch$436$rdmux[0][4][2]$a$4617 [3] 2'00 }
    Consolidated identical input bits for $mux cell $memory$auto$proc_rom.cc:155:do_switch$436$rdmux[0][5][3]$4667:
      Old ports: A=32'10010010001111111000001010100100, B=32'10101011000111000101111011010101, Y=$memory$auto$proc_rom.cc:155:do_switch$436$rdmux[0][4][1]$b$4615
      New ports: A=2'10, B=2'01, Y={ $memory$auto$proc_rom.cc:155:do_switch$436$rdmux[0][4][1]$b$4615 [5] $memory$auto$proc_rom.cc:155:do_switch$436$rdmux[0][4][1]$b$4615 [0] }
      New connections: { $memory$auto$proc_rom.cc:155:do_switch$436$rdmux[0][4][1]$b$4615 [31:6] $memory$auto$proc_rom.cc:155:do_switch$436$rdmux[0][4][1]$b$4615 [4:1] } = { 2'10 $memory$auto$proc_rom.cc:155:do_switch$436$rdmux[0][4][1]$b$4615 [0] $memory$auto$proc_rom.cc:155:do_switch$436$rdmux[0][4][1]$b$4615 [5] $memory$auto$proc_rom.cc:155:do_switch$436$rdmux[0][4][1]$b$4615 [0] 2'01 $memory$auto$proc_rom.cc:155:do_switch$436$rdmux[0][4][1]$b$4615 [0] 2'00 $memory$auto$proc_rom.cc:155:do_switch$436$rdmux[0][4][1]$b$4615 [5] 3'111 $memory$auto$proc_rom.cc:155:do_switch$436$rdmux[0][4][1]$b$4615 [5] $memory$auto$proc_rom.cc:155:do_switch$436$rdmux[0][4][1]$b$4615 [5] $memory$auto$proc_rom.cc:155:do_switch$436$rdmux[0][4][1]$b$4615 [5] $memory$auto$proc_rom.cc:155:do_switch$436$rdmux[0][4][1]$b$4615 [0] 1'0 $memory$auto$proc_rom.cc:155:do_switch$436$rdmux[0][4][1]$b$4615 [0] $memory$auto$proc_rom.cc:155:do_switch$436$rdmux[0][4][1]$b$4615 [0] $memory$auto$proc_rom.cc:155:do_switch$436$rdmux[0][4][1]$b$4615 [0] 3'101 $memory$auto$proc_rom.cc:155:do_switch$436$rdmux[0][4][1]$b$4615 [0] $memory$auto$proc_rom.cc:155:do_switch$436$rdmux[0][4][1]$b$4615 [0] 3'010 }
    Consolidated identical input bits for $mux cell $memory$auto$proc_rom.cc:155:do_switch$436$rdmux[0][5][2]$4664:
      Old ports: A=961987163, B=1508970993, Y=$memory$auto$proc_rom.cc:155:do_switch$436$rdmux[0][4][1]$a$4614
      New ports: A=2'01, B=2'10, Y={ $memory$auto$proc_rom.cc:155:do_switch$436$rdmux[0][4][1]$a$4614 [5] $memory$auto$proc_rom.cc:155:do_switch$436$rdmux[0][4][1]$a$4614 [1] }
      New connections: { $memory$auto$proc_rom.cc:155:do_switch$436$rdmux[0][4][1]$a$4614 [31:6] $memory$auto$proc_rom.cc:155:do_switch$436$rdmux[0][4][1]$a$4614 [4:2] $memory$auto$proc_rom.cc:155:do_switch$436$rdmux[0][4][1]$a$4614 [0] } = { 1'0 $memory$auto$proc_rom.cc:155:do_switch$436$rdmux[0][4][1]$a$4614 [5] $memory$auto$proc_rom.cc:155:do_switch$436$rdmux[0][4][1]$a$4614 [1] 5'11001 $memory$auto$proc_rom.cc:155:do_switch$436$rdmux[0][4][1]$a$4614 [5] 1'1 $memory$auto$proc_rom.cc:155:do_switch$436$rdmux[0][4][1]$a$4614 [5] 2'10 $memory$auto$proc_rom.cc:155:do_switch$436$rdmux[0][4][1]$a$4614 [1] $memory$auto$proc_rom.cc:155:do_switch$436$rdmux[0][4][1]$a$4614 [1] $memory$auto$proc_rom.cc:155:do_switch$436$rdmux[0][4][1]$a$4614 [5] $memory$auto$proc_rom.cc:155:do_switch$436$rdmux[0][4][1]$a$4614 [1] $memory$auto$proc_rom.cc:155:do_switch$436$rdmux[0][4][1]$a$4614 [1] 1'0 $memory$auto$proc_rom.cc:155:do_switch$436$rdmux[0][4][1]$a$4614 [5] 2'00 $memory$auto$proc_rom.cc:155:do_switch$436$rdmux[0][4][1]$a$4614 [1] $memory$auto$proc_rom.cc:155:do_switch$436$rdmux[0][4][1]$a$4614 [5] $memory$auto$proc_rom.cc:155:do_switch$436$rdmux[0][4][1]$a$4614 [5] 2'11 $memory$auto$proc_rom.cc:155:do_switch$436$rdmux[0][4][1]$a$4614 [1] 2'01 }
    Consolidated identical input bits for $mux cell $memory$auto$proc_rom.cc:155:do_switch$436$rdmux[0][5][1]$4661:
      Old ports: A=32'10110101110000001111101111001111, B=32'11101001101101011101101110100101, Y=$memory$auto$proc_rom.cc:155:do_switch$436$rdmux[0][4][0]$b$4612
      New ports: A=2'01, B=2'10, Y={ $memory$auto$proc_rom.cc:155:do_switch$436$rdmux[0][4][0]$b$4612 [5] $memory$auto$proc_rom.cc:155:do_switch$436$rdmux[0][4][0]$b$4612 [1] }
      New connections: { $memory$auto$proc_rom.cc:155:do_switch$436$rdmux[0][4][0]$b$4612 [31:6] $memory$auto$proc_rom.cc:155:do_switch$436$rdmux[0][4][0]$b$4612 [4:2] $memory$auto$proc_rom.cc:155:do_switch$436$rdmux[0][4][0]$b$4612 [0] } = { 1'1 $memory$auto$proc_rom.cc:155:do_switch$436$rdmux[0][4][0]$b$4612 [5] 1'1 $memory$auto$proc_rom.cc:155:do_switch$436$rdmux[0][4][0]$b$4612 [1] $memory$auto$proc_rom.cc:155:do_switch$436$rdmux[0][4][0]$b$4612 [5] $memory$auto$proc_rom.cc:155:do_switch$436$rdmux[0][4][0]$b$4612 [1] 3'011 $memory$auto$proc_rom.cc:155:do_switch$436$rdmux[0][4][0]$b$4612 [1] $memory$auto$proc_rom.cc:155:do_switch$436$rdmux[0][4][0]$b$4612 [5] $memory$auto$proc_rom.cc:155:do_switch$436$rdmux[0][4][0]$b$4612 [5] 1'0 $memory$auto$proc_rom.cc:155:do_switch$436$rdmux[0][4][0]$b$4612 [5] 1'0 $memory$auto$proc_rom.cc:155:do_switch$436$rdmux[0][4][0]$b$4612 [5] 2'11 $memory$auto$proc_rom.cc:155:do_switch$436$rdmux[0][4][0]$b$4612 [1] 6'110111 $memory$auto$proc_rom.cc:155:do_switch$436$rdmux[0][4][0]$b$4612 [1] 1'0 $memory$auto$proc_rom.cc:155:do_switch$436$rdmux[0][4][0]$b$4612 [1] 2'11 }
    Consolidated identical input bits for $mux cell $memory$auto$proc_rom.cc:155:do_switch$436$rdmux[0][5][0]$4658:
      Old ports: A=1116352408, B=1899447441, Y=$memory$auto$proc_rom.cc:155:do_switch$436$rdmux[0][4][0]$a$4611
      New ports: A=2'10, B=2'01, Y={ $memory$auto$proc_rom.cc:155:do_switch$436$rdmux[0][4][0]$a$4611 [3] $memory$auto$proc_rom.cc:155:do_switch$436$rdmux[0][4][0]$a$4611 [0] }
      New connections: { $memory$auto$proc_rom.cc:155:do_switch$436$rdmux[0][4][0]$a$4611 [31:4] $memory$auto$proc_rom.cc:155:do_switch$436$rdmux[0][4][0]$a$4611 [2:1] } = { 2'01 $memory$auto$proc_rom.cc:155:do_switch$436$rdmux[0][4][0]$a$4611 [0] $memory$auto$proc_rom.cc:155:do_switch$436$rdmux[0][4][0]$a$4611 [0] 2'00 $memory$auto$proc_rom.cc:155:do_switch$436$rdmux[0][4][0]$a$4611 [3] $memory$auto$proc_rom.cc:155:do_switch$436$rdmux[0][4][0]$a$4611 [0] $memory$auto$proc_rom.cc:155:do_switch$436$rdmux[0][4][0]$a$4611 [3] 1'0 $memory$auto$proc_rom.cc:155:do_switch$436$rdmux[0][4][0]$a$4611 [0] $memory$auto$proc_rom.cc:155:do_switch$436$rdmux[0][4][0]$a$4611 [0] $memory$auto$proc_rom.cc:155:do_switch$436$rdmux[0][4][0]$a$4611 [3] $memory$auto$proc_rom.cc:155:do_switch$436$rdmux[0][4][0]$a$4611 [0] 1'1 $memory$auto$proc_rom.cc:155:do_switch$436$rdmux[0][4][0]$a$4611 [0] 1'0 $memory$auto$proc_rom.cc:155:do_switch$436$rdmux[0][4][0]$a$4611 [0] $memory$auto$proc_rom.cc:155:do_switch$436$rdmux[0][4][0]$a$4611 [3] 1'0 $memory$auto$proc_rom.cc:155:do_switch$436$rdmux[0][4][0]$a$4611 [3] 1'1 $memory$auto$proc_rom.cc:155:do_switch$436$rdmux[0][4][0]$a$4611 [3] $memory$auto$proc_rom.cc:155:do_switch$436$rdmux[0][4][0]$a$4611 [3] 6'100100 }
    Consolidated identical input bits for $mux cell $memory$auto$proc_rom.cc:155:do_switch$436$rdmux[0][5][31]$4751:
      Old ports: A=32'10111110111110011010001111110111, B=32'11000110011100010111100011110010, Y=$memory$auto$proc_rom.cc:155:do_switch$436$rdmux[0][4][15]$b$4657
      New ports: A=2'01, B=2'10, Y={ $memory$auto$proc_rom.cc:155:do_switch$436$rdmux[0][4][15]$b$4657 [11] $memory$auto$proc_rom.cc:155:do_switch$436$rdmux[0][4][15]$b$4657 [0] }
      New connections: { $memory$auto$proc_rom.cc:155:do_switch$436$rdmux[0][4][15]$b$4657 [31:12] $memory$auto$proc_rom.cc:155:do_switch$436$rdmux[0][4][15]$b$4657 [10:1] } = { 1'1 $memory$auto$proc_rom.cc:155:do_switch$436$rdmux[0][4][15]$b$4657 [11] $memory$auto$proc_rom.cc:155:do_switch$436$rdmux[0][4][15]$b$4657 [0] $memory$auto$proc_rom.cc:155:do_switch$436$rdmux[0][4][15]$b$4657 [0] $memory$auto$proc_rom.cc:155:do_switch$436$rdmux[0][4][15]$b$4657 [0] 3'110 $memory$auto$proc_rom.cc:155:do_switch$436$rdmux[0][4][15]$b$4657 [0] 3'111 $memory$auto$proc_rom.cc:155:do_switch$436$rdmux[0][4][15]$b$4657 [0] 3'001 $memory$auto$proc_rom.cc:155:do_switch$436$rdmux[0][4][15]$b$4657 [0] $memory$auto$proc_rom.cc:155:do_switch$436$rdmux[0][4][15]$b$4657 [11] 1'1 $memory$auto$proc_rom.cc:155:do_switch$436$rdmux[0][4][15]$b$4657 [11] 1'0 $memory$auto$proc_rom.cc:155:do_switch$436$rdmux[0][4][15]$b$4657 [0] $memory$auto$proc_rom.cc:155:do_switch$436$rdmux[0][4][15]$b$4657 [0] 5'11110 $memory$auto$proc_rom.cc:155:do_switch$436$rdmux[0][4][15]$b$4657 [0] 1'1 }
    Consolidated identical input bits for $mux cell $memory$auto$proc_rom.cc:155:do_switch$436$rdmux[0][5][30]$4748:
      Old ports: A=32'10010000101111101111111111111010, B=32'10100100010100000110110011101011, Y=$memory$auto$proc_rom.cc:155:do_switch$436$rdmux[0][4][15]$a$4656
      New ports: A=2'10, B=2'01, Y={ $memory$auto$proc_rom.cc:155:do_switch$436$rdmux[0][4][15]$a$4656 [4] $memory$auto$proc_rom.cc:155:do_switch$436$rdmux[0][4][15]$a$4656 [0] }
      New connections: { $memory$auto$proc_rom.cc:155:do_switch$436$rdmux[0][4][15]$a$4656 [31:5] $memory$auto$proc_rom.cc:155:do_switch$436$rdmux[0][4][15]$a$4656 [3:1] } = { 2'10 $memory$auto$proc_rom.cc:155:do_switch$436$rdmux[0][4][15]$a$4656 [0] $memory$auto$proc_rom.cc:155:do_switch$436$rdmux[0][4][15]$a$4656 [4] 1'0 $memory$auto$proc_rom.cc:155:do_switch$436$rdmux[0][4][15]$a$4656 [0] 2'00 $memory$auto$proc_rom.cc:155:do_switch$436$rdmux[0][4][15]$a$4656 [4] $memory$auto$proc_rom.cc:155:do_switch$436$rdmux[0][4][15]$a$4656 [0] $memory$auto$proc_rom.cc:155:do_switch$436$rdmux[0][4][15]$a$4656 [4] 1'1 $memory$auto$proc_rom.cc:155:do_switch$436$rdmux[0][4][15]$a$4656 [4] $memory$auto$proc_rom.cc:155:do_switch$436$rdmux[0][4][15]$a$4656 [4] $memory$auto$proc_rom.cc:155:do_switch$436$rdmux[0][4][15]$a$4656 [4] 1'0 $memory$auto$proc_rom.cc:155:do_switch$436$rdmux[0][4][15]$a$4656 [4] 2'11 $memory$auto$proc_rom.cc:155:do_switch$436$rdmux[0][4][15]$a$4656 [4] 2'11 $memory$auto$proc_rom.cc:155:do_switch$436$rdmux[0][4][15]$a$4656 [4] $memory$auto$proc_rom.cc:155:do_switch$436$rdmux[0][4][15]$a$4656 [4] 6'111101 }
    Consolidated identical input bits for $mux cell $memory$auto$proc_rom.cc:155:do_switch$436$rdmux[0][5][29]$4745:
      Old ports: A=32'10000100110010000111100000010100, B=32'10001100110001110000001000001000, Y=$memory$auto$proc_rom.cc:155:do_switch$436$rdmux[0][4][14]$b$4654
      New ports: A=2'01, B=2'10, Y=$memory$auto$proc_rom.cc:155:do_switch$436$rdmux[0][4][14]$b$4654 [3:2]
      New connections: { $memory$auto$proc_rom.cc:155:do_switch$436$rdmux[0][4][14]$b$4654 [31:4] $memory$auto$proc_rom.cc:155:do_switch$436$rdmux[0][4][14]$b$4654 [1:0] } = { 4'1000 $memory$auto$proc_rom.cc:155:do_switch$436$rdmux[0][4][14]$b$4654 [3] 7'1001100 $memory$auto$proc_rom.cc:155:do_switch$436$rdmux[0][4][14]$b$4654 [2] $memory$auto$proc_rom.cc:155:do_switch$436$rdmux[0][4][14]$b$4654 [3] $memory$auto$proc_rom.cc:155:do_switch$436$rdmux[0][4][14]$b$4654 [3] $memory$auto$proc_rom.cc:155:do_switch$436$rdmux[0][4][14]$b$4654 [3] 1'0 $memory$auto$proc_rom.cc:155:do_switch$436$rdmux[0][4][14]$b$4654 [2] $memory$auto$proc_rom.cc:155:do_switch$436$rdmux[0][4][14]$b$4654 [2] $memory$auto$proc_rom.cc:155:do_switch$436$rdmux[0][4][14]$b$4654 [2] $memory$auto$proc_rom.cc:155:do_switch$436$rdmux[0][4][14]$b$4654 [2] 1'0 $memory$auto$proc_rom.cc:155:do_switch$436$rdmux[0][4][14]$b$4654 [3] 4'0000 $memory$auto$proc_rom.cc:155:do_switch$436$rdmux[0][4][14]$b$4654 [2] 2'00 }
    Consolidated identical input bits for $mux cell $memory$auto$proc_rom.cc:155:do_switch$436$rdmux[0][5][28]$4742:
      Old ports: A=1955562222, B=2024104815, Y=$memory$auto$proc_rom.cc:155:do_switch$436$rdmux[0][4][14]$a$4653
      New ports: A=2'10, B=2'01, Y={ $memory$auto$proc_rom.cc:155:do_switch$436$rdmux[0][4][14]$a$4653 [7] $memory$auto$proc_rom.cc:155:do_switch$436$rdmux[0][4][14]$a$4653 [0] }
      New connections: { $memory$auto$proc_rom.cc:155:do_switch$436$rdmux[0][4][14]$a$4653 [31:8] $memory$auto$proc_rom.cc:155:do_switch$436$rdmux[0][4][14]$a$4653 [6:1] } = { 4'0111 $memory$auto$proc_rom.cc:155:do_switch$436$rdmux[0][4][14]$a$4653 [0] $memory$auto$proc_rom.cc:155:do_switch$436$rdmux[0][4][14]$a$4653 [7] 4'0010 $memory$auto$proc_rom.cc:155:do_switch$436$rdmux[0][4][14]$a$4653 [0] 1'0 $memory$auto$proc_rom.cc:155:do_switch$436$rdmux[0][4][14]$a$4653 [7] 1'1 $memory$auto$proc_rom.cc:155:do_switch$436$rdmux[0][4][14]$a$4653 [7] 1'1 $memory$auto$proc_rom.cc:155:do_switch$436$rdmux[0][4][14]$a$4653 [7] $memory$auto$proc_rom.cc:155:do_switch$436$rdmux[0][4][14]$a$4653 [0] $memory$auto$proc_rom.cc:155:do_switch$436$rdmux[0][4][14]$a$4653 [0] 4'0001 $memory$auto$proc_rom.cc:155:do_switch$436$rdmux[0][4][14]$a$4653 [0] 6'110111 }
    Consolidated identical input bits for $mux cell $memory$auto$proc_rom.cc:155:do_switch$436$rdmux[0][5][27]$4739:
      Old ports: A=1537002063, B=1747873779, Y=$memory$auto$proc_rom.cc:155:do_switch$436$rdmux[0][4][13]$b$4651
      New ports: A=2'01, B=2'10, Y={ $memory$auto$proc_rom.cc:155:do_switch$436$rdmux[0][4][13]$b$4651 [4] $memory$auto$proc_rom.cc:155:do_switch$436$rdmux[0][4][13]$b$4651 [2] }
      New connections: { $memory$auto$proc_rom.cc:155:do_switch$436$rdmux[0][4][13]$b$4651 [31:5] $memory$auto$proc_rom.cc:155:do_switch$436$rdmux[0][4][13]$b$4651 [3] $memory$auto$proc_rom.cc:155:do_switch$436$rdmux[0][4][13]$b$4651 [1:0] } = { 2'01 $memory$auto$proc_rom.cc:155:do_switch$436$rdmux[0][4][13]$b$4651 [4] $memory$auto$proc_rom.cc:155:do_switch$436$rdmux[0][4][13]$b$4651 [2] 2'10 $memory$auto$proc_rom.cc:155:do_switch$436$rdmux[0][4][13]$b$4651 [2] $memory$auto$proc_rom.cc:155:do_switch$436$rdmux[0][4][13]$b$4651 [2] $memory$auto$proc_rom.cc:155:do_switch$436$rdmux[0][4][13]$b$4651 [2] 1'0 $memory$auto$proc_rom.cc:155:do_switch$436$rdmux[0][4][13]$b$4651 [4] $memory$auto$proc_rom.cc:155:do_switch$436$rdmux[0][4][13]$b$4651 [2] 2'11 $memory$auto$proc_rom.cc:155:do_switch$436$rdmux[0][4][13]$b$4651 [4] 1'0 $memory$auto$proc_rom.cc:155:do_switch$436$rdmux[0][4][13]$b$4651 [2] 1'1 $memory$auto$proc_rom.cc:155:do_switch$436$rdmux[0][4][13]$b$4651 [4] 2'01 $memory$auto$proc_rom.cc:155:do_switch$436$rdmux[0][4][13]$b$4651 [4] 1'1 $memory$auto$proc_rom.cc:155:do_switch$436$rdmux[0][4][13]$b$4651 [4] $memory$auto$proc_rom.cc:155:do_switch$436$rdmux[0][4][13]$b$4651 [4] 1'1 $memory$auto$proc_rom.cc:155:do_switch$436$rdmux[0][4][13]$b$4651 [4] $memory$auto$proc_rom.cc:155:do_switch$436$rdmux[0][4][13]$b$4651 [2] 2'11 }
    Consolidated identical input bits for $mux cell $memory$auto$proc_rom.cc:155:do_switch$436$rdmux[0][5][26]$4736:
      Old ports: A=958139571, B=1322822218, Y=$memory$auto$proc_rom.cc:155:do_switch$436$rdmux[0][4][13]$a$4650
      New ports: A=2'01, B=2'10, Y={ $memory$auto$proc_rom.cc:155:do_switch$436$rdmux[0][4][13]$a$4650 [3] $memory$auto$proc_rom.cc:155:do_switch$436$rdmux[0][4][13]$a$4650 [0] }
      New connections: { $memory$auto$proc_rom.cc:155:do_switch$436$rdmux[0][4][13]$a$4650 [31:4] $memory$auto$proc_rom.cc:155:do_switch$436$rdmux[0][4][13]$a$4650 [2:1] } = { 1'0 $memory$auto$proc_rom.cc:155:do_switch$436$rdmux[0][4][13]$a$4650 [3] $memory$auto$proc_rom.cc:155:do_switch$436$rdmux[0][4][13]$a$4650 [0] $memory$auto$proc_rom.cc:155:do_switch$436$rdmux[0][4][13]$a$4650 [0] 1'1 $memory$auto$proc_rom.cc:155:do_switch$436$rdmux[0][4][13]$a$4650 [3] $memory$auto$proc_rom.cc:155:do_switch$436$rdmux[0][4][13]$a$4650 [3] $memory$auto$proc_rom.cc:155:do_switch$436$rdmux[0][4][13]$a$4650 [0] $memory$auto$proc_rom.cc:155:do_switch$436$rdmux[0][4][13]$a$4650 [3] $memory$auto$proc_rom.cc:155:do_switch$436$rdmux[0][4][13]$a$4650 [3] 3'011 $memory$auto$proc_rom.cc:155:do_switch$436$rdmux[0][4][13]$a$4650 [0] 2'00 $memory$auto$proc_rom.cc:155:do_switch$436$rdmux[0][4][13]$a$4650 [3] 1'0 $memory$auto$proc_rom.cc:155:do_switch$436$rdmux[0][4][13]$a$4650 [3] 2'01 $memory$auto$proc_rom.cc:155:do_switch$436$rdmux[0][4][13]$a$4650 [0] $memory$auto$proc_rom.cc:155:do_switch$436$rdmux[0][4][13]$a$4650 [3] 1'0 $memory$auto$proc_rom.cc:155:do_switch$436$rdmux[0][4][13]$a$4650 [0] $memory$auto$proc_rom.cc:155:do_switch$436$rdmux[0][4][13]$a$4650 [3] $memory$auto$proc_rom.cc:155:do_switch$436$rdmux[0][4][13]$a$4650 [0] $memory$auto$proc_rom.cc:155:do_switch$436$rdmux[0][4][13]$a$4650 [0] 2'01 }
    Consolidated identical input bits for $mux cell $memory$auto$proc_rom.cc:155:do_switch$436$rdmux[0][5][25]$4733:
      Old ports: A=659060556, B=883997877, Y=$memory$auto$proc_rom.cc:155:do_switch$436$rdmux[0][4][12]$b$4648
      New ports: A=2'10, B=2'01, Y={ $memory$auto$proc_rom.cc:155:do_switch$436$rdmux[0][4][12]$b$4648 [3] $memory$auto$proc_rom.cc:155:do_switch$436$rdmux[0][4][12]$b$4648 [0] }
      New connections: { $memory$auto$proc_rom.cc:155:do_switch$436$rdmux[0][4][12]$b$4648 [31:4] $memory$auto$proc_rom.cc:155:do_switch$436$rdmux[0][4][12]$b$4648 [2:1] } = { 3'001 $memory$auto$proc_rom.cc:155:do_switch$436$rdmux[0][4][12]$b$4648 [0] 2'01 $memory$auto$proc_rom.cc:155:do_switch$436$rdmux[0][4][12]$b$4648 [3] $memory$auto$proc_rom.cc:155:do_switch$436$rdmux[0][4][12]$b$4648 [3] $memory$auto$proc_rom.cc:155:do_switch$436$rdmux[0][4][12]$b$4648 [0] $memory$auto$proc_rom.cc:155:do_switch$436$rdmux[0][4][12]$b$4648 [3] $memory$auto$proc_rom.cc:155:do_switch$436$rdmux[0][4][12]$b$4648 [0] $memory$auto$proc_rom.cc:155:do_switch$436$rdmux[0][4][12]$b$4648 [0] $memory$auto$proc_rom.cc:155:do_switch$436$rdmux[0][4][12]$b$4648 [3] 3'000 $memory$auto$proc_rom.cc:155:do_switch$436$rdmux[0][4][12]$b$4648 [0] $memory$auto$proc_rom.cc:155:do_switch$436$rdmux[0][4][12]$b$4648 [3] 2'11 $memory$auto$proc_rom.cc:155:do_switch$436$rdmux[0][4][12]$b$4648 [0] 1'1 $memory$auto$proc_rom.cc:155:do_switch$436$rdmux[0][4][12]$b$4648 [3] $memory$auto$proc_rom.cc:155:do_switch$436$rdmux[0][4][12]$b$4648 [3] $memory$auto$proc_rom.cc:155:do_switch$436$rdmux[0][4][12]$b$4648 [0] $memory$auto$proc_rom.cc:155:do_switch$436$rdmux[0][4][12]$b$4648 [3] $memory$auto$proc_rom.cc:155:do_switch$436$rdmux[0][4][12]$b$4648 [0] $memory$auto$proc_rom.cc:155:do_switch$436$rdmux[0][4][12]$b$4648 [0] 2'10 }
    Consolidated identical input bits for $mux cell $memory$auto$proc_rom.cc:155:do_switch$436$rdmux[0][5][24]$4730:
      Old ports: A=430227734, B=506948616, Y=$memory$auto$proc_rom.cc:155:do_switch$436$rdmux[0][4][12]$a$4647
      New ports: A=2'01, B=2'10, Y={ $memory$auto$proc_rom.cc:155:do_switch$436$rdmux[0][4][12]$a$4647 [3] $memory$auto$proc_rom.cc:155:do_switch$436$rdmux[0][4][12]$a$4647 [1] }
      New connections: { $memory$auto$proc_rom.cc:155:do_switch$436$rdmux[0][4][12]$a$4647 [31:4] $memory$auto$proc_rom.cc:155:do_switch$436$rdmux[0][4][12]$a$4647 [2] $memory$auto$proc_rom.cc:155:do_switch$436$rdmux[0][4][12]$a$4647 [0] } = { 5'00011 $memory$auto$proc_rom.cc:155:do_switch$436$rdmux[0][4][12]$a$4647 [3] $memory$auto$proc_rom.cc:155:do_switch$436$rdmux[0][4][12]$a$4647 [3] $memory$auto$proc_rom.cc:155:do_switch$436$rdmux[0][4][12]$a$4647 [1] $memory$auto$proc_rom.cc:155:do_switch$436$rdmux[0][4][12]$a$4647 [1] 2'01 $memory$auto$proc_rom.cc:155:do_switch$436$rdmux[0][4][12]$a$4647 [3] 2'01 $memory$auto$proc_rom.cc:155:do_switch$436$rdmux[0][4][12]$a$4647 [3] $memory$auto$proc_rom.cc:155:do_switch$436$rdmux[0][4][12]$a$4647 [3] $memory$auto$proc_rom.cc:155:do_switch$436$rdmux[0][4][12]$a$4647 [1] 1'1 $memory$auto$proc_rom.cc:155:do_switch$436$rdmux[0][4][12]$a$4647 [3] 1'0 $memory$auto$proc_rom.cc:155:do_switch$436$rdmux[0][4][12]$a$4647 [3] $memory$auto$proc_rom.cc:155:do_switch$436$rdmux[0][4][12]$a$4647 [3] 1'0 $memory$auto$proc_rom.cc:155:do_switch$436$rdmux[0][4][12]$a$4647 [1] 3'000 $memory$auto$proc_rom.cc:155:do_switch$436$rdmux[0][4][12]$a$4647 [1] $memory$auto$proc_rom.cc:155:do_switch$436$rdmux[0][4][12]$a$4647 [1] 1'0 }
    Consolidated identical input bits for $mux cell $memory$auto$proc_rom.cc:155:do_switch$436$rdmux[0][5][23]$4727:
      Old ports: A=32'11110100000011100011010110000101, B=275423344, Y=$memory$auto$proc_rom.cc:155:do_switch$436$rdmux[0][4][11]$b$4645
      New ports: A=2'01, B=2'10, Y={ $memory$auto$proc_rom.cc:155:do_switch$436$rdmux[0][4][11]$b$4645 [4] $memory$auto$proc_rom.cc:155:do_switch$436$rdmux[0][4][11]$b$4645 [0] }
      New connections: { $memory$auto$proc_rom.cc:155:do_switch$436$rdmux[0][4][11]$b$4645 [31:5] $memory$auto$proc_rom.cc:155:do_switch$436$rdmux[0][4][11]$b$4645 [3:1] } = { $memory$auto$proc_rom.cc:155:do_switch$436$rdmux[0][4][11]$b$4645 [0] $memory$auto$proc_rom.cc:155:do_switch$436$rdmux[0][4][11]$b$4645 [0] $memory$auto$proc_rom.cc:155:do_switch$436$rdmux[0][4][11]$b$4645 [0] 2'10 $memory$auto$proc_rom.cc:155:do_switch$436$rdmux[0][4][11]$b$4645 [0] 3'000 $memory$auto$proc_rom.cc:155:do_switch$436$rdmux[0][4][11]$b$4645 [4] $memory$auto$proc_rom.cc:155:do_switch$436$rdmux[0][4][11]$b$4645 [4] 2'01 $memory$auto$proc_rom.cc:155:do_switch$436$rdmux[0][4][11]$b$4645 [0] 2'10 $memory$auto$proc_rom.cc:155:do_switch$436$rdmux[0][4][11]$b$4645 [4] 2'01 $memory$auto$proc_rom.cc:155:do_switch$436$rdmux[0][4][11]$b$4645 [0] 1'0 $memory$auto$proc_rom.cc:155:do_switch$436$rdmux[0][4][11]$b$4645 [0] 1'0 $memory$auto$proc_rom.cc:155:do_switch$436$rdmux[0][4][11]$b$4645 [0] $memory$auto$proc_rom.cc:155:do_switch$436$rdmux[0][4][11]$b$4645 [0] $memory$auto$proc_rom.cc:155:do_switch$436$rdmux[0][4][11]$b$4645 [4] $memory$auto$proc_rom.cc:155:do_switch$436$rdmux[0][4][11]$b$4645 [4] 1'0 $memory$auto$proc_rom.cc:155:do_switch$436$rdmux[0][4][11]$b$4645 [0] 1'0 }
    Consolidated identical input bits for $mux cell $memory$auto$proc_rom.cc:155:do_switch$436$rdmux[0][5][22]$4724:
      Old ports: A=32'11010001100100101110100000011001, B=32'11010110100110010000011000100100, Y=$memory$auto$proc_rom.cc:155:do_switch$436$rdmux[0][4][11]$a$4644
      New ports: A=2'01, B=2'10, Y={ $memory$auto$proc_rom.cc:155:do_switch$436$rdmux[0][4][11]$a$4644 [2] $memory$auto$proc_rom.cc:155:do_switch$436$rdmux[0][4][11]$a$4644 [0] }
      New connections: { $memory$auto$proc_rom.cc:155:do_switch$436$rdmux[0][4][11]$a$4644 [31:3] $memory$auto$proc_rom.cc:155:do_switch$436$rdmux[0][4][11]$a$4644 [1] } = { 5'11010 $memory$auto$proc_rom.cc:155:do_switch$436$rdmux[0][4][11]$a$4644 [2] $memory$auto$proc_rom.cc:155:do_switch$436$rdmux[0][4][11]$a$4644 [2] $memory$auto$proc_rom.cc:155:do_switch$436$rdmux[0][4][11]$a$4644 [0] 4'1001 $memory$auto$proc_rom.cc:155:do_switch$436$rdmux[0][4][11]$a$4644 [2] 1'0 $memory$auto$proc_rom.cc:155:do_switch$436$rdmux[0][4][11]$a$4644 [0] $memory$auto$proc_rom.cc:155:do_switch$436$rdmux[0][4][11]$a$4644 [2] $memory$auto$proc_rom.cc:155:do_switch$436$rdmux[0][4][11]$a$4644 [0] $memory$auto$proc_rom.cc:155:do_switch$436$rdmux[0][4][11]$a$4644 [0] $memory$auto$proc_rom.cc:155:do_switch$436$rdmux[0][4][11]$a$4644 [0] 1'0 $memory$auto$proc_rom.cc:155:do_switch$436$rdmux[0][4][11]$a$4644 [0] $memory$auto$proc_rom.cc:155:do_switch$436$rdmux[0][4][11]$a$4644 [2] $memory$auto$proc_rom.cc:155:do_switch$436$rdmux[0][4][11]$a$4644 [2] 3'000 $memory$auto$proc_rom.cc:155:do_switch$436$rdmux[0][4][11]$a$4644 [2] $memory$auto$proc_rom.cc:155:do_switch$436$rdmux[0][4][11]$a$4644 [0] $memory$auto$proc_rom.cc:155:do_switch$436$rdmux[0][4][11]$a$4644 [0] 1'0 }
    Consolidated identical input bits for $mux cell $memory$auto$proc_rom.cc:155:do_switch$436$rdmux[0][5][21]$4721:
      Old ports: A=32'11000010010010111000101101110000, B=32'11000111011011000101000110100011, Y=$memory$auto$proc_rom.cc:155:do_switch$436$rdmux[0][4][10]$b$4642
      New ports: A=2'10, B=2'01, Y={ $memory$auto$proc_rom.cc:155:do_switch$436$rdmux[0][4][10]$b$4642 [4] $memory$auto$proc_rom.cc:155:do_switch$436$rdmux[0][4][10]$b$4642 [0] }
      New connections: { $memory$auto$proc_rom.cc:155:do_switch$436$rdmux[0][4][10]$b$4642 [31:5] $memory$auto$proc_rom.cc:155:do_switch$436$rdmux[0][4][10]$b$4642 [3:1] } = { 5'11000 $memory$auto$proc_rom.cc:155:do_switch$436$rdmux[0][4][10]$b$4642 [0] 1'1 $memory$auto$proc_rom.cc:155:do_switch$436$rdmux[0][4][10]$b$4642 [0] 2'01 $memory$auto$proc_rom.cc:155:do_switch$436$rdmux[0][4][10]$b$4642 [0] 2'01 $memory$auto$proc_rom.cc:155:do_switch$436$rdmux[0][4][10]$b$4642 [0] $memory$auto$proc_rom.cc:155:do_switch$436$rdmux[0][4][10]$b$4642 [4] $memory$auto$proc_rom.cc:155:do_switch$436$rdmux[0][4][10]$b$4642 [4] $memory$auto$proc_rom.cc:155:do_switch$436$rdmux[0][4][10]$b$4642 [4] $memory$auto$proc_rom.cc:155:do_switch$436$rdmux[0][4][10]$b$4642 [0] 1'0 $memory$auto$proc_rom.cc:155:do_switch$436$rdmux[0][4][10]$b$4642 [0] $memory$auto$proc_rom.cc:155:do_switch$436$rdmux[0][4][10]$b$4642 [4] 1'0 $memory$auto$proc_rom.cc:155:do_switch$436$rdmux[0][4][10]$b$4642 [4] 1'1 $memory$auto$proc_rom.cc:155:do_switch$436$rdmux[0][4][10]$b$4642 [0] $memory$auto$proc_rom.cc:155:do_switch$436$rdmux[0][4][10]$b$4642 [4] 3'100 $memory$auto$proc_rom.cc:155:do_switch$436$rdmux[0][4][10]$b$4642 [0] }
    Consolidated identical input bits for $mux cell $memory$auto$proc_rom.cc:155:do_switch$436$rdmux[0][5][20]$4718:
      Old ports: A=32'10100010101111111110100010100001, B=32'10101000000110100110011001001011, Y=$memory$auto$proc_rom.cc:155:do_switch$436$rdmux[0][4][10]$a$4641
      New ports: A=2'10, B=2'01, Y={ $memory$auto$proc_rom.cc:155:do_switch$436$rdmux[0][4][10]$a$4641 [5] $memory$auto$proc_rom.cc:155:do_switch$436$rdmux[0][4][10]$a$4641 [1] }
      New connections: { $memory$auto$proc_rom.cc:155:do_switch$436$rdmux[0][4][10]$a$4641 [31:6] $memory$auto$proc_rom.cc:155:do_switch$436$rdmux[0][4][10]$a$4641 [4:2] $memory$auto$proc_rom.cc:155:do_switch$436$rdmux[0][4][10]$a$4641 [0] } = { 4'1010 $memory$auto$proc_rom.cc:155:do_switch$436$rdmux[0][4][10]$a$4641 [1] 1'0 $memory$auto$proc_rom.cc:155:do_switch$436$rdmux[0][4][10]$a$4641 [5] 1'0 $memory$auto$proc_rom.cc:155:do_switch$436$rdmux[0][4][10]$a$4641 [5] 1'0 $memory$auto$proc_rom.cc:155:do_switch$436$rdmux[0][4][10]$a$4641 [5] 2'11 $memory$auto$proc_rom.cc:155:do_switch$436$rdmux[0][4][10]$a$4641 [5] 1'1 $memory$auto$proc_rom.cc:155:do_switch$436$rdmux[0][4][10]$a$4641 [5] $memory$auto$proc_rom.cc:155:do_switch$436$rdmux[0][4][10]$a$4641 [5] 3'110 $memory$auto$proc_rom.cc:155:do_switch$436$rdmux[0][4][10]$a$4641 [5] $memory$auto$proc_rom.cc:155:do_switch$436$rdmux[0][4][10]$a$4641 [1] $memory$auto$proc_rom.cc:155:do_switch$436$rdmux[0][4][10]$a$4641 [1] 1'0 $memory$auto$proc_rom.cc:155:do_switch$436$rdmux[0][4][10]$a$4641 [5] $memory$auto$proc_rom.cc:155:do_switch$436$rdmux[0][4][10]$a$4641 [1] 1'0 $memory$auto$proc_rom.cc:155:do_switch$436$rdmux[0][4][10]$a$4641 [1] 2'01 }
    New ctrl vector for $pmux cell $procmux$1907: { \ready $procmux$1890_CMP $procmux$1859_CMP $procmux$1851_CMP }
    Consolidated identical input bits for $mux cell $memory$auto$proc_rom.cc:155:do_switch$436$rdmux[0][5][19]$4715:
      Old ports: A=32'10000001110000101100100100101110, B=32'10010010011100100010110010000101, Y=$memory$auto$proc_rom.cc:155:do_switch$436$rdmux[0][4][9]$b$4639
      New ports: A=2'10, B=2'01, Y=$memory$auto$proc_rom.cc:155:do_switch$436$rdmux[0][4][9]$b$4639 [1:0]
      New connections: $memory$auto$proc_rom.cc:155:do_switch$436$rdmux[0][4][9]$b$4639 [31:2] = { 3'100 $memory$auto$proc_rom.cc:155:do_switch$436$rdmux[0][4][9]$b$4639 [0] 2'00 $memory$auto$proc_rom.cc:155:do_switch$436$rdmux[0][4][9]$b$4639 [0] $memory$auto$proc_rom.cc:155:do_switch$436$rdmux[0][4][9]$b$4639 [1] $memory$auto$proc_rom.cc:155:do_switch$436$rdmux[0][4][9]$b$4639 [1] 1'1 $memory$auto$proc_rom.cc:155:do_switch$436$rdmux[0][4][9]$b$4639 [0] $memory$auto$proc_rom.cc:155:do_switch$436$rdmux[0][4][9]$b$4639 [0] 4'0010 $memory$auto$proc_rom.cc:155:do_switch$436$rdmux[0][4][9]$b$4639 [1] $memory$auto$proc_rom.cc:155:do_switch$436$rdmux[0][4][9]$b$4639 [1:0] 2'01 $memory$auto$proc_rom.cc:155:do_switch$436$rdmux[0][4][9]$b$4639 [0] 1'0 $memory$auto$proc_rom.cc:155:do_switch$436$rdmux[0][4][9]$b$4639 [1:0] 1'0 $memory$auto$proc_rom.cc:155:do_switch$436$rdmux[0][4][9]$b$4639 [1] 1'0 $memory$auto$proc_rom.cc:155:do_switch$436$rdmux[0][4][9]$b$4639 [1] 1'1 }
    Consolidated identical input bits for $mux cell $memory$auto$proc_rom.cc:155:do_switch$436$rdmux[0][5][18]$4712:
      Old ports: A=1695183700, B=1986661051, Y=$memory$auto$proc_rom.cc:155:do_switch$436$rdmux[0][4][9]$a$4638
      New ports: A=2'10, B=2'01, Y={ $memory$auto$proc_rom.cc:155:do_switch$436$rdmux[0][4][9]$a$4638 [2] $memory$auto$proc_rom.cc:155:do_switch$436$rdmux[0][4][9]$a$4638 [0] }
      New connections: { $memory$auto$proc_rom.cc:155:do_switch$436$rdmux[0][4][9]$a$4638 [31:3] $memory$auto$proc_rom.cc:155:do_switch$436$rdmux[0][4][9]$a$4638 [1] } = { 3'011 $memory$auto$proc_rom.cc:155:do_switch$436$rdmux[0][4][9]$a$4638 [0] 2'01 $memory$auto$proc_rom.cc:155:do_switch$436$rdmux[0][4][9]$a$4638 [0] $memory$auto$proc_rom.cc:155:do_switch$436$rdmux[0][4][9]$a$4638 [2] 1'0 $memory$auto$proc_rom.cc:155:do_switch$436$rdmux[0][4][9]$a$4638 [0] $memory$auto$proc_rom.cc:155:do_switch$436$rdmux[0][4][9]$a$4638 [0] 6'010100 $memory$auto$proc_rom.cc:155:do_switch$436$rdmux[0][4][9]$a$4638 [2] $memory$auto$proc_rom.cc:155:do_switch$436$rdmux[0][4][9]$a$4638 [2] $memory$auto$proc_rom.cc:155:do_switch$436$rdmux[0][4][9]$a$4638 [2] $memory$auto$proc_rom.cc:155:do_switch$436$rdmux[0][4][9]$a$4638 [0] 2'01 $memory$auto$proc_rom.cc:155:do_switch$436$rdmux[0][4][9]$a$4638 [2] $memory$auto$proc_rom.cc:155:do_switch$436$rdmux[0][4][9]$a$4638 [0] $memory$auto$proc_rom.cc:155:do_switch$436$rdmux[0][4][9]$a$4638 [2] $memory$auto$proc_rom.cc:155:do_switch$436$rdmux[0][4][9]$a$4638 [0] 1'1 $memory$auto$proc_rom.cc:155:do_switch$436$rdmux[0][4][9]$a$4638 [0] $memory$auto$proc_rom.cc:155:do_switch$436$rdmux[0][4][9]$a$4638 [0] }
    Consolidated identical input bits for $mux cell $memory$auto$proc_rom.cc:155:do_switch$436$rdmux[0][5][17]$4709:
      Old ports: A=1294757372, B=1396182291, Y=$memory$auto$proc_rom.cc:155:do_switch$436$rdmux[0][4][8]$b$4636
      New ports: A=2'10, B=2'01, Y={ $memory$auto$proc_rom.cc:155:do_switch$436$rdmux[0][4][8]$b$4636 [2] $memory$auto$proc_rom.cc:155:do_switch$436$rdmux[0][4][8]$b$4636 [0] }
      New connections: { $memory$auto$proc_rom.cc:155:do_switch$436$rdmux[0][4][8]$b$4636 [31:3] $memory$auto$proc_rom.cc:155:do_switch$436$rdmux[0][4][8]$b$4636 [1] } = { 3'010 $memory$auto$proc_rom.cc:155:do_switch$436$rdmux[0][4][8]$b$4636 [0] $memory$auto$proc_rom.cc:155:do_switch$436$rdmux[0][4][8]$b$4636 [2] $memory$auto$proc_rom.cc:155:do_switch$436$rdmux[0][4][8]$b$4636 [2] $memory$auto$proc_rom.cc:155:do_switch$436$rdmux[0][4][8]$b$4636 [0] 4'1001 $memory$auto$proc_rom.cc:155:do_switch$436$rdmux[0][4][8]$b$4636 [0] 1'1 $memory$auto$proc_rom.cc:155:do_switch$436$rdmux[0][4][8]$b$4636 [2] 3'000 $memory$auto$proc_rom.cc:155:do_switch$436$rdmux[0][4][8]$b$4636 [2] $memory$auto$proc_rom.cc:155:do_switch$436$rdmux[0][4][8]$b$4636 [2] 5'01101 $memory$auto$proc_rom.cc:155:do_switch$436$rdmux[0][4][8]$b$4636 [2] $memory$auto$proc_rom.cc:155:do_switch$436$rdmux[0][4][8]$b$4636 [2] $memory$auto$proc_rom.cc:155:do_switch$436$rdmux[0][4][8]$b$4636 [2] 1'1 $memory$auto$proc_rom.cc:155:do_switch$436$rdmux[0][4][8]$b$4636 [2] $memory$auto$proc_rom.cc:155:do_switch$436$rdmux[0][4][8]$b$4636 [0] }
    Consolidated identical input bits for $mux cell $memory$auto$proc_rom.cc:155:do_switch$436$rdmux[0][5][16]$4706:
      Old ports: A=666307205, B=773529912, Y=$memory$auto$proc_rom.cc:155:do_switch$436$rdmux[0][4][8]$a$4635
      New ports: A=2'01, B=2'10, Y={ $memory$auto$proc_rom.cc:155:do_switch$436$rdmux[0][4][8]$a$4635 [3] $memory$auto$proc_rom.cc:155:do_switch$436$rdmux[0][4][8]$a$4635 [0] }
      New connections: { $memory$auto$proc_rom.cc:155:do_switch$436$rdmux[0][4][8]$a$4635 [31:4] $memory$auto$proc_rom.cc:155:do_switch$436$rdmux[0][4][8]$a$4635 [2:1] } = { 4'0010 $memory$auto$proc_rom.cc:155:do_switch$436$rdmux[0][4][8]$a$4635 [3] 2'11 $memory$auto$proc_rom.cc:155:do_switch$436$rdmux[0][4][8]$a$4635 [0] $memory$auto$proc_rom.cc:155:do_switch$436$rdmux[0][4][8]$a$4635 [0] 1'0 $memory$auto$proc_rom.cc:155:do_switch$436$rdmux[0][4][8]$a$4635 [0] 1'1 $memory$auto$proc_rom.cc:155:do_switch$436$rdmux[0][4][8]$a$4635 [3] $memory$auto$proc_rom.cc:155:do_switch$436$rdmux[0][4][8]$a$4635 [0] 4'1100 $memory$auto$proc_rom.cc:155:do_switch$436$rdmux[0][4][8]$a$4635 [3] 1'0 $memory$auto$proc_rom.cc:155:do_switch$436$rdmux[0][4][8]$a$4635 [0] 1'0 $memory$auto$proc_rom.cc:155:do_switch$436$rdmux[0][4][8]$a$4635 [0] $memory$auto$proc_rom.cc:155:do_switch$436$rdmux[0][4][8]$a$4635 [3] $memory$auto$proc_rom.cc:155:do_switch$436$rdmux[0][4][8]$a$4635 [0] 1'0 $memory$auto$proc_rom.cc:155:do_switch$436$rdmux[0][4][8]$a$4635 [3] $memory$auto$proc_rom.cc:155:do_switch$436$rdmux[0][4][8]$a$4635 [3] $memory$auto$proc_rom.cc:155:do_switch$436$rdmux[0][4][8]$a$4635 [0] 1'0 }
    Consolidated identical input bits for $mux cell $memory$auto$proc_rom.cc:155:do_switch$436$rdmux[0][5][15]$4703:
      Old ports: A=113926993, B=338241895, Y=$memory$auto$proc_rom.cc:155:do_switch$436$rdmux[0][4][7]$b$4633
      New ports: A=2'10, B=2'01, Y={ $memory$auto$proc_rom.cc:155:do_switch$436$rdmux[0][4][7]$b$4633 [4] $memory$auto$proc_rom.cc:155:do_switch$436$rdmux[0][4][7]$b$4633 [1] }
      New connections: { $memory$auto$proc_rom.cc:155:do_switch$436$rdmux[0][4][7]$b$4633 [31:5] $memory$auto$proc_rom.cc:155:do_switch$436$rdmux[0][4][7]$b$4633 [3:2] $memory$auto$proc_rom.cc:155:do_switch$436$rdmux[0][4][7]$b$4633 [0] } = { 3'000 $memory$auto$proc_rom.cc:155:do_switch$436$rdmux[0][4][7]$b$4633 [1] 2'01 $memory$auto$proc_rom.cc:155:do_switch$436$rdmux[0][4][7]$b$4633 [4] 1'0 $memory$auto$proc_rom.cc:155:do_switch$436$rdmux[0][4][7]$b$4633 [4] $memory$auto$proc_rom.cc:155:do_switch$436$rdmux[0][4][7]$b$4633 [4] $memory$auto$proc_rom.cc:155:do_switch$436$rdmux[0][4][7]$b$4633 [1] 3'010 $memory$auto$proc_rom.cc:155:do_switch$436$rdmux[0][4][7]$b$4633 [4] $memory$auto$proc_rom.cc:155:do_switch$436$rdmux[0][4][7]$b$4633 [1] 1'0 $memory$auto$proc_rom.cc:155:do_switch$436$rdmux[0][4][7]$b$4633 [4] 2'10 $memory$auto$proc_rom.cc:155:do_switch$436$rdmux[0][4][7]$b$4633 [1] 1'0 $memory$auto$proc_rom.cc:155:do_switch$436$rdmux[0][4][7]$b$4633 [4] 3'101 $memory$auto$proc_rom.cc:155:do_switch$436$rdmux[0][4][7]$b$4633 [1] 1'0 $memory$auto$proc_rom.cc:155:do_switch$436$rdmux[0][4][7]$b$4633 [1] 1'1 }
    Consolidated identical input bits for $mux cell $procmux$1938:
      Old ports: A={ 1'0 \cnt [1:0] }, B={ 1'1 \cnt [1:0] }, Y=$3\bus_addr[5:0]
      New ports: A=1'0, B=1'1, Y=$3\bus_addr[5:0] [2]
      New connections: $3\bus_addr[5:0] [1:0] = \cnt [1:0]
    Consolidated identical input bits for $mux cell $procmux$1949:
      Old ports: A={ 2'00 $3\bus_addr[5:0] }, B=5'11111, Y=$2\bus_addr[5:0]
      New ports: A={ 1'0 $3\bus_addr[5:0] }, B=4'1111, Y=$2\bus_addr[5:0] [3:0]
      New connections: $2\bus_addr[5:0] [4] = $2\bus_addr[5:0] [3]
    Consolidated identical input bits for $mux cell $memory$auto$proc_rom.cc:155:do_switch$436$rdmux[0][5][14]$4700:
      Old ports: A=32'11000110111000000000101111110011, B=32'11010101101001111001000101000111, Y=$memory$auto$proc_rom.cc:155:do_switch$436$rdmux[0][4][7]$a$4632
      New ports: A=2'10, B=2'01, Y={ $memory$auto$proc_rom.cc:155:do_switch$436$rdmux[0][4][7]$a$4632 [4] $memory$auto$proc_rom.cc:155:do_switch$436$rdmux[0][4][7]$a$4632 [2] }
      New connections: { $memory$auto$proc_rom.cc:155:do_switch$436$rdmux[0][4][7]$a$4632 [31:5] $memory$auto$proc_rom.cc:155:do_switch$436$rdmux[0][4][7]$a$4632 [3] $memory$auto$proc_rom.cc:155:do_switch$436$rdmux[0][4][7]$a$4632 [1:0] } = { 3'110 $memory$auto$proc_rom.cc:155:do_switch$436$rdmux[0][4][7]$a$4632 [2] 2'01 $memory$auto$proc_rom.cc:155:do_switch$436$rdmux[0][4][7]$a$4632 [4] $memory$auto$proc_rom.cc:155:do_switch$436$rdmux[0][4][7]$a$4632 [2] 1'1 $memory$auto$proc_rom.cc:155:do_switch$436$rdmux[0][4][7]$a$4632 [4] 3'100 $memory$auto$proc_rom.cc:155:do_switch$436$rdmux[0][4][7]$a$4632 [2] $memory$auto$proc_rom.cc:155:do_switch$436$rdmux[0][4][7]$a$4632 [2] $memory$auto$proc_rom.cc:155:do_switch$436$rdmux[0][4][7]$a$4632 [2] $memory$auto$proc_rom.cc:155:do_switch$436$rdmux[0][4][7]$a$4632 [2] 2'00 $memory$auto$proc_rom.cc:155:do_switch$436$rdmux[0][4][7]$a$4632 [2] $memory$auto$proc_rom.cc:155:do_switch$436$rdmux[0][4][7]$a$4632 [4] 1'0 $memory$auto$proc_rom.cc:155:do_switch$436$rdmux[0][4][7]$a$4632 [4] 1'1 $memory$auto$proc_rom.cc:155:do_switch$436$rdmux[0][4][7]$a$4632 [4] 1'1 $memory$auto$proc_rom.cc:155:do_switch$436$rdmux[0][4][7]$a$4632 [4] 3'011 }
  Optimizing cells in module \sha256_tt07.
    Consolidated identical input bits for $mux cell $memory$auto$proc_rom.cc:155:do_switch$436$rdmux[0][4][15]$4655:
      Old ports: A=$memory$auto$proc_rom.cc:155:do_switch$436$rdmux[0][4][15]$a$4656, B=$memory$auto$proc_rom.cc:155:do_switch$436$rdmux[0][4][15]$b$4657, Y=$memory$auto$proc_rom.cc:155:do_switch$436$rdmux[0][3][7]$b$4609
      New ports: A={ 1'0 $memory$auto$proc_rom.cc:155:do_switch$436$rdmux[0][4][15]$a$4656 [0] $memory$auto$proc_rom.cc:155:do_switch$436$rdmux[0][4][15]$a$4656 [4] 1'0 $memory$auto$proc_rom.cc:155:do_switch$436$rdmux[0][4][15]$a$4656 [4] 1'1 $memory$auto$proc_rom.cc:155:do_switch$436$rdmux[0][4][15]$a$4656 [4] $memory$auto$proc_rom.cc:155:do_switch$436$rdmux[0][4][15]$a$4656 [4] 2'10 $memory$auto$proc_rom.cc:155:do_switch$436$rdmux[0][4][15]$a$4656 [0] }, B={ $memory$auto$proc_rom.cc:155:do_switch$436$rdmux[0][4][15]$b$4657 [11] 3'101 $memory$auto$proc_rom.cc:155:do_switch$436$rdmux[0][4][15]$b$4657 [11] $memory$auto$proc_rom.cc:155:do_switch$436$rdmux[0][4][15]$b$4657 [11] $memory$auto$proc_rom.cc:155:do_switch$436$rdmux[0][4][15]$b$4657 [0] 2'10 $memory$auto$proc_rom.cc:155:do_switch$436$rdmux[0][4][15]$b$4657 [0] $memory$auto$proc_rom.cc:155:do_switch$436$rdmux[0][4][15]$b$4657 [0] }, Y={ $memory$auto$proc_rom.cc:155:do_switch$436$rdmux[0][3][7]$b$4609 [30] $memory$auto$proc_rom.cc:155:do_switch$436$rdmux[0][3][7]$b$4609 [22] $memory$auto$proc_rom.cc:155:do_switch$436$rdmux[0][3][7]$b$4609 [17:16] $memory$auto$proc_rom.cc:155:do_switch$436$rdmux[0][3][7]$b$4609 [12:11] $memory$auto$proc_rom.cc:155:do_switch$436$rdmux[0][3][7]$b$4609 [8] $memory$auto$proc_rom.cc:155:do_switch$436$rdmux[0][3][7]$b$4609 [4:2] $memory$auto$proc_rom.cc:155:do_switch$436$rdmux[0][3][7]$b$4609 [0] }
      New connections: { $memory$auto$proc_rom.cc:155:do_switch$436$rdmux[0][3][7]$b$4609 [31] $memory$auto$proc_rom.cc:155:do_switch$436$rdmux[0][3][7]$b$4609 [29:23] $memory$auto$proc_rom.cc:155:do_switch$436$rdmux[0][3][7]$b$4609 [21:18] $memory$auto$proc_rom.cc:155:do_switch$436$rdmux[0][3][7]$b$4609 [15:13] $memory$auto$proc_rom.cc:155:do_switch$436$rdmux[0][3][7]$b$4609 [10:9] $memory$auto$proc_rom.cc:155:do_switch$436$rdmux[0][3][7]$b$4609 [7:5] $memory$auto$proc_rom.cc:155:do_switch$436$rdmux[0][3][7]$b$4609 [1] } = { 1'1 $memory$auto$proc_rom.cc:155:do_switch$436$rdmux[0][3][7]$b$4609 [0] $memory$auto$proc_rom.cc:155:do_switch$436$rdmux[0][3][7]$b$4609 [8] $memory$auto$proc_rom.cc:155:do_switch$436$rdmux[0][3][7]$b$4609 [2] $memory$auto$proc_rom.cc:155:do_switch$436$rdmux[0][3][7]$b$4609 [22] $memory$auto$proc_rom.cc:155:do_switch$436$rdmux[0][3][7]$b$4609 [16] 1'0 $memory$auto$proc_rom.cc:155:do_switch$436$rdmux[0][3][7]$b$4609 [8] $memory$auto$proc_rom.cc:155:do_switch$436$rdmux[0][3][7]$b$4609 [4] 1'1 $memory$auto$proc_rom.cc:155:do_switch$436$rdmux[0][3][7]$b$4609 [8] $memory$auto$proc_rom.cc:155:do_switch$436$rdmux[0][3][7]$b$4609 [17] $memory$auto$proc_rom.cc:155:do_switch$436$rdmux[0][3][7]$b$4609 [8] $memory$auto$proc_rom.cc:155:do_switch$436$rdmux[0][3][7]$b$4609 [11] 1'1 $memory$auto$proc_rom.cc:155:do_switch$436$rdmux[0][3][7]$b$4609 [3] $memory$auto$proc_rom.cc:155:do_switch$436$rdmux[0][3][7]$b$4609 [8] 4'1111 }
    Consolidated identical input bits for $mux cell $memory$auto$proc_rom.cc:155:do_switch$436$rdmux[0][4][14]$4652:
      Old ports: A=$memory$auto$proc_rom.cc:155:do_switch$436$rdmux[0][4][14]$a$4653, B=$memory$auto$proc_rom.cc:155:do_switch$436$rdmux[0][4][14]$b$4654, Y=$memory$auto$proc_rom.cc:155:do_switch$436$rdmux[0][3][7]$a$4608
      New ports: A={ $memory$auto$proc_rom.cc:155:do_switch$436$rdmux[0][4][14]$a$4653 [0] $memory$auto$proc_rom.cc:155:do_switch$436$rdmux[0][4][14]$a$4653 [7] 1'0 $memory$auto$proc_rom.cc:155:do_switch$436$rdmux[0][4][14]$a$4653 [7] $memory$auto$proc_rom.cc:155:do_switch$436$rdmux[0][4][14]$a$4653 [7] $memory$auto$proc_rom.cc:155:do_switch$436$rdmux[0][4][14]$a$4653 [0] $memory$auto$proc_rom.cc:155:do_switch$436$rdmux[0][4][14]$a$4653 [7] 4'0111 $memory$auto$proc_rom.cc:155:do_switch$436$rdmux[0][4][14]$a$4653 [0] }, B={ $memory$auto$proc_rom.cc:155:do_switch$436$rdmux[0][4][14]$b$4654 [3] 2'11 $memory$auto$proc_rom.cc:155:do_switch$436$rdmux[0][4][14]$b$4654 [2] $memory$auto$proc_rom.cc:155:do_switch$436$rdmux[0][4][14]$b$4654 [3:2] 1'0 $memory$auto$proc_rom.cc:155:do_switch$436$rdmux[0][4][14]$b$4654 [2] $memory$auto$proc_rom.cc:155:do_switch$436$rdmux[0][4][14]$b$4654 [3:2] 2'00 }, Y={ $memory$auto$proc_rom.cc:155:do_switch$436$rdmux[0][3][7]$a$4608 [27:26] $memory$auto$proc_rom.cc:155:do_switch$436$rdmux[0][3][7]$a$4608 [22] $memory$auto$proc_rom.cc:155:do_switch$436$rdmux[0][3][7]$a$4608 [19] $memory$auto$proc_rom.cc:155:do_switch$436$rdmux[0][3][7]$a$4608 [17] $memory$auto$proc_rom.cc:155:do_switch$436$rdmux[0][3][7]$a$4608 [13] $memory$auto$proc_rom.cc:155:do_switch$436$rdmux[0][3][7]$a$4608 [7] $memory$auto$proc_rom.cc:155:do_switch$436$rdmux[0][3][7]$a$4608 [4:0] }
      New connections: { $memory$auto$proc_rom.cc:155:do_switch$436$rdmux[0][3][7]$a$4608 [31:28] $memory$auto$proc_rom.cc:155:do_switch$436$rdmux[0][3][7]$a$4608 [25:23] $memory$auto$proc_rom.cc:155:do_switch$436$rdmux[0][3][7]$a$4608 [21:20] $memory$auto$proc_rom.cc:155:do_switch$436$rdmux[0][3][7]$a$4608 [18] $memory$auto$proc_rom.cc:155:do_switch$436$rdmux[0][3][7]$a$4608 [16:14] $memory$auto$proc_rom.cc:155:do_switch$436$rdmux[0][3][7]$a$4608 [12:8] $memory$auto$proc_rom.cc:155:do_switch$436$rdmux[0][3][7]$a$4608 [6:5] } = { $memory$auto$proc_rom.cc:155:do_switch$436$rdmux[0][3][7]$a$4608 [22] $memory$auto$proc_rom.cc:155:do_switch$436$rdmux[0][3][7]$a$4608 [1] $memory$auto$proc_rom.cc:155:do_switch$436$rdmux[0][3][7]$a$4608 [1] $memory$auto$proc_rom.cc:155:do_switch$436$rdmux[0][3][7]$a$4608 [1] 3'001 $memory$auto$proc_rom.cc:155:do_switch$436$rdmux[0][3][7]$a$4608 [0] 1'0 $memory$auto$proc_rom.cc:155:do_switch$436$rdmux[0][3][7]$a$4608 [3] $memory$auto$proc_rom.cc:155:do_switch$436$rdmux[0][3][7]$a$4608 [3] $memory$auto$proc_rom.cc:155:do_switch$436$rdmux[0][3][7]$a$4608 [7] $memory$auto$proc_rom.cc:155:do_switch$436$rdmux[0][3][7]$a$4608 [13] $memory$auto$proc_rom.cc:155:do_switch$436$rdmux[0][3][7]$a$4608 [4] $memory$auto$proc_rom.cc:155:do_switch$436$rdmux[0][3][7]$a$4608 [4] 1'0 $memory$auto$proc_rom.cc:155:do_switch$436$rdmux[0][3][7]$a$4608 [3] $memory$auto$proc_rom.cc:155:do_switch$436$rdmux[0][3][7]$a$4608 [0] $memory$auto$proc_rom.cc:155:do_switch$436$rdmux[0][3][7]$a$4608 [1] $memory$auto$proc_rom.cc:155:do_switch$436$rdmux[0][3][7]$a$4608 [1] }
    Consolidated identical input bits for $mux cell $memory$auto$proc_rom.cc:155:do_switch$436$rdmux[0][4][13]$4649:
      Old ports: A=$memory$auto$proc_rom.cc:155:do_switch$436$rdmux[0][4][13]$a$4650, B=$memory$auto$proc_rom.cc:155:do_switch$436$rdmux[0][4][13]$b$4651, Y=$memory$auto$proc_rom.cc:155:do_switch$436$rdmux[0][3][6]$b$4606
      New ports: A={ $memory$auto$proc_rom.cc:155:do_switch$436$rdmux[0][4][13]$a$4650 [0] $memory$auto$proc_rom.cc:155:do_switch$436$rdmux[0][4][13]$a$4650 [3] 2'10 $memory$auto$proc_rom.cc:155:do_switch$436$rdmux[0][4][13]$a$4650 [3] 1'0 $memory$auto$proc_rom.cc:155:do_switch$436$rdmux[0][4][13]$a$4650 [3] $memory$auto$proc_rom.cc:155:do_switch$436$rdmux[0][4][13]$a$4650 [0] $memory$auto$proc_rom.cc:155:do_switch$436$rdmux[0][4][13]$a$4650 [3] 1'0 $memory$auto$proc_rom.cc:155:do_switch$436$rdmux[0][4][13]$a$4650 [0] }, B={ $memory$auto$proc_rom.cc:155:do_switch$436$rdmux[0][4][13]$b$4651 [2] 1'0 $memory$auto$proc_rom.cc:155:do_switch$436$rdmux[0][4][13]$b$4651 [2] 1'1 $memory$auto$proc_rom.cc:155:do_switch$436$rdmux[0][4][13]$b$4651 [4] $memory$auto$proc_rom.cc:155:do_switch$436$rdmux[0][4][13]$b$4651 [4] 1'1 $memory$auto$proc_rom.cc:155:do_switch$436$rdmux[0][4][13]$b$4651 [4] $memory$auto$proc_rom.cc:155:do_switch$436$rdmux[0][4][13]$b$4651 [2] $memory$auto$proc_rom.cc:155:do_switch$436$rdmux[0][4][13]$b$4651 [2] 1'1 }, Y={ $memory$auto$proc_rom.cc:155:do_switch$436$rdmux[0][3][6]$b$4606 [24] $memory$auto$proc_rom.cc:155:do_switch$436$rdmux[0][3][6]$b$4606 [22] $memory$auto$proc_rom.cc:155:do_switch$436$rdmux[0][3][6]$b$4606 [20] $memory$auto$proc_rom.cc:155:do_switch$436$rdmux[0][3][6]$b$4606 [14:13] $memory$auto$proc_rom.cc:155:do_switch$436$rdmux[0][3][6]$b$4606 [8] $memory$auto$proc_rom.cc:155:do_switch$436$rdmux[0][3][6]$b$4606 [6] $memory$auto$proc_rom.cc:155:do_switch$436$rdmux[0][3][6]$b$4606 [4:2] $memory$auto$proc_rom.cc:155:do_switch$436$rdmux[0][3][6]$b$4606 [0] }
      New connections: { $memory$auto$proc_rom.cc:155:do_switch$436$rdmux[0][3][6]$b$4606 [31:25] $memory$auto$proc_rom.cc:155:do_switch$436$rdmux[0][3][6]$b$4606 [23] $memory$auto$proc_rom.cc:155:do_switch$436$rdmux[0][3][6]$b$4606 [21] $memory$auto$proc_rom.cc:155:do_switch$436$rdmux[0][3][6]$b$4606 [19:15] $memory$auto$proc_rom.cc:155:do_switch$436$rdmux[0][3][6]$b$4606 [12:9] $memory$auto$proc_rom.cc:155:do_switch$436$rdmux[0][3][6]$b$4606 [7] $memory$auto$proc_rom.cc:155:do_switch$436$rdmux[0][3][6]$b$4606 [5] $memory$auto$proc_rom.cc:155:do_switch$436$rdmux[0][3][6]$b$4606 [1] } = { 1'0 $memory$auto$proc_rom.cc:155:do_switch$436$rdmux[0][3][6]$b$4606 [6] $memory$auto$proc_rom.cc:155:do_switch$436$rdmux[0][3][6]$b$4606 [4] $memory$auto$proc_rom.cc:155:do_switch$436$rdmux[0][3][6]$b$4606 [24] 1'1 $memory$auto$proc_rom.cc:155:do_switch$436$rdmux[0][3][6]$b$4606 [22] $memory$auto$proc_rom.cc:155:do_switch$436$rdmux[0][3][6]$b$4606 [3] $memory$auto$proc_rom.cc:155:do_switch$436$rdmux[0][3][6]$b$4606 [3] $memory$auto$proc_rom.cc:155:do_switch$436$rdmux[0][3][6]$b$4606 [8] 1'1 $memory$auto$proc_rom.cc:155:do_switch$436$rdmux[0][3][6]$b$4606 [0] $memory$auto$proc_rom.cc:155:do_switch$436$rdmux[0][3][6]$b$4606 [8] 1'0 $memory$auto$proc_rom.cc:155:do_switch$436$rdmux[0][3][6]$b$4606 [3] 2'01 $memory$auto$proc_rom.cc:155:do_switch$436$rdmux[0][3][6]$b$4606 [4] $memory$auto$proc_rom.cc:155:do_switch$436$rdmux[0][3][6]$b$4606 [6] $memory$auto$proc_rom.cc:155:do_switch$436$rdmux[0][3][6]$b$4606 [4] $memory$auto$proc_rom.cc:155:do_switch$436$rdmux[0][3][6]$b$4606 [4] 1'1 }
    Consolidated identical input bits for $mux cell $memory$auto$proc_rom.cc:155:do_switch$436$rdmux[0][4][12]$4646:
      Old ports: A=$memory$auto$proc_rom.cc:155:do_switch$436$rdmux[0][4][12]$a$4647, B=$memory$auto$proc_rom.cc:155:do_switch$436$rdmux[0][4][12]$b$4648, Y=$memory$auto$proc_rom.cc:155:do_switch$436$rdmux[0][3][6]$a$4605
      New ports: A={ 2'11 $memory$auto$proc_rom.cc:155:do_switch$436$rdmux[0][4][12]$a$4647 [3] 2'10 $memory$auto$proc_rom.cc:155:do_switch$436$rdmux[0][4][12]$a$4647 [3] $memory$auto$proc_rom.cc:155:do_switch$436$rdmux[0][4][12]$a$4647 [3] $memory$auto$proc_rom.cc:155:do_switch$436$rdmux[0][4][12]$a$4647 [1] 1'0 $memory$auto$proc_rom.cc:155:do_switch$436$rdmux[0][4][12]$a$4647 [1] $memory$auto$proc_rom.cc:155:do_switch$436$rdmux[0][4][12]$a$4647 [3] $memory$auto$proc_rom.cc:155:do_switch$436$rdmux[0][4][12]$a$4647 [1] $memory$auto$proc_rom.cc:155:do_switch$436$rdmux[0][4][12]$a$4647 [1] 1'0 }, B={ $memory$auto$proc_rom.cc:155:do_switch$436$rdmux[0][4][12]$b$4648 [0] 2'00 $memory$auto$proc_rom.cc:155:do_switch$436$rdmux[0][4][12]$b$4648 [3] 1'1 $memory$auto$proc_rom.cc:155:do_switch$436$rdmux[0][4][12]$b$4648 [0] 1'1 $memory$auto$proc_rom.cc:155:do_switch$436$rdmux[0][4][12]$b$4648 [3] $memory$auto$proc_rom.cc:155:do_switch$436$rdmux[0][4][12]$b$4648 [3] $memory$auto$proc_rom.cc:155:do_switch$436$rdmux[0][4][12]$b$4648 [0] $memory$auto$proc_rom.cc:155:do_switch$436$rdmux[0][4][12]$b$4648 [3] 2'10 $memory$auto$proc_rom.cc:155:do_switch$436$rdmux[0][4][12]$b$4648 [0] }, Y={ $memory$auto$proc_rom.cc:155:do_switch$436$rdmux[0][3][6]$a$4605 [21] $memory$auto$proc_rom.cc:155:do_switch$436$rdmux[0][3][6]$a$4605 [18] $memory$auto$proc_rom.cc:155:do_switch$436$rdmux[0][3][6]$a$4605 [16] $memory$auto$proc_rom.cc:155:do_switch$436$rdmux[0][3][6]$a$4605 [14] $memory$auto$proc_rom.cc:155:do_switch$436$rdmux[0][3][6]$a$4605 [12:10] $memory$auto$proc_rom.cc:155:do_switch$436$rdmux[0][3][6]$a$4605 [8] $memory$auto$proc_rom.cc:155:do_switch$436$rdmux[0][3][6]$a$4605 [6] $memory$auto$proc_rom.cc:155:do_switch$436$rdmux[0][3][6]$a$4605 [4:0] }
      New connections: { $memory$auto$proc_rom.cc:155:do_switch$436$rdmux[0][3][6]$a$4605 [31:22] $memory$auto$proc_rom.cc:155:do_switch$436$rdmux[0][3][6]$a$4605 [20:19] $memory$auto$proc_rom.cc:155:do_switch$436$rdmux[0][3][6]$a$4605 [17] $memory$auto$proc_rom.cc:155:do_switch$436$rdmux[0][3][6]$a$4605 [15] $memory$auto$proc_rom.cc:155:do_switch$436$rdmux[0][3][6]$a$4605 [13] $memory$auto$proc_rom.cc:155:do_switch$436$rdmux[0][3][6]$a$4605 [9] $memory$auto$proc_rom.cc:155:do_switch$436$rdmux[0][3][6]$a$4605 [7] $memory$auto$proc_rom.cc:155:do_switch$436$rdmux[0][3][6]$a$4605 [5] } = { 2'00 $memory$auto$proc_rom.cc:155:do_switch$436$rdmux[0][3][6]$a$4605 [12] $memory$auto$proc_rom.cc:155:do_switch$436$rdmux[0][3][6]$a$4605 [21] $memory$auto$proc_rom.cc:155:do_switch$436$rdmux[0][3][6]$a$4605 [18] $memory$auto$proc_rom.cc:155:do_switch$436$rdmux[0][3][6]$a$4605 [10] $memory$auto$proc_rom.cc:155:do_switch$436$rdmux[0][3][6]$a$4605 [3] $memory$auto$proc_rom.cc:155:do_switch$436$rdmux[0][3][6]$a$4605 [8] $memory$auto$proc_rom.cc:155:do_switch$436$rdmux[0][3][6]$a$4605 [4] $memory$auto$proc_rom.cc:155:do_switch$436$rdmux[0][3][6]$a$4605 [6] $memory$auto$proc_rom.cc:155:do_switch$436$rdmux[0][3][6]$a$4605 [11] $memory$auto$proc_rom.cc:155:do_switch$436$rdmux[0][3][6]$a$4605 [6] $memory$auto$proc_rom.cc:155:do_switch$436$rdmux[0][3][6]$a$4605 [16] $memory$auto$proc_rom.cc:155:do_switch$436$rdmux[0][3][6]$a$4605 [4] $memory$auto$proc_rom.cc:155:do_switch$436$rdmux[0][3][6]$a$4605 [10] $memory$auto$proc_rom.cc:155:do_switch$436$rdmux[0][3][6]$a$4605 [6] $memory$auto$proc_rom.cc:155:do_switch$436$rdmux[0][3][6]$a$4605 [0] $memory$auto$proc_rom.cc:155:do_switch$436$rdmux[0][3][6]$a$4605 [0] }
    Consolidated identical input bits for $mux cell $memory$auto$proc_rom.cc:155:do_switch$436$rdmux[0][4][11]$4643:
      Old ports: A=$memory$auto$proc_rom.cc:155:do_switch$436$rdmux[0][4][11]$a$4644, B=$memory$auto$proc_rom.cc:155:do_switch$436$rdmux[0][4][11]$b$4645, Y=$memory$auto$proc_rom.cc:155:do_switch$436$rdmux[0][3][5]$b$4603
      New ports: A={ 2'11 $memory$auto$proc_rom.cc:155:do_switch$436$rdmux[0][4][11]$a$4644 [2] $memory$auto$proc_rom.cc:155:do_switch$436$rdmux[0][4][11]$a$4644 [0] $memory$auto$proc_rom.cc:155:do_switch$436$rdmux[0][4][11]$a$4644 [2] 2'00 $memory$auto$proc_rom.cc:155:do_switch$436$rdmux[0][4][11]$a$4644 [2] $memory$auto$proc_rom.cc:155:do_switch$436$rdmux[0][4][11]$a$4644 [0] $memory$auto$proc_rom.cc:155:do_switch$436$rdmux[0][4][11]$a$4644 [0] $memory$auto$proc_rom.cc:155:do_switch$436$rdmux[0][4][11]$a$4644 [2] $memory$auto$proc_rom.cc:155:do_switch$436$rdmux[0][4][11]$a$4644 [0] }, B={ $memory$auto$proc_rom.cc:155:do_switch$436$rdmux[0][4][11]$b$4645 [0] 4'0110 $memory$auto$proc_rom.cc:155:do_switch$436$rdmux[0][4][11]$b$4645 [0] $memory$auto$proc_rom.cc:155:do_switch$436$rdmux[0][4][11]$b$4645 [4] $memory$auto$proc_rom.cc:155:do_switch$436$rdmux[0][4][11]$b$4645 [4] $memory$auto$proc_rom.cc:155:do_switch$436$rdmux[0][4][11]$b$4645 [4] 1'0 $memory$auto$proc_rom.cc:155:do_switch$436$rdmux[0][4][11]$b$4645 [0] $memory$auto$proc_rom.cc:155:do_switch$436$rdmux[0][4][11]$b$4645 [0] }, Y={ $memory$auto$proc_rom.cc:155:do_switch$436$rdmux[0][3][5]$b$4603 [30] $memory$auto$proc_rom.cc:155:do_switch$436$rdmux[0][3][5]$b$4603 [20:19] $memory$auto$proc_rom.cc:155:do_switch$436$rdmux[0][3][5]$b$4603 [13] $memory$auto$proc_rom.cc:155:do_switch$436$rdmux[0][3][5]$b$4603 [9] $memory$auto$proc_rom.cc:155:do_switch$436$rdmux[0][3][5]$b$4603 [7:2] $memory$auto$proc_rom.cc:155:do_switch$436$rdmux[0][3][5]$b$4603 [0] }
      New connections: { $memory$auto$proc_rom.cc:155:do_switch$436$rdmux[0][3][5]$b$4603 [31] $memory$auto$proc_rom.cc:155:do_switch$436$rdmux[0][3][5]$b$4603 [29:21] $memory$auto$proc_rom.cc:155:do_switch$436$rdmux[0][3][5]$b$4603 [18:14] $memory$auto$proc_rom.cc:155:do_switch$436$rdmux[0][3][5]$b$4603 [12:10] $memory$auto$proc_rom.cc:155:do_switch$436$rdmux[0][3][5]$b$4603 [8] $memory$auto$proc_rom.cc:155:do_switch$436$rdmux[0][3][5]$b$4603 [1] } = { $memory$auto$proc_rom.cc:155:do_switch$436$rdmux[0][3][5]$b$4603 [30] $memory$auto$proc_rom.cc:155:do_switch$436$rdmux[0][3][5]$b$4603 [7] 2'10 $memory$auto$proc_rom.cc:155:do_switch$436$rdmux[0][3][5]$b$4603 [2] $memory$auto$proc_rom.cc:155:do_switch$436$rdmux[0][3][5]$b$4603 [9] $memory$auto$proc_rom.cc:155:do_switch$436$rdmux[0][3][5]$b$4603 [3] $memory$auto$proc_rom.cc:155:do_switch$436$rdmux[0][3][5]$b$4603 [20] $memory$auto$proc_rom.cc:155:do_switch$436$rdmux[0][3][5]$b$4603 [6] $memory$auto$proc_rom.cc:155:do_switch$436$rdmux[0][3][5]$b$4603 [6] $memory$auto$proc_rom.cc:155:do_switch$436$rdmux[0][3][5]$b$4603 [7] $memory$auto$proc_rom.cc:155:do_switch$436$rdmux[0][3][5]$b$4603 [13] $memory$auto$proc_rom.cc:155:do_switch$436$rdmux[0][3][5]$b$4603 [9] $memory$auto$proc_rom.cc:155:do_switch$436$rdmux[0][3][5]$b$4603 [4:3] $memory$auto$proc_rom.cc:155:do_switch$436$rdmux[0][3][5]$b$4603 [7] $memory$auto$proc_rom.cc:155:do_switch$436$rdmux[0][3][5]$b$4603 [3:2] $memory$auto$proc_rom.cc:155:do_switch$436$rdmux[0][3][5]$b$4603 [7] 1'0 }
    Consolidated identical input bits for $mux cell $memory$auto$proc_rom.cc:155:do_switch$436$rdmux[0][4][10]$4640:
      Old ports: A=$memory$auto$proc_rom.cc:155:do_switch$436$rdmux[0][4][10]$a$4641, B=$memory$auto$proc_rom.cc:155:do_switch$436$rdmux[0][4][10]$b$4642, Y=$memory$auto$proc_rom.cc:155:do_switch$436$rdmux[0][3][5]$a$4602
      New ports: A={ $memory$auto$proc_rom.cc:155:do_switch$436$rdmux[0][4][10]$a$4641 [5] 3'110 $memory$auto$proc_rom.cc:155:do_switch$436$rdmux[0][4][10]$a$4641 [5] 1'0 $memory$auto$proc_rom.cc:155:do_switch$436$rdmux[0][4][10]$a$4641 [5] $memory$auto$proc_rom.cc:155:do_switch$436$rdmux[0][4][10]$a$4641 [1] $memory$auto$proc_rom.cc:155:do_switch$436$rdmux[0][4][10]$a$4641 [5] 1'0 $memory$auto$proc_rom.cc:155:do_switch$436$rdmux[0][4][10]$a$4641 [1] $memory$auto$proc_rom.cc:155:do_switch$436$rdmux[0][4][10]$a$4641 [1] 1'1 }, B={ 1'0 $memory$auto$proc_rom.cc:155:do_switch$436$rdmux[0][4][10]$b$4642 [4] 1'0 $memory$auto$proc_rom.cc:155:do_switch$436$rdmux[0][4][10]$b$4642 [0] $memory$auto$proc_rom.cc:155:do_switch$436$rdmux[0][4][10]$b$4642 [4] 1'1 $memory$auto$proc_rom.cc:155:do_switch$436$rdmux[0][4][10]$b$4642 [0] $memory$auto$proc_rom.cc:155:do_switch$436$rdmux[0][4][10]$b$4642 [4] 1'1 $memory$auto$proc_rom.cc:155:do_switch$436$rdmux[0][4][10]$b$4642 [4] 1'0 $memory$auto$proc_rom.cc:155:do_switch$436$rdmux[0][4][10]$b$4642 [0] $memory$auto$proc_rom.cc:155:do_switch$436$rdmux[0][4][10]$b$4642 [0] }, Y={ $memory$auto$proc_rom.cc:155:do_switch$436$rdmux[0][3][5]$a$4602 [23] $memory$auto$proc_rom.cc:155:do_switch$436$rdmux[0][3][5]$a$4602 [17] $memory$auto$proc_rom.cc:155:do_switch$436$rdmux[0][3][5]$a$4602 [13:11] $memory$auto$proc_rom.cc:155:do_switch$436$rdmux[0][3][5]$a$4602 [8:3] $memory$auto$proc_rom.cc:155:do_switch$436$rdmux[0][3][5]$a$4602 [1:0] }
      New connections: { $memory$auto$proc_rom.cc:155:do_switch$436$rdmux[0][3][5]$a$4602 [31:24] $memory$auto$proc_rom.cc:155:do_switch$436$rdmux[0][3][5]$a$4602 [22:18] $memory$auto$proc_rom.cc:155:do_switch$436$rdmux[0][3][5]$a$4602 [16:14] $memory$auto$proc_rom.cc:155:do_switch$436$rdmux[0][3][5]$a$4602 [10:9] $memory$auto$proc_rom.cc:155:do_switch$436$rdmux[0][3][5]$a$4602 [2] } = { 1'1 $memory$auto$proc_rom.cc:155:do_switch$436$rdmux[0][3][5]$a$4602 [8] $memory$auto$proc_rom.cc:155:do_switch$436$rdmux[0][3][5]$a$4602 [13] 1'0 $memory$auto$proc_rom.cc:155:do_switch$436$rdmux[0][3][5]$a$4602 [3] $memory$auto$proc_rom.cc:155:do_switch$436$rdmux[0][3][5]$a$4602 [12] $memory$auto$proc_rom.cc:155:do_switch$436$rdmux[0][3][5]$a$4602 [5] $memory$auto$proc_rom.cc:155:do_switch$436$rdmux[0][3][5]$a$4602 [12] $memory$auto$proc_rom.cc:155:do_switch$436$rdmux[0][3][5]$a$4602 [8:7] $memory$auto$proc_rom.cc:155:do_switch$436$rdmux[0][3][5]$a$4602 [13] 1'1 $memory$auto$proc_rom.cc:155:do_switch$436$rdmux[0][3][5]$a$4602 [7] $memory$auto$proc_rom.cc:155:do_switch$436$rdmux[0][3][5]$a$4602 [11] $memory$auto$proc_rom.cc:155:do_switch$436$rdmux[0][3][5]$a$4602 [11] $memory$auto$proc_rom.cc:155:do_switch$436$rdmux[0][3][5]$a$4602 [0] $memory$auto$proc_rom.cc:155:do_switch$436$rdmux[0][3][5]$a$4602 [3] $memory$auto$proc_rom.cc:155:do_switch$436$rdmux[0][3][5]$a$4602 [6] 1'0 }
    Consolidated identical input bits for $mux cell $memory$auto$proc_rom.cc:155:do_switch$436$rdmux[0][4][9]$4637:
      Old ports: A=$memory$auto$proc_rom.cc:155:do_switch$436$rdmux[0][4][9]$a$4638, B=$memory$auto$proc_rom.cc:155:do_switch$436$rdmux[0][4][9]$b$4639, Y=$memory$auto$proc_rom.cc:155:do_switch$436$rdmux[0][3][4]$b$4600
      New ports: A={ 2'00 $memory$auto$proc_rom.cc:155:do_switch$436$rdmux[0][4][9]$a$4638 [2] $memory$auto$proc_rom.cc:155:do_switch$436$rdmux[0][4][9]$a$4638 [0] 1'0 $memory$auto$proc_rom.cc:155:do_switch$436$rdmux[0][4][9]$a$4638 [2] $memory$auto$proc_rom.cc:155:do_switch$436$rdmux[0][4][9]$a$4638 [2] 1'1 $memory$auto$proc_rom.cc:155:do_switch$436$rdmux[0][4][9]$a$4638 [2] $memory$auto$proc_rom.cc:155:do_switch$436$rdmux[0][4][9]$a$4638 [0] $memory$auto$proc_rom.cc:155:do_switch$436$rdmux[0][4][9]$a$4638 [0] }, B={ 1'1 $memory$auto$proc_rom.cc:155:do_switch$436$rdmux[0][4][9]$b$4639 [1:0] 1'1 $memory$auto$proc_rom.cc:155:do_switch$436$rdmux[0][4][9]$b$4639 [0] $memory$auto$proc_rom.cc:155:do_switch$436$rdmux[0][4][9]$b$4639 [1] 3'001 $memory$auto$proc_rom.cc:155:do_switch$436$rdmux[0][4][9]$b$4639 [1:0] }, Y={ $memory$auto$proc_rom.cc:155:do_switch$436$rdmux[0][3][4]$b$4600 [31] $memory$auto$proc_rom.cc:155:do_switch$436$rdmux[0][3][4]$b$4600 [15] $memory$auto$proc_rom.cc:155:do_switch$436$rdmux[0][3][4]$b$4600 [13] $memory$auto$proc_rom.cc:155:do_switch$436$rdmux[0][3][4]$b$4600 [11:10] $memory$auto$proc_rom.cc:155:do_switch$436$rdmux[0][3][4]$b$4600 [8] $memory$auto$proc_rom.cc:155:do_switch$436$rdmux[0][3][4]$b$4600 [6] $memory$auto$proc_rom.cc:155:do_switch$436$rdmux[0][3][4]$b$4600 [4] $memory$auto$proc_rom.cc:155:do_switch$436$rdmux[0][3][4]$b$4600 [2:0] }
      New connections: { $memory$auto$proc_rom.cc:155:do_switch$436$rdmux[0][3][4]$b$4600 [30:16] $memory$auto$proc_rom.cc:155:do_switch$436$rdmux[0][3][4]$b$4600 [14] $memory$auto$proc_rom.cc:155:do_switch$436$rdmux[0][3][4]$b$4600 [12] $memory$auto$proc_rom.cc:155:do_switch$436$rdmux[0][3][4]$b$4600 [9] $memory$auto$proc_rom.cc:155:do_switch$436$rdmux[0][3][4]$b$4600 [7] $memory$auto$proc_rom.cc:155:do_switch$436$rdmux[0][3][4]$b$4600 [5] $memory$auto$proc_rom.cc:155:do_switch$436$rdmux[0][3][4]$b$4600 [3] } = { $memory$auto$proc_rom.cc:155:do_switch$436$rdmux[0][3][4]$b$4600 [4] $memory$auto$proc_rom.cc:155:do_switch$436$rdmux[0][3][4]$b$4600 [4] $memory$auto$proc_rom.cc:155:do_switch$436$rdmux[0][3][4]$b$4600 [0] 1'0 $memory$auto$proc_rom.cc:155:do_switch$436$rdmux[0][3][4]$b$4600 [4] $memory$auto$proc_rom.cc:155:do_switch$436$rdmux[0][3][4]$b$4600 [0] $memory$auto$proc_rom.cc:155:do_switch$436$rdmux[0][3][4]$b$4600 [8] $memory$auto$proc_rom.cc:155:do_switch$436$rdmux[0][3][4]$b$4600 [15] $memory$auto$proc_rom.cc:155:do_switch$436$rdmux[0][3][4]$b$4600 [11] $memory$auto$proc_rom.cc:155:do_switch$436$rdmux[0][3][4]$b$4600 [0] $memory$auto$proc_rom.cc:155:do_switch$436$rdmux[0][3][4]$b$4600 [10] $memory$auto$proc_rom.cc:155:do_switch$436$rdmux[0][3][4]$b$4600 [4] 3'010 $memory$auto$proc_rom.cc:155:do_switch$436$rdmux[0][3][4]$b$4600 [8] $memory$auto$proc_rom.cc:155:do_switch$436$rdmux[0][3][4]$b$4600 [6] $memory$auto$proc_rom.cc:155:do_switch$436$rdmux[0][3][4]$b$4600 [4] $memory$auto$proc_rom.cc:155:do_switch$436$rdmux[0][3][4]$b$4600 [0] $memory$auto$proc_rom.cc:155:do_switch$436$rdmux[0][3][4]$b$4600 [1] $memory$auto$proc_rom.cc:155:do_switch$436$rdmux[0][3][4]$b$4600 [1] }
    Consolidated identical input bits for $mux cell $memory$auto$proc_rom.cc:155:do_switch$436$rdmux[0][4][8]$4634:
      Old ports: A=$memory$auto$proc_rom.cc:155:do_switch$436$rdmux[0][4][8]$a$4635, B=$memory$auto$proc_rom.cc:155:do_switch$436$rdmux[0][4][8]$b$4636, Y=$memory$auto$proc_rom.cc:155:do_switch$436$rdmux[0][3][4]$a$4599
      New ports: A={ 3'111 $memory$auto$proc_rom.cc:155:do_switch$436$rdmux[0][4][8]$a$4635 [0] 1'0 $memory$auto$proc_rom.cc:155:do_switch$436$rdmux[0][4][8]$a$4635 [0] 1'0 $memory$auto$proc_rom.cc:155:do_switch$436$rdmux[0][4][8]$a$4635 [3] $memory$auto$proc_rom.cc:155:do_switch$436$rdmux[0][4][8]$a$4635 [3] $memory$auto$proc_rom.cc:155:do_switch$436$rdmux[0][4][8]$a$4635 [0] 1'0 $memory$auto$proc_rom.cc:155:do_switch$436$rdmux[0][4][8]$a$4635 [0] }, B={ $memory$auto$proc_rom.cc:155:do_switch$436$rdmux[0][4][8]$b$4636 [2] $memory$auto$proc_rom.cc:155:do_switch$436$rdmux[0][4][8]$b$4636 [0] 4'0110 $memory$auto$proc_rom.cc:155:do_switch$436$rdmux[0][4][8]$b$4636 [2] 1'1 $memory$auto$proc_rom.cc:155:do_switch$436$rdmux[0][4][8]$b$4636 [2] $memory$auto$proc_rom.cc:155:do_switch$436$rdmux[0][4][8]$b$4636 [2] $memory$auto$proc_rom.cc:155:do_switch$436$rdmux[0][4][8]$b$4636 [0] $memory$auto$proc_rom.cc:155:do_switch$436$rdmux[0][4][8]$b$4636 [0] }, Y={ $memory$auto$proc_rom.cc:155:do_switch$436$rdmux[0][3][4]$a$4599 [26] $memory$auto$proc_rom.cc:155:do_switch$436$rdmux[0][3][4]$a$4599 [20] $memory$auto$proc_rom.cc:155:do_switch$436$rdmux[0][3][4]$a$4599 [16] $memory$auto$proc_rom.cc:155:do_switch$436$rdmux[0][3][4]$a$4599 [11:9] $memory$auto$proc_rom.cc:155:do_switch$436$rdmux[0][3][4]$a$4599 [6] $memory$auto$proc_rom.cc:155:do_switch$436$rdmux[0][3][4]$a$4599 [4:0] }
      New connections: { $memory$auto$proc_rom.cc:155:do_switch$436$rdmux[0][3][4]$a$4599 [31:27] $memory$auto$proc_rom.cc:155:do_switch$436$rdmux[0][3][4]$a$4599 [25:21] $memory$auto$proc_rom.cc:155:do_switch$436$rdmux[0][3][4]$a$4599 [19:17] $memory$auto$proc_rom.cc:155:do_switch$436$rdmux[0][3][4]$a$4599 [15:12] $memory$auto$proc_rom.cc:155:do_switch$436$rdmux[0][3][4]$a$4599 [8:7] $memory$auto$proc_rom.cc:155:do_switch$436$rdmux[0][3][4]$a$4599 [5] } = { 1'0 $memory$auto$proc_rom.cc:155:do_switch$436$rdmux[0][3][4]$a$4599 [10] $memory$auto$proc_rom.cc:155:do_switch$436$rdmux[0][3][4]$a$4599 [16] $memory$auto$proc_rom.cc:155:do_switch$436$rdmux[0][3][4]$a$4599 [1] $memory$auto$proc_rom.cc:155:do_switch$436$rdmux[0][3][4]$a$4599 [3] $memory$auto$proc_rom.cc:155:do_switch$436$rdmux[0][3][4]$a$4599 [20] $memory$auto$proc_rom.cc:155:do_switch$436$rdmux[0][3][4]$a$4599 [11] $memory$auto$proc_rom.cc:155:do_switch$436$rdmux[0][3][4]$a$4599 [9] 1'0 $memory$auto$proc_rom.cc:155:do_switch$436$rdmux[0][3][4]$a$4599 [11] $memory$auto$proc_rom.cc:155:do_switch$436$rdmux[0][3][4]$a$4599 [4] $memory$auto$proc_rom.cc:155:do_switch$436$rdmux[0][3][4]$a$4599 [2] $memory$auto$proc_rom.cc:155:do_switch$436$rdmux[0][3][4]$a$4599 [16] 1'0 $memory$auto$proc_rom.cc:155:do_switch$436$rdmux[0][3][4]$a$4599 [6] $memory$auto$proc_rom.cc:155:do_switch$436$rdmux[0][3][4]$a$4599 [3] 1'0 $memory$auto$proc_rom.cc:155:do_switch$436$rdmux[0][3][4]$a$4599 [4] $memory$auto$proc_rom.cc:155:do_switch$436$rdmux[0][3][4]$a$4599 [2] $memory$auto$proc_rom.cc:155:do_switch$436$rdmux[0][3][4]$a$4599 [3] }
    Consolidated identical input bits for $mux cell $memory$auto$proc_rom.cc:155:do_switch$436$rdmux[0][4][7]$4631:
      Old ports: A=$memory$auto$proc_rom.cc:155:do_switch$436$rdmux[0][4][7]$a$4632, B=$memory$auto$proc_rom.cc:155:do_switch$436$rdmux[0][4][7]$b$4633, Y=$memory$auto$proc_rom.cc:155:do_switch$436$rdmux[0][3][3]$b$4597
      New ports: A={ 2'11 $memory$auto$proc_rom.cc:155:do_switch$436$rdmux[0][4][7]$a$4632 [2] 2'00 $memory$auto$proc_rom.cc:155:do_switch$436$rdmux[0][4][7]$a$4632 [2] $memory$auto$proc_rom.cc:155:do_switch$436$rdmux[0][4][7]$a$4632 [4] $memory$auto$proc_rom.cc:155:do_switch$436$rdmux[0][4][7]$a$4632 [4] $memory$auto$proc_rom.cc:155:do_switch$436$rdmux[0][4][7]$a$4632 [4] $memory$auto$proc_rom.cc:155:do_switch$436$rdmux[0][4][7]$a$4632 [2] 1'1 }, B={ 1'0 $memory$auto$proc_rom.cc:155:do_switch$436$rdmux[0][4][7]$b$4633 [4] $memory$auto$proc_rom.cc:155:do_switch$436$rdmux[0][4][7]$b$4633 [4] $memory$auto$proc_rom.cc:155:do_switch$436$rdmux[0][4][7]$b$4633 [4] 3'100 $memory$auto$proc_rom.cc:155:do_switch$436$rdmux[0][4][7]$b$4633 [1] $memory$auto$proc_rom.cc:155:do_switch$436$rdmux[0][4][7]$b$4633 [4] $memory$auto$proc_rom.cc:155:do_switch$436$rdmux[0][4][7]$b$4633 [1] $memory$auto$proc_rom.cc:155:do_switch$436$rdmux[0][4][7]$b$4633 [1] }, Y={ $memory$auto$proc_rom.cc:155:do_switch$436$rdmux[0][3][3]$b$4597 [30] $memory$auto$proc_rom.cc:155:do_switch$436$rdmux[0][3][3]$b$4597 [23] $memory$auto$proc_rom.cc:155:do_switch$436$rdmux[0][3][3]$b$4597 [17] $memory$auto$proc_rom.cc:155:do_switch$436$rdmux[0][3][3]$b$4597 [14:12] $memory$auto$proc_rom.cc:155:do_switch$436$rdmux[0][3][3]$b$4597 [7] $memory$auto$proc_rom.cc:155:do_switch$436$rdmux[0][3][3]$b$4597 [5:4] $memory$auto$proc_rom.cc:155:do_switch$436$rdmux[0][3][3]$b$4597 [2:1] }
      New connections: { $memory$auto$proc_rom.cc:155:do_switch$436$rdmux[0][3][3]$b$4597 [31] $memory$auto$proc_rom.cc:155:do_switch$436$rdmux[0][3][3]$b$4597 [29:24] $memory$auto$proc_rom.cc:155:do_switch$436$rdmux[0][3][3]$b$4597 [22:18] $memory$auto$proc_rom.cc:155:do_switch$436$rdmux[0][3][3]$b$4597 [16:15] $memory$auto$proc_rom.cc:155:do_switch$436$rdmux[0][3][3]$b$4597 [11:8] $memory$auto$proc_rom.cc:155:do_switch$436$rdmux[0][3][3]$b$4597 [6] $memory$auto$proc_rom.cc:155:do_switch$436$rdmux[0][3][3]$b$4597 [3] $memory$auto$proc_rom.cc:155:do_switch$436$rdmux[0][3][3]$b$4597 [0] } = { $memory$auto$proc_rom.cc:155:do_switch$436$rdmux[0][3][3]$b$4597 [30] 1'0 $memory$auto$proc_rom.cc:155:do_switch$436$rdmux[0][3][3]$b$4597 [2] 2'01 $memory$auto$proc_rom.cc:155:do_switch$436$rdmux[0][3][3]$b$4597 [4] $memory$auto$proc_rom.cc:155:do_switch$436$rdmux[0][3][3]$b$4597 [12] $memory$auto$proc_rom.cc:155:do_switch$436$rdmux[0][3][3]$b$4597 [4] $memory$auto$proc_rom.cc:155:do_switch$436$rdmux[0][3][3]$b$4597 [1] 1'0 $memory$auto$proc_rom.cc:155:do_switch$436$rdmux[0][3][3]$b$4597 [13:12] $memory$auto$proc_rom.cc:155:do_switch$436$rdmux[0][3][3]$b$4597 [2] $memory$auto$proc_rom.cc:155:do_switch$436$rdmux[0][3][3]$b$4597 [12] $memory$auto$proc_rom.cc:155:do_switch$436$rdmux[0][3][3]$b$4597 [5] 1'0 $memory$auto$proc_rom.cc:155:do_switch$436$rdmux[0][3][3]$b$4597 [4] 4'1101 }
    Consolidated identical input bits for $mux cell $memory$auto$proc_rom.cc:155:do_switch$436$rdmux[0][4][6]$4628:
      Old ports: A=$memory$auto$proc_rom.cc:155:do_switch$436$rdmux[0][4][6]$a$4629, B=$memory$auto$proc_rom.cc:155:do_switch$436$rdmux[0][4][6]$b$4630, Y=$memory$auto$proc_rom.cc:155:do_switch$436$rdmux[0][3][3]$a$4596
      New ports: A={ 1'1 $memory$auto$proc_rom.cc:155:do_switch$436$rdmux[0][4][6]$a$4629 [1] 2'10 $memory$auto$proc_rom.cc:155:do_switch$436$rdmux[0][4][6]$a$4629 [0] $memory$auto$proc_rom.cc:155:do_switch$436$rdmux[0][4][6]$a$4629 [1] 1'0 $memory$auto$proc_rom.cc:155:do_switch$436$rdmux[0][4][6]$a$4629 [0] $memory$auto$proc_rom.cc:155:do_switch$436$rdmux[0][4][6]$a$4629 [1:0] $memory$auto$proc_rom.cc:155:do_switch$436$rdmux[0][4][6]$a$4629 [1:0] }, B={ 1'0 $memory$auto$proc_rom.cc:155:do_switch$436$rdmux[0][4][6]$b$4630 [3] $memory$auto$proc_rom.cc:155:do_switch$436$rdmux[0][4][6]$b$4630 [0] $memory$auto$proc_rom.cc:155:do_switch$436$rdmux[0][4][6]$b$4630 [0] 5'11100 $memory$auto$proc_rom.cc:155:do_switch$436$rdmux[0][4][6]$b$4630 [3] $memory$auto$proc_rom.cc:155:do_switch$436$rdmux[0][4][6]$b$4630 [0] $memory$auto$proc_rom.cc:155:do_switch$436$rdmux[0][4][6]$b$4630 [0] }, Y={ $memory$auto$proc_rom.cc:155:do_switch$436$rdmux[0][3][3]$a$4596 [21] $memory$auto$proc_rom.cc:155:do_switch$436$rdmux[0][3][3]$a$4596 [17] $memory$auto$proc_rom.cc:155:do_switch$436$rdmux[0][3][3]$a$4596 [14] $memory$auto$proc_rom.cc:155:do_switch$436$rdmux[0][3][3]$a$4596 [11] $memory$auto$proc_rom.cc:155:do_switch$436$rdmux[0][3][3]$a$4596 [9:7] $memory$auto$proc_rom.cc:155:do_switch$436$rdmux[0][3][3]$a$4596 [5:3] $memory$auto$proc_rom.cc:155:do_switch$436$rdmux[0][3][3]$a$4596 [1:0] }
      New connections: { $memory$auto$proc_rom.cc:155:do_switch$436$rdmux[0][3][3]$a$4596 [31:22] $memory$auto$proc_rom.cc:155:do_switch$436$rdmux[0][3][3]$a$4596 [20:18] $memory$auto$proc_rom.cc:155:do_switch$436$rdmux[0][3][3]$a$4596 [16:15] $memory$auto$proc_rom.cc:155:do_switch$436$rdmux[0][3][3]$a$4596 [13:12] $memory$auto$proc_rom.cc:155:do_switch$436$rdmux[0][3][3]$a$4596 [10] $memory$auto$proc_rom.cc:155:do_switch$436$rdmux[0][3][3]$a$4596 [6] $memory$auto$proc_rom.cc:155:do_switch$436$rdmux[0][3][3]$a$4596 [2] } = { 2'10 $memory$auto$proc_rom.cc:155:do_switch$436$rdmux[0][3][3]$a$4596 [9:8] $memory$auto$proc_rom.cc:155:do_switch$436$rdmux[0][3][3]$a$4596 [14] $memory$auto$proc_rom.cc:155:do_switch$436$rdmux[0][3][3]$a$4596 [11] $memory$auto$proc_rom.cc:155:do_switch$436$rdmux[0][3][3]$a$4596 [11] $memory$auto$proc_rom.cc:155:do_switch$436$rdmux[0][3][3]$a$4596 [11] 1'0 $memory$auto$proc_rom.cc:155:do_switch$436$rdmux[0][3][3]$a$4596 [11] $memory$auto$proc_rom.cc:155:do_switch$436$rdmux[0][3][3]$a$4596 [14] $memory$auto$proc_rom.cc:155:do_switch$436$rdmux[0][3][3]$a$4596 [1] $memory$auto$proc_rom.cc:155:do_switch$436$rdmux[0][3][3]$a$4596 [4] $memory$auto$proc_rom.cc:155:do_switch$436$rdmux[0][3][3]$a$4596 [9] $memory$auto$proc_rom.cc:155:do_switch$436$rdmux[0][3][3]$a$4596 [5] $memory$auto$proc_rom.cc:155:do_switch$436$rdmux[0][3][3]$a$4596 [7] $memory$auto$proc_rom.cc:155:do_switch$436$rdmux[0][3][3]$a$4596 [1] $memory$auto$proc_rom.cc:155:do_switch$436$rdmux[0][3][3]$a$4596 [9] 1'1 $memory$auto$proc_rom.cc:155:do_switch$436$rdmux[0][3][3]$a$4596 [0] }
    Consolidated identical input bits for $mux cell $memory$auto$proc_rom.cc:155:do_switch$436$rdmux[0][4][5]$4625:
      Old ports: A=$memory$auto$proc_rom.cc:155:do_switch$436$rdmux[0][4][5]$a$4626, B=$memory$auto$proc_rom.cc:155:do_switch$436$rdmux[0][4][5]$b$4627, Y=$memory$auto$proc_rom.cc:155:do_switch$436$rdmux[0][3][2]$b$4594
      New ports: A={ 1'1 $memory$auto$proc_rom.cc:155:do_switch$436$rdmux[0][4][5]$a$4626 [7] $memory$auto$proc_rom.cc:155:do_switch$436$rdmux[0][4][5]$a$4626 [7] $memory$auto$proc_rom.cc:155:do_switch$436$rdmux[0][4][5]$a$4626 [0] 1'0 $memory$auto$proc_rom.cc:155:do_switch$436$rdmux[0][4][5]$a$4626 [7] $memory$auto$proc_rom.cc:155:do_switch$436$rdmux[0][4][5]$a$4626 [0] 2'10 $memory$auto$proc_rom.cc:155:do_switch$436$rdmux[0][4][5]$a$4626 [0] 1'1 $memory$auto$proc_rom.cc:155:do_switch$436$rdmux[0][4][5]$a$4626 [0] }, B={ $memory$auto$proc_rom.cc:155:do_switch$436$rdmux[0][4][5]$b$4627 [2:1] 1'0 $memory$auto$proc_rom.cc:155:do_switch$436$rdmux[0][4][5]$b$4627 [1] $memory$auto$proc_rom.cc:155:do_switch$436$rdmux[0][4][5]$b$4627 [2] 4'1101 $memory$auto$proc_rom.cc:155:do_switch$436$rdmux[0][4][5]$b$4627 [2:1] 1'0 }, Y={ $memory$auto$proc_rom.cc:155:do_switch$436$rdmux[0][3][2]$b$4594 [27] $memory$auto$proc_rom.cc:155:do_switch$436$rdmux[0][3][2]$b$4594 [25] $memory$auto$proc_rom.cc:155:do_switch$436$rdmux[0][3][2]$b$4594 [18] $memory$auto$proc_rom.cc:155:do_switch$436$rdmux[0][3][2]$b$4594 [16] $memory$auto$proc_rom.cc:155:do_switch$436$rdmux[0][3][2]$b$4594 [8:4] $memory$auto$proc_rom.cc:155:do_switch$436$rdmux[0][3][2]$b$4594 [2:0] }
      New connections: { $memory$auto$proc_rom.cc:155:do_switch$436$rdmux[0][3][2]$b$4594 [31:28] $memory$auto$proc_rom.cc:155:do_switch$436$rdmux[0][3][2]$b$4594 [26] $memory$auto$proc_rom.cc:155:do_switch$436$rdmux[0][3][2]$b$4594 [24:19] $memory$auto$proc_rom.cc:155:do_switch$436$rdmux[0][3][2]$b$4594 [17] $memory$auto$proc_rom.cc:155:do_switch$436$rdmux[0][3][2]$b$4594 [15:9] $memory$auto$proc_rom.cc:155:do_switch$436$rdmux[0][3][2]$b$4594 [3] } = { 1'0 $memory$auto$proc_rom.cc:155:do_switch$436$rdmux[0][3][2]$b$4594 [7] $memory$auto$proc_rom.cc:155:do_switch$436$rdmux[0][3][2]$b$4594 [16] $memory$auto$proc_rom.cc:155:do_switch$436$rdmux[0][3][2]$b$4594 [4] $memory$auto$proc_rom.cc:155:do_switch$436$rdmux[0][3][2]$b$4594 [6] $memory$auto$proc_rom.cc:155:do_switch$436$rdmux[0][3][2]$b$4594 [0] $memory$auto$proc_rom.cc:155:do_switch$436$rdmux[0][3][2]$b$4594 [6] $memory$auto$proc_rom.cc:155:do_switch$436$rdmux[0][3][2]$b$4594 [1] 1'1 $memory$auto$proc_rom.cc:155:do_switch$436$rdmux[0][3][2]$b$4594 [7] $memory$auto$proc_rom.cc:155:do_switch$436$rdmux[0][3][2]$b$4594 [16] 1'0 $memory$auto$proc_rom.cc:155:do_switch$436$rdmux[0][3][2]$b$4594 [7] 1'0 $memory$auto$proc_rom.cc:155:do_switch$436$rdmux[0][3][2]$b$4594 [2] 1'0 $memory$auto$proc_rom.cc:155:do_switch$436$rdmux[0][3][2]$b$4594 [6:5] 2'01 }
    Consolidated identical input bits for $mux cell $memory$auto$proc_rom.cc:155:do_switch$436$rdmux[0][4][4]$4622:
      Old ports: A=$memory$auto$proc_rom.cc:155:do_switch$436$rdmux[0][4][4]$a$4623, B=$memory$auto$proc_rom.cc:155:do_switch$436$rdmux[0][4][4]$b$4624, Y=$memory$auto$proc_rom.cc:155:do_switch$436$rdmux[0][3][2]$a$4593
      New ports: A={ 2'11 $memory$auto$proc_rom.cc:155:do_switch$436$rdmux[0][4][4]$a$4623 [1] 2'01 $memory$auto$proc_rom.cc:155:do_switch$436$rdmux[0][4][4]$a$4623 [0] 1'0 $memory$auto$proc_rom.cc:155:do_switch$436$rdmux[0][4][4]$a$4623 [0] $memory$auto$proc_rom.cc:155:do_switch$436$rdmux[0][4][4]$a$4623 [1:0] 1'0 $memory$auto$proc_rom.cc:155:do_switch$436$rdmux[0][4][4]$a$4623 [1] $memory$auto$proc_rom.cc:155:do_switch$436$rdmux[0][4][4]$a$4623 [1:0] }, B={ $memory$auto$proc_rom.cc:155:do_switch$436$rdmux[0][4][4]$b$4624 [1] $memory$auto$proc_rom.cc:155:do_switch$436$rdmux[0][4][4]$b$4624 [3] $memory$auto$proc_rom.cc:155:do_switch$436$rdmux[0][4][4]$b$4624 [3] 2'10 $memory$auto$proc_rom.cc:155:do_switch$436$rdmux[0][4][4]$b$4624 [3] $memory$auto$proc_rom.cc:155:do_switch$436$rdmux[0][4][4]$b$4624 [1] $memory$auto$proc_rom.cc:155:do_switch$436$rdmux[0][4][4]$b$4624 [1] 2'01 $memory$auto$proc_rom.cc:155:do_switch$436$rdmux[0][4][4]$b$4624 [3] 1'1 $memory$auto$proc_rom.cc:155:do_switch$436$rdmux[0][4][4]$b$4624 [1] 1'0 }, Y={ $memory$auto$proc_rom.cc:155:do_switch$436$rdmux[0][3][2]$a$4593 [23] $memory$auto$proc_rom.cc:155:do_switch$436$rdmux[0][3][2]$a$4593 [19:18] $memory$auto$proc_rom.cc:155:do_switch$436$rdmux[0][3][2]$a$4593 [15:11] $memory$auto$proc_rom.cc:155:do_switch$436$rdmux[0][3][2]$a$4593 [9] $memory$auto$proc_rom.cc:155:do_switch$436$rdmux[0][3][2]$a$4593 [6] $memory$auto$proc_rom.cc:155:do_switch$436$rdmux[0][3][2]$a$4593 [3:0] }
      New connections: { $memory$auto$proc_rom.cc:155:do_switch$436$rdmux[0][3][2]$a$4593 [31:24] $memory$auto$proc_rom.cc:155:do_switch$436$rdmux[0][3][2]$a$4593 [22:20] $memory$auto$proc_rom.cc:155:do_switch$436$rdmux[0][3][2]$a$4593 [17:16] $memory$auto$proc_rom.cc:155:do_switch$436$rdmux[0][3][2]$a$4593 [10] $memory$auto$proc_rom.cc:155:do_switch$436$rdmux[0][3][2]$a$4593 [8:7] $memory$auto$proc_rom.cc:155:do_switch$436$rdmux[0][3][2]$a$4593 [5:4] } = { $memory$auto$proc_rom.cc:155:do_switch$436$rdmux[0][3][2]$a$4593 [14] $memory$auto$proc_rom.cc:155:do_switch$436$rdmux[0][3][2]$a$4593 [14] $memory$auto$proc_rom.cc:155:do_switch$436$rdmux[0][3][2]$a$4593 [19] 1'0 $memory$auto$proc_rom.cc:155:do_switch$436$rdmux[0][3][2]$a$4593 [1] 1'1 $memory$auto$proc_rom.cc:155:do_switch$436$rdmux[0][3][2]$a$4593 [1] $memory$auto$proc_rom.cc:155:do_switch$436$rdmux[0][3][2]$a$4593 [1] $memory$auto$proc_rom.cc:155:do_switch$436$rdmux[0][3][2]$a$4593 [12] $memory$auto$proc_rom.cc:155:do_switch$436$rdmux[0][3][2]$a$4593 [9] $memory$auto$proc_rom.cc:155:do_switch$436$rdmux[0][3][2]$a$4593 [14] $memory$auto$proc_rom.cc:155:do_switch$436$rdmux[0][3][2]$a$4593 [14] $memory$auto$proc_rom.cc:155:do_switch$436$rdmux[0][3][2]$a$4593 [11] $memory$auto$proc_rom.cc:155:do_switch$436$rdmux[0][3][2]$a$4593 [1] 4'1100 }
    Consolidated identical input bits for $mux cell $memory$auto$proc_rom.cc:155:do_switch$436$rdmux[0][4][3]$4619:
      Old ports: A=$memory$auto$proc_rom.cc:155:do_switch$436$rdmux[0][4][3]$a$4620, B=$memory$auto$proc_rom.cc:155:do_switch$436$rdmux[0][4][3]$b$4621, Y=$memory$auto$proc_rom.cc:155:do_switch$436$rdmux[0][3][1]$b$4591
      New ports: A={ $memory$auto$proc_rom.cc:155:do_switch$436$rdmux[0][4][3]$a$4620 [1] 3'010 $memory$auto$proc_rom.cc:155:do_switch$436$rdmux[0][4][3]$a$4620 [10] $memory$auto$proc_rom.cc:155:do_switch$436$rdmux[0][4][3]$a$4620 [1] $memory$auto$proc_rom.cc:155:do_switch$436$rdmux[0][4][3]$a$4620 [10] $memory$auto$proc_rom.cc:155:do_switch$436$rdmux[0][4][3]$a$4620 [10] 1'1 $memory$auto$proc_rom.cc:155:do_switch$436$rdmux[0][4][3]$a$4620 [1] $memory$auto$proc_rom.cc:155:do_switch$436$rdmux[0][4][3]$a$4620 [1] 1'0 }, B={ 2'11 $memory$auto$proc_rom.cc:155:do_switch$436$rdmux[0][4][3]$b$4621 [0] $memory$auto$proc_rom.cc:155:do_switch$436$rdmux[0][4][3]$b$4621 [4] $memory$auto$proc_rom.cc:155:do_switch$436$rdmux[0][4][3]$b$4621 [4] $memory$auto$proc_rom.cc:155:do_switch$436$rdmux[0][4][3]$b$4621 [4] 1'0 $memory$auto$proc_rom.cc:155:do_switch$436$rdmux[0][4][3]$b$4621 [0] $memory$auto$proc_rom.cc:155:do_switch$436$rdmux[0][4][3]$b$4621 [4] 1'0 $memory$auto$proc_rom.cc:155:do_switch$436$rdmux[0][4][3]$b$4621 [0] $memory$auto$proc_rom.cc:155:do_switch$436$rdmux[0][4][3]$b$4621 [0] }, Y={ $memory$auto$proc_rom.cc:155:do_switch$436$rdmux[0][3][1]$b$4591 [31] $memory$auto$proc_rom.cc:155:do_switch$436$rdmux[0][3][1]$b$4591 [24] $memory$auto$proc_rom.cc:155:do_switch$436$rdmux[0][3][1]$b$4591 [18] $memory$auto$proc_rom.cc:155:do_switch$436$rdmux[0][3][1]$b$4591 [16] $memory$auto$proc_rom.cc:155:do_switch$436$rdmux[0][3][1]$b$4591 [14:13] $memory$auto$proc_rom.cc:155:do_switch$436$rdmux[0][3][1]$b$4591 [11:10] $memory$auto$proc_rom.cc:155:do_switch$436$rdmux[0][3][1]$b$4591 [4:3] $memory$auto$proc_rom.cc:155:do_switch$436$rdmux[0][3][1]$b$4591 [1:0] }
      New connections: { $memory$auto$proc_rom.cc:155:do_switch$436$rdmux[0][3][1]$b$4591 [30:25] $memory$auto$proc_rom.cc:155:do_switch$436$rdmux[0][3][1]$b$4591 [23:19] $memory$auto$proc_rom.cc:155:do_switch$436$rdmux[0][3][1]$b$4591 [17] $memory$auto$proc_rom.cc:155:do_switch$436$rdmux[0][3][1]$b$4591 [15] $memory$auto$proc_rom.cc:155:do_switch$436$rdmux[0][3][1]$b$4591 [12] $memory$auto$proc_rom.cc:155:do_switch$436$rdmux[0][3][1]$b$4591 [9:5] $memory$auto$proc_rom.cc:155:do_switch$436$rdmux[0][3][1]$b$4591 [2] } = { $memory$auto$proc_rom.cc:155:do_switch$436$rdmux[0][3][1]$b$4591 [14] $memory$auto$proc_rom.cc:155:do_switch$436$rdmux[0][3][1]$b$4591 [11:10] $memory$auto$proc_rom.cc:155:do_switch$436$rdmux[0][3][1]$b$4591 [0] 1'0 $memory$auto$proc_rom.cc:155:do_switch$436$rdmux[0][3][1]$b$4591 [10] 1'1 $memory$auto$proc_rom.cc:155:do_switch$436$rdmux[0][3][1]$b$4591 [1] $memory$auto$proc_rom.cc:155:do_switch$436$rdmux[0][3][1]$b$4591 [11] 2'11 $memory$auto$proc_rom.cc:155:do_switch$436$rdmux[0][3][1]$b$4591 [4] $memory$auto$proc_rom.cc:155:do_switch$436$rdmux[0][3][1]$b$4591 [13] $memory$auto$proc_rom.cc:155:do_switch$436$rdmux[0][3][1]$b$4591 [4] $memory$auto$proc_rom.cc:155:do_switch$436$rdmux[0][3][1]$b$4591 [0] $memory$auto$proc_rom.cc:155:do_switch$436$rdmux[0][3][1]$b$4591 [4] $memory$auto$proc_rom.cc:155:do_switch$436$rdmux[0][3][1]$b$4591 [1] $memory$auto$proc_rom.cc:155:do_switch$436$rdmux[0][3][1]$b$4591 [4] 2'11 }
    Consolidated identical input bits for $mux cell $memory$auto$proc_rom.cc:155:do_switch$436$rdmux[0][4][2]$4616:
      Old ports: A=$memory$auto$proc_rom.cc:155:do_switch$436$rdmux[0][4][2]$a$4617, B=$memory$auto$proc_rom.cc:155:do_switch$436$rdmux[0][4][2]$b$4618, Y=$memory$auto$proc_rom.cc:155:do_switch$436$rdmux[0][3][1]$a$4590
      New ports: A={ $memory$auto$proc_rom.cc:155:do_switch$436$rdmux[0][4][2]$a$4617 [3] $memory$auto$proc_rom.cc:155:do_switch$436$rdmux[0][4][2]$a$4617 [0] 1'1 $memory$auto$proc_rom.cc:155:do_switch$436$rdmux[0][4][2]$a$4617 [3] 2'11 $memory$auto$proc_rom.cc:155:do_switch$436$rdmux[0][4][2]$a$4617 [0] $memory$auto$proc_rom.cc:155:do_switch$436$rdmux[0][4][2]$a$4617 [3] 1'0 $memory$auto$proc_rom.cc:155:do_switch$436$rdmux[0][4][2]$a$4617 [3] 2'00 $memory$auto$proc_rom.cc:155:do_switch$436$rdmux[0][4][2]$a$4617 [0] }, B={ 2'00 $memory$auto$proc_rom.cc:155:do_switch$436$rdmux[0][4][2]$b$4618 [2] $memory$auto$proc_rom.cc:155:do_switch$436$rdmux[0][4][2]$b$4618 [0] $memory$auto$proc_rom.cc:155:do_switch$436$rdmux[0][4][2]$b$4618 [0] 3'011 $memory$auto$proc_rom.cc:155:do_switch$436$rdmux[0][4][2]$b$4618 [0] $memory$auto$proc_rom.cc:155:do_switch$436$rdmux[0][4][2]$b$4618 [2] $memory$auto$proc_rom.cc:155:do_switch$436$rdmux[0][4][2]$b$4618 [2] 1'1 $memory$auto$proc_rom.cc:155:do_switch$436$rdmux[0][4][2]$b$4618 [0] }, Y={ $memory$auto$proc_rom.cc:155:do_switch$436$rdmux[0][3][1]$a$4590 [27] $memory$auto$proc_rom.cc:155:do_switch$436$rdmux[0][3][1]$a$4590 [23] $memory$auto$proc_rom.cc:155:do_switch$436$rdmux[0][3][1]$a$4590 [16] $memory$auto$proc_rom.cc:155:do_switch$436$rdmux[0][3][1]$a$4590 [13] $memory$auto$proc_rom.cc:155:do_switch$436$rdmux[0][3][1]$a$4590 [11] $memory$auto$proc_rom.cc:155:do_switch$436$rdmux[0][3][1]$a$4590 [9:6] $memory$auto$proc_rom.cc:155:do_switch$436$rdmux[0][3][1]$a$4590 [3:0] }
      New connections: { $memory$auto$proc_rom.cc:155:do_switch$436$rdmux[0][3][1]$a$4590 [31:28] $memory$auto$proc_rom.cc:155:do_switch$436$rdmux[0][3][1]$a$4590 [26:24] $memory$auto$proc_rom.cc:155:do_switch$436$rdmux[0][3][1]$a$4590 [22:17] $memory$auto$proc_rom.cc:155:do_switch$436$rdmux[0][3][1]$a$4590 [15:14] $memory$auto$proc_rom.cc:155:do_switch$436$rdmux[0][3][1]$a$4590 [12] $memory$auto$proc_rom.cc:155:do_switch$436$rdmux[0][3][1]$a$4590 [10] $memory$auto$proc_rom.cc:155:do_switch$436$rdmux[0][3][1]$a$4590 [5:4] } = { $memory$auto$proc_rom.cc:155:do_switch$436$rdmux[0][3][1]$a$4590 [27] $memory$auto$proc_rom.cc:155:do_switch$436$rdmux[0][3][1]$a$4590 [13] $memory$auto$proc_rom.cc:155:do_switch$436$rdmux[0][3][1]$a$4590 [2] $memory$auto$proc_rom.cc:155:do_switch$436$rdmux[0][3][1]$a$4590 [11] $memory$auto$proc_rom.cc:155:do_switch$436$rdmux[0][3][1]$a$4590 [1] $memory$auto$proc_rom.cc:155:do_switch$436$rdmux[0][3][1]$a$4590 [23] $memory$auto$proc_rom.cc:155:do_switch$436$rdmux[0][3][1]$a$4590 [6] 1'0 $memory$auto$proc_rom.cc:155:do_switch$436$rdmux[0][3][1]$a$4590 [2] $memory$auto$proc_rom.cc:155:do_switch$436$rdmux[0][3][1]$a$4590 [2] $memory$auto$proc_rom.cc:155:do_switch$436$rdmux[0][3][1]$a$4590 [6] $memory$auto$proc_rom.cc:155:do_switch$436$rdmux[0][3][1]$a$4590 [13] $memory$auto$proc_rom.cc:155:do_switch$436$rdmux[0][3][1]$a$4590 [9] $memory$auto$proc_rom.cc:155:do_switch$436$rdmux[0][3][1]$a$4590 [3] $memory$auto$proc_rom.cc:155:do_switch$436$rdmux[0][3][1]$a$4590 [0] $memory$auto$proc_rom.cc:155:do_switch$436$rdmux[0][3][1]$a$4590 [0] $memory$auto$proc_rom.cc:155:do_switch$436$rdmux[0][3][1]$a$4590 [1] $memory$auto$proc_rom.cc:155:do_switch$436$rdmux[0][3][1]$a$4590 [2] $memory$auto$proc_rom.cc:155:do_switch$436$rdmux[0][3][1]$a$4590 [3] }
    Consolidated identical input bits for $mux cell $memory$auto$proc_rom.cc:155:do_switch$436$rdmux[0][4][1]$4613:
      Old ports: A=$memory$auto$proc_rom.cc:155:do_switch$436$rdmux[0][4][1]$a$4614, B=$memory$auto$proc_rom.cc:155:do_switch$436$rdmux[0][4][1]$b$4615, Y=$memory$auto$proc_rom.cc:155:do_switch$436$rdmux[0][3][0]$b$4588
      New ports: A={ 2'11 $memory$auto$proc_rom.cc:155:do_switch$436$rdmux[0][4][1]$a$4614 [1] $memory$auto$proc_rom.cc:155:do_switch$436$rdmux[0][4][1]$a$4614 [1] $memory$auto$proc_rom.cc:155:do_switch$436$rdmux[0][4][1]$a$4614 [5] 1'0 $memory$auto$proc_rom.cc:155:do_switch$436$rdmux[0][4][1]$a$4614 [1] $memory$auto$proc_rom.cc:155:do_switch$436$rdmux[0][4][1]$a$4614 [5] $memory$auto$proc_rom.cc:155:do_switch$436$rdmux[0][4][1]$a$4614 [5] $memory$auto$proc_rom.cc:155:do_switch$436$rdmux[0][4][1]$a$4614 [5] 1'0 $memory$auto$proc_rom.cc:155:do_switch$436$rdmux[0][4][1]$a$4614 [1] 1'1 }, B={ $memory$auto$proc_rom.cc:155:do_switch$436$rdmux[0][4][1]$b$4615 [5] 1'0 $memory$auto$proc_rom.cc:155:do_switch$436$rdmux[0][4][1]$b$4615 [5] $memory$auto$proc_rom.cc:155:do_switch$436$rdmux[0][4][1]$b$4615 [0] $memory$auto$proc_rom.cc:155:do_switch$436$rdmux[0][4][1]$b$4615 [0] $memory$auto$proc_rom.cc:155:do_switch$436$rdmux[0][4][1]$b$4615 [0] 3'101 $memory$auto$proc_rom.cc:155:do_switch$436$rdmux[0][4][1]$b$4615 [5] 2'10 $memory$auto$proc_rom.cc:155:do_switch$436$rdmux[0][4][1]$b$4615 [0] }, Y={ $memory$auto$proc_rom.cc:155:do_switch$436$rdmux[0][3][0]$b$4588 [28] $memory$auto$proc_rom.cc:155:do_switch$436$rdmux[0][3][0]$b$4588 [22] $memory$auto$proc_rom.cc:155:do_switch$436$rdmux[0][3][0]$b$4588 [15:14] $memory$auto$proc_rom.cc:155:do_switch$436$rdmux[0][3][0]$b$4588 [12] $memory$auto$proc_rom.cc:155:do_switch$436$rdmux[0][3][0]$b$4588 [10:7] $memory$auto$proc_rom.cc:155:do_switch$436$rdmux[0][3][0]$b$4588 [5] $memory$auto$proc_rom.cc:155:do_switch$436$rdmux[0][3][0]$b$4588 [2:0] }
      New connections: { $memory$auto$proc_rom.cc:155:do_switch$436$rdmux[0][3][0]$b$4588 [31:29] $memory$auto$proc_rom.cc:155:do_switch$436$rdmux[0][3][0]$b$4588 [27:23] $memory$auto$proc_rom.cc:155:do_switch$436$rdmux[0][3][0]$b$4588 [21:16] $memory$auto$proc_rom.cc:155:do_switch$436$rdmux[0][3][0]$b$4588 [13] $memory$auto$proc_rom.cc:155:do_switch$436$rdmux[0][3][0]$b$4588 [11] $memory$auto$proc_rom.cc:155:do_switch$436$rdmux[0][3][0]$b$4588 [6] $memory$auto$proc_rom.cc:155:do_switch$436$rdmux[0][3][0]$b$4588 [4:3] } = { $memory$auto$proc_rom.cc:155:do_switch$436$rdmux[0][3][0]$b$4588 [2] $memory$auto$proc_rom.cc:155:do_switch$436$rdmux[0][3][0]$b$4588 [8] $memory$auto$proc_rom.cc:155:do_switch$436$rdmux[0][3][0]$b$4588 [14] $memory$auto$proc_rom.cc:155:do_switch$436$rdmux[0][3][0]$b$4588 [0] 1'0 $memory$auto$proc_rom.cc:155:do_switch$436$rdmux[0][3][0]$b$4588 [2] $memory$auto$proc_rom.cc:155:do_switch$436$rdmux[0][3][0]$b$4588 [0] $memory$auto$proc_rom.cc:155:do_switch$436$rdmux[0][3][0]$b$4588 [8] $memory$auto$proc_rom.cc:155:do_switch$436$rdmux[0][3][0]$b$4588 [5] 1'1 $memory$auto$proc_rom.cc:155:do_switch$436$rdmux[0][3][0]$b$4588 [2] $memory$auto$proc_rom.cc:155:do_switch$436$rdmux[0][3][0]$b$4588 [9] $memory$auto$proc_rom.cc:155:do_switch$436$rdmux[0][3][0]$b$4588 [15] $memory$auto$proc_rom.cc:155:do_switch$436$rdmux[0][3][0]$b$4588 [5] 1'0 $memory$auto$proc_rom.cc:155:do_switch$436$rdmux[0][3][0]$b$4588 [10] $memory$auto$proc_rom.cc:155:do_switch$436$rdmux[0][3][0]$b$4588 [0] $memory$auto$proc_rom.cc:155:do_switch$436$rdmux[0][3][0]$b$4588 [0] $memory$auto$proc_rom.cc:155:do_switch$436$rdmux[0][3][0]$b$4588 [1] }
    Consolidated identical input bits for $mux cell $memory$auto$proc_rom.cc:155:do_switch$436$rdmux[0][4][0]$4610:
      Old ports: A=$memory$auto$proc_rom.cc:155:do_switch$436$rdmux[0][4][0]$a$4611, B=$memory$auto$proc_rom.cc:155:do_switch$436$rdmux[0][4][0]$b$4612, Y=$memory$auto$proc_rom.cc:155:do_switch$436$rdmux[0][3][0]$a$4587
      New ports: A={ 1'1 $memory$auto$proc_rom.cc:155:do_switch$436$rdmux[0][4][0]$a$4611 [0] $memory$auto$proc_rom.cc:155:do_switch$436$rdmux[0][4][0]$a$4611 [3] $memory$auto$proc_rom.cc:155:do_switch$436$rdmux[0][4][0]$a$4611 [0] $memory$auto$proc_rom.cc:155:do_switch$436$rdmux[0][4][0]$a$4611 [3] 2'01 $memory$auto$proc_rom.cc:155:do_switch$436$rdmux[0][4][0]$a$4611 [3] 2'00 $memory$auto$proc_rom.cc:155:do_switch$436$rdmux[0][4][0]$a$4611 [0] }, B={ $memory$auto$proc_rom.cc:155:do_switch$436$rdmux[0][4][0]$b$4612 [5] $memory$auto$proc_rom.cc:155:do_switch$436$rdmux[0][4][0]$b$4612 [1] 1'0 $memory$auto$proc_rom.cc:155:do_switch$436$rdmux[0][4][0]$b$4612 [5] 1'1 $memory$auto$proc_rom.cc:155:do_switch$436$rdmux[0][4][0]$b$4612 [5] 1'0 $memory$auto$proc_rom.cc:155:do_switch$436$rdmux[0][4][0]$b$4612 [1] 1'1 $memory$auto$proc_rom.cc:155:do_switch$436$rdmux[0][4][0]$b$4612 [1] 1'1 }, Y={ $memory$auto$proc_rom.cc:155:do_switch$436$rdmux[0][3][0]$a$4587 [30] $memory$auto$proc_rom.cc:155:do_switch$436$rdmux[0][3][0]$a$4587 [28] $memory$auto$proc_rom.cc:155:do_switch$436$rdmux[0][3][0]$a$4587 [19] $memory$auto$proc_rom.cc:155:do_switch$436$rdmux[0][3][0]$a$4587 [16] $memory$auto$proc_rom.cc:155:do_switch$436$rdmux[0][3][0]$a$4587 [8] $memory$auto$proc_rom.cc:155:do_switch$436$rdmux[0][3][0]$a$4587 [5:0] }
      New connections: { $memory$auto$proc_rom.cc:155:do_switch$436$rdmux[0][3][0]$a$4587 [31] $memory$auto$proc_rom.cc:155:do_switch$436$rdmux[0][3][0]$a$4587 [29] $memory$auto$proc_rom.cc:155:do_switch$436$rdmux[0][3][0]$a$4587 [27:20] $memory$auto$proc_rom.cc:155:do_switch$436$rdmux[0][3][0]$a$4587 [18:17] $memory$auto$proc_rom.cc:155:do_switch$436$rdmux[0][3][0]$a$4587 [15:9] $memory$auto$proc_rom.cc:155:do_switch$436$rdmux[0][3][0]$a$4587 [7:6] } = { $memory$auto$proc_rom.cc:155:do_switch$436$rdmux[0][3][0]$a$4587 [2] $memory$auto$proc_rom.cc:155:do_switch$436$rdmux[0][3][0]$a$4587 [0] $memory$auto$proc_rom.cc:155:do_switch$436$rdmux[0][3][0]$a$4587 [5] $memory$auto$proc_rom.cc:155:do_switch$436$rdmux[0][3][0]$a$4587 [1] $memory$auto$proc_rom.cc:155:do_switch$436$rdmux[0][3][0]$a$4587 [19] $memory$auto$proc_rom.cc:155:do_switch$436$rdmux[0][3][0]$a$4587 [0] $memory$auto$proc_rom.cc:155:do_switch$436$rdmux[0][3][0]$a$4587 [8] $memory$auto$proc_rom.cc:155:do_switch$436$rdmux[0][3][0]$a$4587 [1] $memory$auto$proc_rom.cc:155:do_switch$436$rdmux[0][3][0]$a$4587 [16] $memory$auto$proc_rom.cc:155:do_switch$436$rdmux[0][3][0]$a$4587 [16] $memory$auto$proc_rom.cc:155:do_switch$436$rdmux[0][3][0]$a$4587 [16] $memory$auto$proc_rom.cc:155:do_switch$436$rdmux[0][3][0]$a$4587 [4] $memory$auto$proc_rom.cc:155:do_switch$436$rdmux[0][3][0]$a$4587 [2] $memory$auto$proc_rom.cc:155:do_switch$436$rdmux[0][3][0]$a$4587 [0] $memory$auto$proc_rom.cc:155:do_switch$436$rdmux[0][3][0]$a$4587 [3:2] $memory$auto$proc_rom.cc:155:do_switch$436$rdmux[0][3][0]$a$4587 [8] $memory$auto$proc_rom.cc:155:do_switch$436$rdmux[0][3][0]$a$4587 [4] $memory$auto$proc_rom.cc:155:do_switch$436$rdmux[0][3][0]$a$4587 [8] 1'1 $memory$auto$proc_rom.cc:155:do_switch$436$rdmux[0][3][0]$a$4587 [1] }
  Optimizing cells in module \sha256_tt07.
    Consolidated identical input bits for $mux cell $memory$auto$proc_rom.cc:155:do_switch$436$rdmux[0][3][7]$4607:
      Old ports: A=$memory$auto$proc_rom.cc:155:do_switch$436$rdmux[0][3][7]$a$4608, B=$memory$auto$proc_rom.cc:155:do_switch$436$rdmux[0][3][7]$b$4609, Y=$memory$auto$proc_rom.cc:155:do_switch$436$rdmux[0][2][3]$b$4585
      New ports: A={ $memory$auto$proc_rom.cc:155:do_switch$436$rdmux[0][3][7]$a$4608 [22] $memory$auto$proc_rom.cc:155:do_switch$436$rdmux[0][3][7]$a$4608 [1] $memory$auto$proc_rom.cc:155:do_switch$436$rdmux[0][3][7]$a$4608 [1] $memory$auto$proc_rom.cc:155:do_switch$436$rdmux[0][3][7]$a$4608 [1] $memory$auto$proc_rom.cc:155:do_switch$436$rdmux[0][3][7]$a$4608 [27:26] 2'01 $memory$auto$proc_rom.cc:155:do_switch$436$rdmux[0][3][7]$a$4608 [22] $memory$auto$proc_rom.cc:155:do_switch$436$rdmux[0][3][7]$a$4608 [0] 1'0 $memory$auto$proc_rom.cc:155:do_switch$436$rdmux[0][3][7]$a$4608 [19] $memory$auto$proc_rom.cc:155:do_switch$436$rdmux[0][3][7]$a$4608 [3] $memory$auto$proc_rom.cc:155:do_switch$436$rdmux[0][3][7]$a$4608 [17] $memory$auto$proc_rom.cc:155:do_switch$436$rdmux[0][3][7]$a$4608 [3] $memory$auto$proc_rom.cc:155:do_switch$436$rdmux[0][3][7]$a$4608 [7] $memory$auto$proc_rom.cc:155:do_switch$436$rdmux[0][3][7]$a$4608 [13] $memory$auto$proc_rom.cc:155:do_switch$436$rdmux[0][3][7]$a$4608 [13] $memory$auto$proc_rom.cc:155:do_switch$436$rdmux[0][3][7]$a$4608 [4] $memory$auto$proc_rom.cc:155:do_switch$436$rdmux[0][3][7]$a$4608 [4] 1'0 $memory$auto$proc_rom.cc:155:do_switch$436$rdmux[0][3][7]$a$4608 [3] $memory$auto$proc_rom.cc:155:do_switch$436$rdmux[0][3][7]$a$4608 [0] $memory$auto$proc_rom.cc:155:do_switch$436$rdmux[0][3][7]$a$4608 [7] $memory$auto$proc_rom.cc:155:do_switch$436$rdmux[0][3][7]$a$4608 [4:0] }, B={ 1'1 $memory$auto$proc_rom.cc:155:do_switch$436$rdmux[0][3][7]$b$4609 [30] $memory$auto$proc_rom.cc:155:do_switch$436$rdmux[0][3][7]$b$4609 [0] $memory$auto$proc_rom.cc:155:do_switch$436$rdmux[0][3][7]$b$4609 [8] $memory$auto$proc_rom.cc:155:do_switch$436$rdmux[0][3][7]$b$4609 [2] $memory$auto$proc_rom.cc:155:do_switch$436$rdmux[0][3][7]$b$4609 [22] $memory$auto$proc_rom.cc:155:do_switch$436$rdmux[0][3][7]$b$4609 [16] $memory$auto$proc_rom.cc:155:do_switch$436$rdmux[0][3][7]$b$4609 [8] $memory$auto$proc_rom.cc:155:do_switch$436$rdmux[0][3][7]$b$4609 [22] $memory$auto$proc_rom.cc:155:do_switch$436$rdmux[0][3][7]$b$4609 [4] 1'1 $memory$auto$proc_rom.cc:155:do_switch$436$rdmux[0][3][7]$b$4609 [8] $memory$auto$proc_rom.cc:155:do_switch$436$rdmux[0][3][7]$b$4609 [17] $memory$auto$proc_rom.cc:155:do_switch$436$rdmux[0][3][7]$b$4609 [17:16] $memory$auto$proc_rom.cc:155:do_switch$436$rdmux[0][3][7]$b$4609 [8] $memory$auto$proc_rom.cc:155:do_switch$436$rdmux[0][3][7]$b$4609 [11] 1'1 $memory$auto$proc_rom.cc:155:do_switch$436$rdmux[0][3][7]$b$4609 [12:11] $memory$auto$proc_rom.cc:155:do_switch$436$rdmux[0][3][7]$b$4609 [3] $memory$auto$proc_rom.cc:155:do_switch$436$rdmux[0][3][7]$b$4609 [8] $memory$auto$proc_rom.cc:155:do_switch$436$rdmux[0][3][7]$b$4609 [8] 1'1 $memory$auto$proc_rom.cc:155:do_switch$436$rdmux[0][3][7]$b$4609 [4:2] 1'1 $memory$auto$proc_rom.cc:155:do_switch$436$rdmux[0][3][7]$b$4609 [0] }, Y={ $memory$auto$proc_rom.cc:155:do_switch$436$rdmux[0][2][3]$b$4585 [31:25] $memory$auto$proc_rom.cc:155:do_switch$436$rdmux[0][2][3]$b$4585 [23:7] $memory$auto$proc_rom.cc:155:do_switch$436$rdmux[0][2][3]$b$4585 [4:0] }
      New connections: { $memory$auto$proc_rom.cc:155:do_switch$436$rdmux[0][2][3]$b$4585 [24] $memory$auto$proc_rom.cc:155:do_switch$436$rdmux[0][2][3]$b$4585 [6:5] } = { 1'0 $memory$auto$proc_rom.cc:155:do_switch$436$rdmux[0][2][3]$b$4585 [1] $memory$auto$proc_rom.cc:155:do_switch$436$rdmux[0][2][3]$b$4585 [1] }
    Consolidated identical input bits for $mux cell $memory$auto$proc_rom.cc:155:do_switch$436$rdmux[0][3][6]$4604:
      Old ports: A=$memory$auto$proc_rom.cc:155:do_switch$436$rdmux[0][3][6]$a$4605, B=$memory$auto$proc_rom.cc:155:do_switch$436$rdmux[0][3][6]$b$4606, Y=$memory$auto$proc_rom.cc:155:do_switch$436$rdmux[0][2][3]$a$4584
      New ports: A={ 1'0 $memory$auto$proc_rom.cc:155:do_switch$436$rdmux[0][3][6]$a$4605 [12] $memory$auto$proc_rom.cc:155:do_switch$436$rdmux[0][3][6]$a$4605 [21] $memory$auto$proc_rom.cc:155:do_switch$436$rdmux[0][3][6]$a$4605 [18] $memory$auto$proc_rom.cc:155:do_switch$436$rdmux[0][3][6]$a$4605 [10] $memory$auto$proc_rom.cc:155:do_switch$436$rdmux[0][3][6]$a$4605 [8] $memory$auto$proc_rom.cc:155:do_switch$436$rdmux[0][3][6]$a$4605 [6] $memory$auto$proc_rom.cc:155:do_switch$436$rdmux[0][3][6]$a$4605 [21] $memory$auto$proc_rom.cc:155:do_switch$436$rdmux[0][3][6]$a$4605 [11] $memory$auto$proc_rom.cc:155:do_switch$436$rdmux[0][3][6]$a$4605 [6] $memory$auto$proc_rom.cc:155:do_switch$436$rdmux[0][3][6]$a$4605 [18] $memory$auto$proc_rom.cc:155:do_switch$436$rdmux[0][3][6]$a$4605 [16] $memory$auto$proc_rom.cc:155:do_switch$436$rdmux[0][3][6]$a$4605 [16] $memory$auto$proc_rom.cc:155:do_switch$436$rdmux[0][3][6]$a$4605 [4] $memory$auto$proc_rom.cc:155:do_switch$436$rdmux[0][3][6]$a$4605 [14] $memory$auto$proc_rom.cc:155:do_switch$436$rdmux[0][3][6]$a$4605 [10] $memory$auto$proc_rom.cc:155:do_switch$436$rdmux[0][3][6]$a$4605 [12:10] $memory$auto$proc_rom.cc:155:do_switch$436$rdmux[0][3][6]$a$4605 [8] $memory$auto$proc_rom.cc:155:do_switch$436$rdmux[0][3][6]$a$4605 [6] $memory$auto$proc_rom.cc:155:do_switch$436$rdmux[0][3][6]$a$4605 [0] $memory$auto$proc_rom.cc:155:do_switch$436$rdmux[0][3][6]$a$4605 [4:0] }, B={ $memory$auto$proc_rom.cc:155:do_switch$436$rdmux[0][3][6]$b$4606 [6] $memory$auto$proc_rom.cc:155:do_switch$436$rdmux[0][3][6]$b$4606 [4] $memory$auto$proc_rom.cc:155:do_switch$436$rdmux[0][3][6]$b$4606 [24] 1'1 $memory$auto$proc_rom.cc:155:do_switch$436$rdmux[0][3][6]$b$4606 [22] $memory$auto$proc_rom.cc:155:do_switch$436$rdmux[0][3][6]$b$4606 [24] $memory$auto$proc_rom.cc:155:do_switch$436$rdmux[0][3][6]$b$4606 [22] $memory$auto$proc_rom.cc:155:do_switch$436$rdmux[0][3][6]$b$4606 [8] $memory$auto$proc_rom.cc:155:do_switch$436$rdmux[0][3][6]$b$4606 [20] 1'1 $memory$auto$proc_rom.cc:155:do_switch$436$rdmux[0][3][6]$b$4606 [0] $memory$auto$proc_rom.cc:155:do_switch$436$rdmux[0][3][6]$b$4606 [8] 1'0 $memory$auto$proc_rom.cc:155:do_switch$436$rdmux[0][3][6]$b$4606 [3] $memory$auto$proc_rom.cc:155:do_switch$436$rdmux[0][3][6]$b$4606 [14:13] 2'01 $memory$auto$proc_rom.cc:155:do_switch$436$rdmux[0][3][6]$b$4606 [4] $memory$auto$proc_rom.cc:155:do_switch$436$rdmux[0][3][6]$b$4606 [8] $memory$auto$proc_rom.cc:155:do_switch$436$rdmux[0][3][6]$b$4606 [6] $memory$auto$proc_rom.cc:155:do_switch$436$rdmux[0][3][6]$b$4606 [4] $memory$auto$proc_rom.cc:155:do_switch$436$rdmux[0][3][6]$b$4606 [4:2] 1'1 $memory$auto$proc_rom.cc:155:do_switch$436$rdmux[0][3][6]$b$4606 [0] }, Y={ $memory$auto$proc_rom.cc:155:do_switch$436$rdmux[0][2][3]$a$4584 [30:26] $memory$auto$proc_rom.cc:155:do_switch$436$rdmux[0][2][3]$a$4584 [24] $memory$auto$proc_rom.cc:155:do_switch$436$rdmux[0][2][3]$a$4584 [22:10] $memory$auto$proc_rom.cc:155:do_switch$436$rdmux[0][2][3]$a$4584 [8] $memory$auto$proc_rom.cc:155:do_switch$436$rdmux[0][2][3]$a$4584 [6:0] }
      New connections: { $memory$auto$proc_rom.cc:155:do_switch$436$rdmux[0][2][3]$a$4584 [31] $memory$auto$proc_rom.cc:155:do_switch$436$rdmux[0][2][3]$a$4584 [25] $memory$auto$proc_rom.cc:155:do_switch$436$rdmux[0][2][3]$a$4584 [23] $memory$auto$proc_rom.cc:155:do_switch$436$rdmux[0][2][3]$a$4584 [9] $memory$auto$proc_rom.cc:155:do_switch$436$rdmux[0][2][3]$a$4584 [7] } = { 1'0 $memory$auto$proc_rom.cc:155:do_switch$436$rdmux[0][2][3]$a$4584 [3] $memory$auto$proc_rom.cc:155:do_switch$436$rdmux[0][2][3]$a$4584 [15] $memory$auto$proc_rom.cc:155:do_switch$436$rdmux[0][2][3]$a$4584 [6:5] }
    Consolidated identical input bits for $mux cell $memory$auto$proc_rom.cc:155:do_switch$436$rdmux[0][3][5]$4601:
      Old ports: A=$memory$auto$proc_rom.cc:155:do_switch$436$rdmux[0][3][5]$a$4602, B=$memory$auto$proc_rom.cc:155:do_switch$436$rdmux[0][3][5]$b$4603, Y=$memory$auto$proc_rom.cc:155:do_switch$436$rdmux[0][2][2]$b$4582
      New ports: A={ 1'1 $memory$auto$proc_rom.cc:155:do_switch$436$rdmux[0][3][5]$a$4602 [8] $memory$auto$proc_rom.cc:155:do_switch$436$rdmux[0][3][5]$a$4602 [13] 1'0 $memory$auto$proc_rom.cc:155:do_switch$436$rdmux[0][3][5]$a$4602 [3] $memory$auto$proc_rom.cc:155:do_switch$436$rdmux[0][3][5]$a$4602 [12] $memory$auto$proc_rom.cc:155:do_switch$436$rdmux[0][3][5]$a$4602 [5] $memory$auto$proc_rom.cc:155:do_switch$436$rdmux[0][3][5]$a$4602 [12] $memory$auto$proc_rom.cc:155:do_switch$436$rdmux[0][3][5]$a$4602 [23] $memory$auto$proc_rom.cc:155:do_switch$436$rdmux[0][3][5]$a$4602 [8:7] $memory$auto$proc_rom.cc:155:do_switch$436$rdmux[0][3][5]$a$4602 [13] 1'1 $memory$auto$proc_rom.cc:155:do_switch$436$rdmux[0][3][5]$a$4602 [17] $memory$auto$proc_rom.cc:155:do_switch$436$rdmux[0][3][5]$a$4602 [11] $memory$auto$proc_rom.cc:155:do_switch$436$rdmux[0][3][5]$a$4602 [11] $memory$auto$proc_rom.cc:155:do_switch$436$rdmux[0][3][5]$a$4602 [0] $memory$auto$proc_rom.cc:155:do_switch$436$rdmux[0][3][5]$a$4602 [13:11] $memory$auto$proc_rom.cc:155:do_switch$436$rdmux[0][3][5]$a$4602 [3] $memory$auto$proc_rom.cc:155:do_switch$436$rdmux[0][3][5]$a$4602 [6] $memory$auto$proc_rom.cc:155:do_switch$436$rdmux[0][3][5]$a$4602 [8:3] 1'0 $memory$auto$proc_rom.cc:155:do_switch$436$rdmux[0][3][5]$a$4602 [1:0] }, B={ $memory$auto$proc_rom.cc:155:do_switch$436$rdmux[0][3][5]$b$4603 [30] $memory$auto$proc_rom.cc:155:do_switch$436$rdmux[0][3][5]$b$4603 [30] $memory$auto$proc_rom.cc:155:do_switch$436$rdmux[0][3][5]$b$4603 [7] 2'10 $memory$auto$proc_rom.cc:155:do_switch$436$rdmux[0][3][5]$b$4603 [2] $memory$auto$proc_rom.cc:155:do_switch$436$rdmux[0][3][5]$b$4603 [9] $memory$auto$proc_rom.cc:155:do_switch$436$rdmux[0][3][5]$b$4603 [3] $memory$auto$proc_rom.cc:155:do_switch$436$rdmux[0][3][5]$b$4603 [20] $memory$auto$proc_rom.cc:155:do_switch$436$rdmux[0][3][5]$b$4603 [6] $memory$auto$proc_rom.cc:155:do_switch$436$rdmux[0][3][5]$b$4603 [6] $memory$auto$proc_rom.cc:155:do_switch$436$rdmux[0][3][5]$b$4603 [20:19] $memory$auto$proc_rom.cc:155:do_switch$436$rdmux[0][3][5]$b$4603 [13] $memory$auto$proc_rom.cc:155:do_switch$436$rdmux[0][3][5]$b$4603 [9] $memory$auto$proc_rom.cc:155:do_switch$436$rdmux[0][3][5]$b$4603 [4:3] $memory$auto$proc_rom.cc:155:do_switch$436$rdmux[0][3][5]$b$4603 [13] $memory$auto$proc_rom.cc:155:do_switch$436$rdmux[0][3][5]$b$4603 [7] $memory$auto$proc_rom.cc:155:do_switch$436$rdmux[0][3][5]$b$4603 [3:2] $memory$auto$proc_rom.cc:155:do_switch$436$rdmux[0][3][5]$b$4603 [9] $memory$auto$proc_rom.cc:155:do_switch$436$rdmux[0][3][5]$b$4603 [7] $memory$auto$proc_rom.cc:155:do_switch$436$rdmux[0][3][5]$b$4603 [7:2] 1'0 $memory$auto$proc_rom.cc:155:do_switch$436$rdmux[0][3][5]$b$4603 [0] }, Y={ $memory$auto$proc_rom.cc:155:do_switch$436$rdmux[0][2][2]$b$4582 [31:19] $memory$auto$proc_rom.cc:155:do_switch$436$rdmux[0][2][2]$b$4582 [17:0] }
      New connections: $memory$auto$proc_rom.cc:155:do_switch$436$rdmux[0][2][2]$b$4582 [18] = $memory$auto$proc_rom.cc:155:do_switch$436$rdmux[0][2][2]$b$4582 [7]
    Consolidated identical input bits for $mux cell $memory$auto$proc_rom.cc:155:do_switch$436$rdmux[0][3][4]$4598:
      Old ports: A=$memory$auto$proc_rom.cc:155:do_switch$436$rdmux[0][3][4]$a$4599, B=$memory$auto$proc_rom.cc:155:do_switch$436$rdmux[0][3][4]$b$4600, Y=$memory$auto$proc_rom.cc:155:do_switch$436$rdmux[0][2][2]$a$4581
      New ports: A={ 1'0 $memory$auto$proc_rom.cc:155:do_switch$436$rdmux[0][3][4]$a$4599 [10] $memory$auto$proc_rom.cc:155:do_switch$436$rdmux[0][3][4]$a$4599 [16] $memory$auto$proc_rom.cc:155:do_switch$436$rdmux[0][3][4]$a$4599 [1] $memory$auto$proc_rom.cc:155:do_switch$436$rdmux[0][3][4]$a$4599 [3] $memory$auto$proc_rom.cc:155:do_switch$436$rdmux[0][3][4]$a$4599 [26] $memory$auto$proc_rom.cc:155:do_switch$436$rdmux[0][3][4]$a$4599 [20] $memory$auto$proc_rom.cc:155:do_switch$436$rdmux[0][3][4]$a$4599 [11] $memory$auto$proc_rom.cc:155:do_switch$436$rdmux[0][3][4]$a$4599 [9] 1'0 $memory$auto$proc_rom.cc:155:do_switch$436$rdmux[0][3][4]$a$4599 [11] $memory$auto$proc_rom.cc:155:do_switch$436$rdmux[0][3][4]$a$4599 [20] $memory$auto$proc_rom.cc:155:do_switch$436$rdmux[0][3][4]$a$4599 [2] $memory$auto$proc_rom.cc:155:do_switch$436$rdmux[0][3][4]$a$4599 [16] $memory$auto$proc_rom.cc:155:do_switch$436$rdmux[0][3][4]$a$4599 [16] 1'0 $memory$auto$proc_rom.cc:155:do_switch$436$rdmux[0][3][4]$a$4599 [6] $memory$auto$proc_rom.cc:155:do_switch$436$rdmux[0][3][4]$a$4599 [3] 1'0 $memory$auto$proc_rom.cc:155:do_switch$436$rdmux[0][3][4]$a$4599 [11:9] $memory$auto$proc_rom.cc:155:do_switch$436$rdmux[0][3][4]$a$4599 [4] $memory$auto$proc_rom.cc:155:do_switch$436$rdmux[0][3][4]$a$4599 [2] $memory$auto$proc_rom.cc:155:do_switch$436$rdmux[0][3][4]$a$4599 [6] $memory$auto$proc_rom.cc:155:do_switch$436$rdmux[0][3][4]$a$4599 [4:0] }, B={ $memory$auto$proc_rom.cc:155:do_switch$436$rdmux[0][3][4]$b$4600 [31] $memory$auto$proc_rom.cc:155:do_switch$436$rdmux[0][3][4]$b$4600 [4] $memory$auto$proc_rom.cc:155:do_switch$436$rdmux[0][3][4]$b$4600 [4] $memory$auto$proc_rom.cc:155:do_switch$436$rdmux[0][3][4]$b$4600 [0] 1'0 $memory$auto$proc_rom.cc:155:do_switch$436$rdmux[0][3][4]$b$4600 [4] $memory$auto$proc_rom.cc:155:do_switch$436$rdmux[0][3][4]$b$4600 [0] $memory$auto$proc_rom.cc:155:do_switch$436$rdmux[0][3][4]$b$4600 [8] $memory$auto$proc_rom.cc:155:do_switch$436$rdmux[0][3][4]$b$4600 [15] $memory$auto$proc_rom.cc:155:do_switch$436$rdmux[0][3][4]$b$4600 [11] $memory$auto$proc_rom.cc:155:do_switch$436$rdmux[0][3][4]$b$4600 [0] $memory$auto$proc_rom.cc:155:do_switch$436$rdmux[0][3][4]$b$4600 [10] 3'010 $memory$auto$proc_rom.cc:155:do_switch$436$rdmux[0][3][4]$b$4600 [15] $memory$auto$proc_rom.cc:155:do_switch$436$rdmux[0][3][4]$b$4600 [8] $memory$auto$proc_rom.cc:155:do_switch$436$rdmux[0][3][4]$b$4600 [13] $memory$auto$proc_rom.cc:155:do_switch$436$rdmux[0][3][4]$b$4600 [6] $memory$auto$proc_rom.cc:155:do_switch$436$rdmux[0][3][4]$b$4600 [11:10] $memory$auto$proc_rom.cc:155:do_switch$436$rdmux[0][3][4]$b$4600 [4] $memory$auto$proc_rom.cc:155:do_switch$436$rdmux[0][3][4]$b$4600 [8] $memory$auto$proc_rom.cc:155:do_switch$436$rdmux[0][3][4]$b$4600 [0] $memory$auto$proc_rom.cc:155:do_switch$436$rdmux[0][3][4]$b$4600 [6] $memory$auto$proc_rom.cc:155:do_switch$436$rdmux[0][3][4]$b$4600 [4] $memory$auto$proc_rom.cc:155:do_switch$436$rdmux[0][3][4]$b$4600 [1] $memory$auto$proc_rom.cc:155:do_switch$436$rdmux[0][3][4]$b$4600 [2:0] }, Y={ $memory$auto$proc_rom.cc:155:do_switch$436$rdmux[0][2][2]$a$4581 [31:20] $memory$auto$proc_rom.cc:155:do_switch$436$rdmux[0][2][2]$a$4581 [18:6] $memory$auto$proc_rom.cc:155:do_switch$436$rdmux[0][2][2]$a$4581 [4:0] }
      New connections: { $memory$auto$proc_rom.cc:155:do_switch$436$rdmux[0][2][2]$a$4581 [19] $memory$auto$proc_rom.cc:155:do_switch$436$rdmux[0][2][2]$a$4581 [5] } = $memory$auto$proc_rom.cc:155:do_switch$436$rdmux[0][2][2]$a$4581 [4:3]
    Consolidated identical input bits for $mux cell $memory$auto$proc_rom.cc:155:do_switch$436$rdmux[0][3][3]$4595:
      Old ports: A=$memory$auto$proc_rom.cc:155:do_switch$436$rdmux[0][3][3]$a$4596, B=$memory$auto$proc_rom.cc:155:do_switch$436$rdmux[0][3][3]$b$4597, Y=$memory$auto$proc_rom.cc:155:do_switch$436$rdmux[0][2][1]$b$4579
      New ports: A={ 2'10 $memory$auto$proc_rom.cc:155:do_switch$436$rdmux[0][3][3]$a$4596 [8] $memory$auto$proc_rom.cc:155:do_switch$436$rdmux[0][3][3]$a$4596 [11] $memory$auto$proc_rom.cc:155:do_switch$436$rdmux[0][3][3]$a$4596 [11] 1'0 $memory$auto$proc_rom.cc:155:do_switch$436$rdmux[0][3][3]$a$4596 [11] $memory$auto$proc_rom.cc:155:do_switch$436$rdmux[0][3][3]$a$4596 [21] $memory$auto$proc_rom.cc:155:do_switch$436$rdmux[0][3][3]$a$4596 [14] $memory$auto$proc_rom.cc:155:do_switch$436$rdmux[0][3][3]$a$4596 [1] $memory$auto$proc_rom.cc:155:do_switch$436$rdmux[0][3][3]$a$4596 [4] $memory$auto$proc_rom.cc:155:do_switch$436$rdmux[0][3][3]$a$4596 [17] $memory$auto$proc_rom.cc:155:do_switch$436$rdmux[0][3][3]$a$4596 [9] $memory$auto$proc_rom.cc:155:do_switch$436$rdmux[0][3][3]$a$4596 [5] $memory$auto$proc_rom.cc:155:do_switch$436$rdmux[0][3][3]$a$4596 [14] $memory$auto$proc_rom.cc:155:do_switch$436$rdmux[0][3][3]$a$4596 [7] $memory$auto$proc_rom.cc:155:do_switch$436$rdmux[0][3][3]$a$4596 [1] $memory$auto$proc_rom.cc:155:do_switch$436$rdmux[0][3][3]$a$4596 [11] $memory$auto$proc_rom.cc:155:do_switch$436$rdmux[0][3][3]$a$4596 [9] $memory$auto$proc_rom.cc:155:do_switch$436$rdmux[0][3][3]$a$4596 [9:7] $memory$auto$proc_rom.cc:155:do_switch$436$rdmux[0][3][3]$a$4596 [5:3] $memory$auto$proc_rom.cc:155:do_switch$436$rdmux[0][3][3]$a$4596 [0] $memory$auto$proc_rom.cc:155:do_switch$436$rdmux[0][3][3]$a$4596 [1:0] }, B={ $memory$auto$proc_rom.cc:155:do_switch$436$rdmux[0][3][3]$b$4597 [30] $memory$auto$proc_rom.cc:155:do_switch$436$rdmux[0][3][3]$b$4597 [30] $memory$auto$proc_rom.cc:155:do_switch$436$rdmux[0][3][3]$b$4597 [2] 1'1 $memory$auto$proc_rom.cc:155:do_switch$436$rdmux[0][3][3]$b$4597 [12] $memory$auto$proc_rom.cc:155:do_switch$436$rdmux[0][3][3]$b$4597 [23] $memory$auto$proc_rom.cc:155:do_switch$436$rdmux[0][3][3]$b$4597 [4] $memory$auto$proc_rom.cc:155:do_switch$436$rdmux[0][3][3]$b$4597 [1] 1'0 $memory$auto$proc_rom.cc:155:do_switch$436$rdmux[0][3][3]$b$4597 [13:12] $memory$auto$proc_rom.cc:155:do_switch$436$rdmux[0][3][3]$b$4597 [17] $memory$auto$proc_rom.cc:155:do_switch$436$rdmux[0][3][3]$b$4597 [2] $memory$auto$proc_rom.cc:155:do_switch$436$rdmux[0][3][3]$b$4597 [12] $memory$auto$proc_rom.cc:155:do_switch$436$rdmux[0][3][3]$b$4597 [14:12] $memory$auto$proc_rom.cc:155:do_switch$436$rdmux[0][3][3]$b$4597 [5] 1'0 $memory$auto$proc_rom.cc:155:do_switch$436$rdmux[0][3][3]$b$4597 [4] 1'1 $memory$auto$proc_rom.cc:155:do_switch$436$rdmux[0][3][3]$b$4597 [7] $memory$auto$proc_rom.cc:155:do_switch$436$rdmux[0][3][3]$b$4597 [5:4] 1'0 $memory$auto$proc_rom.cc:155:do_switch$436$rdmux[0][3][3]$b$4597 [2:1] 1'1 }, Y={ $memory$auto$proc_rom.cc:155:do_switch$436$rdmux[0][2][1]$b$4579 [31:30] $memory$auto$proc_rom.cc:155:do_switch$436$rdmux[0][2][1]$b$4579 [28] $memory$auto$proc_rom.cc:155:do_switch$436$rdmux[0][2][1]$b$4579 [26] $memory$auto$proc_rom.cc:155:do_switch$436$rdmux[0][2][1]$b$4579 [24:7] $memory$auto$proc_rom.cc:155:do_switch$436$rdmux[0][2][1]$b$4579 [5:0] }
      New connections: { $memory$auto$proc_rom.cc:155:do_switch$436$rdmux[0][2][1]$b$4579 [29] $memory$auto$proc_rom.cc:155:do_switch$436$rdmux[0][2][1]$b$4579 [27] $memory$auto$proc_rom.cc:155:do_switch$436$rdmux[0][2][1]$b$4579 [25] $memory$auto$proc_rom.cc:155:do_switch$436$rdmux[0][2][1]$b$4579 [6] } = { $memory$auto$proc_rom.cc:155:do_switch$436$rdmux[0][2][1]$b$4579 [10] $memory$auto$proc_rom.cc:155:do_switch$436$rdmux[0][2][1]$b$4579 [20] $memory$auto$proc_rom.cc:155:do_switch$436$rdmux[0][2][1]$b$4579 [22] 1'1 }
    Consolidated identical input bits for $mux cell $memory$auto$proc_rom.cc:155:do_switch$436$rdmux[0][3][2]$4592:
      Old ports: A=$memory$auto$proc_rom.cc:155:do_switch$436$rdmux[0][3][2]$a$4593, B=$memory$auto$proc_rom.cc:155:do_switch$436$rdmux[0][3][2]$b$4594, Y=$memory$auto$proc_rom.cc:155:do_switch$436$rdmux[0][2][1]$a$4578
      New ports: A={ $memory$auto$proc_rom.cc:155:do_switch$436$rdmux[0][3][2]$a$4593 [1] 1'1 $memory$auto$proc_rom.cc:155:do_switch$436$rdmux[0][3][2]$a$4593 [1] $memory$auto$proc_rom.cc:155:do_switch$436$rdmux[0][3][2]$a$4593 [1] $memory$auto$proc_rom.cc:155:do_switch$436$rdmux[0][3][2]$a$4593 [23] $memory$auto$proc_rom.cc:155:do_switch$436$rdmux[0][3][2]$a$4593 [12] $memory$auto$proc_rom.cc:155:do_switch$436$rdmux[0][3][2]$a$4593 [9] $memory$auto$proc_rom.cc:155:do_switch$436$rdmux[0][3][2]$a$4593 [14] $memory$auto$proc_rom.cc:155:do_switch$436$rdmux[0][3][2]$a$4593 [19:18] $memory$auto$proc_rom.cc:155:do_switch$436$rdmux[0][3][2]$a$4593 [11] $memory$auto$proc_rom.cc:155:do_switch$436$rdmux[0][3][2]$a$4593 [15:11] $memory$auto$proc_rom.cc:155:do_switch$436$rdmux[0][3][2]$a$4593 [1] $memory$auto$proc_rom.cc:155:do_switch$436$rdmux[0][3][2]$a$4593 [9] 2'11 $memory$auto$proc_rom.cc:155:do_switch$436$rdmux[0][3][2]$a$4593 [6] 2'00 $memory$auto$proc_rom.cc:155:do_switch$436$rdmux[0][3][2]$a$4593 [3:0] }, B={ $memory$auto$proc_rom.cc:155:do_switch$436$rdmux[0][3][2]$b$4594 [27] $memory$auto$proc_rom.cc:155:do_switch$436$rdmux[0][3][2]$b$4594 [6] $memory$auto$proc_rom.cc:155:do_switch$436$rdmux[0][3][2]$b$4594 [25] $memory$auto$proc_rom.cc:155:do_switch$436$rdmux[0][3][2]$b$4594 [0] $memory$auto$proc_rom.cc:155:do_switch$436$rdmux[0][3][2]$b$4594 [6] $memory$auto$proc_rom.cc:155:do_switch$436$rdmux[0][3][2]$b$4594 [1] 1'1 $memory$auto$proc_rom.cc:155:do_switch$436$rdmux[0][3][2]$b$4594 [7] $memory$auto$proc_rom.cc:155:do_switch$436$rdmux[0][3][2]$b$4594 [16] $memory$auto$proc_rom.cc:155:do_switch$436$rdmux[0][3][2]$b$4594 [18] $memory$auto$proc_rom.cc:155:do_switch$436$rdmux[0][3][2]$b$4594 [16] $memory$auto$proc_rom.cc:155:do_switch$436$rdmux[0][3][2]$b$4594 [7] 1'0 $memory$auto$proc_rom.cc:155:do_switch$436$rdmux[0][3][2]$b$4594 [2] 1'0 $memory$auto$proc_rom.cc:155:do_switch$436$rdmux[0][3][2]$b$4594 [6:5] 1'0 $memory$auto$proc_rom.cc:155:do_switch$436$rdmux[0][3][2]$b$4594 [8:4] 1'1 $memory$auto$proc_rom.cc:155:do_switch$436$rdmux[0][3][2]$b$4594 [2:0] }, Y={ $memory$auto$proc_rom.cc:155:do_switch$436$rdmux[0][2][1]$a$4578 [27:18] $memory$auto$proc_rom.cc:155:do_switch$436$rdmux[0][2][1]$a$4578 [16:0] }
      New connections: { $memory$auto$proc_rom.cc:155:do_switch$436$rdmux[0][2][1]$a$4578 [31:28] $memory$auto$proc_rom.cc:155:do_switch$436$rdmux[0][2][1]$a$4578 [17] } = { $memory$auto$proc_rom.cc:155:do_switch$436$rdmux[0][2][1]$a$4578 [14] $memory$auto$proc_rom.cc:155:do_switch$436$rdmux[0][2][1]$a$4578 [20:19] $memory$auto$proc_rom.cc:155:do_switch$436$rdmux[0][2][1]$a$4578 [4] $memory$auto$proc_rom.cc:155:do_switch$436$rdmux[0][2][1]$a$4578 [14] }
    Consolidated identical input bits for $mux cell $memory$auto$proc_rom.cc:155:do_switch$436$rdmux[0][3][1]$4589:
      Old ports: A=$memory$auto$proc_rom.cc:155:do_switch$436$rdmux[0][3][1]$a$4590, B=$memory$auto$proc_rom.cc:155:do_switch$436$rdmux[0][3][1]$b$4591, Y=$memory$auto$proc_rom.cc:155:do_switch$436$rdmux[0][2][0]$b$4576
      New ports: A={ $memory$auto$proc_rom.cc:155:do_switch$436$rdmux[0][3][1]$a$4590 [27] $memory$auto$proc_rom.cc:155:do_switch$436$rdmux[0][3][1]$a$4590 [13] $memory$auto$proc_rom.cc:155:do_switch$436$rdmux[0][3][1]$a$4590 [11] $memory$auto$proc_rom.cc:155:do_switch$436$rdmux[0][3][1]$a$4590 [27] $memory$auto$proc_rom.cc:155:do_switch$436$rdmux[0][3][1]$a$4590 [1] $memory$auto$proc_rom.cc:155:do_switch$436$rdmux[0][3][1]$a$4590 [23] $memory$auto$proc_rom.cc:155:do_switch$436$rdmux[0][3][1]$a$4590 [6] $memory$auto$proc_rom.cc:155:do_switch$436$rdmux[0][3][1]$a$4590 [23] 1'0 $memory$auto$proc_rom.cc:155:do_switch$436$rdmux[0][3][1]$a$4590 [2] $memory$auto$proc_rom.cc:155:do_switch$436$rdmux[0][3][1]$a$4590 [6] $memory$auto$proc_rom.cc:155:do_switch$436$rdmux[0][3][1]$a$4590 [13] $memory$auto$proc_rom.cc:155:do_switch$436$rdmux[0][3][1]$a$4590 [9] $memory$auto$proc_rom.cc:155:do_switch$436$rdmux[0][3][1]$a$4590 [16] $memory$auto$proc_rom.cc:155:do_switch$436$rdmux[0][3][1]$a$4590 [3] $memory$auto$proc_rom.cc:155:do_switch$436$rdmux[0][3][1]$a$4590 [0] $memory$auto$proc_rom.cc:155:do_switch$436$rdmux[0][3][1]$a$4590 [13] $memory$auto$proc_rom.cc:155:do_switch$436$rdmux[0][3][1]$a$4590 [0] $memory$auto$proc_rom.cc:155:do_switch$436$rdmux[0][3][1]$a$4590 [11] $memory$auto$proc_rom.cc:155:do_switch$436$rdmux[0][3][1]$a$4590 [1] $memory$auto$proc_rom.cc:155:do_switch$436$rdmux[0][3][1]$a$4590 [9:6] $memory$auto$proc_rom.cc:155:do_switch$436$rdmux[0][3][1]$a$4590 [3] $memory$auto$proc_rom.cc:155:do_switch$436$rdmux[0][3][1]$a$4590 [3:0] }, B={ $memory$auto$proc_rom.cc:155:do_switch$436$rdmux[0][3][1]$b$4591 [31] $memory$auto$proc_rom.cc:155:do_switch$436$rdmux[0][3][1]$b$4591 [14] $memory$auto$proc_rom.cc:155:do_switch$436$rdmux[0][3][1]$b$4591 [10] $memory$auto$proc_rom.cc:155:do_switch$436$rdmux[0][3][1]$b$4591 [0] 1'0 $memory$auto$proc_rom.cc:155:do_switch$436$rdmux[0][3][1]$b$4591 [10] $memory$auto$proc_rom.cc:155:do_switch$436$rdmux[0][3][1]$b$4591 [24] 1'1 $memory$auto$proc_rom.cc:155:do_switch$436$rdmux[0][3][1]$b$4591 [1] $memory$auto$proc_rom.cc:155:do_switch$436$rdmux[0][3][1]$b$4591 [11] 1'1 $memory$auto$proc_rom.cc:155:do_switch$436$rdmux[0][3][1]$b$4591 [18] $memory$auto$proc_rom.cc:155:do_switch$436$rdmux[0][3][1]$b$4591 [4] $memory$auto$proc_rom.cc:155:do_switch$436$rdmux[0][3][1]$b$4591 [16] $memory$auto$proc_rom.cc:155:do_switch$436$rdmux[0][3][1]$b$4591 [13] $memory$auto$proc_rom.cc:155:do_switch$436$rdmux[0][3][1]$b$4591 [14:13] $memory$auto$proc_rom.cc:155:do_switch$436$rdmux[0][3][1]$b$4591 [4] $memory$auto$proc_rom.cc:155:do_switch$436$rdmux[0][3][1]$b$4591 [11:10] $memory$auto$proc_rom.cc:155:do_switch$436$rdmux[0][3][1]$b$4591 [0] $memory$auto$proc_rom.cc:155:do_switch$436$rdmux[0][3][1]$b$4591 [4] $memory$auto$proc_rom.cc:155:do_switch$436$rdmux[0][3][1]$b$4591 [1] $memory$auto$proc_rom.cc:155:do_switch$436$rdmux[0][3][1]$b$4591 [4] $memory$auto$proc_rom.cc:155:do_switch$436$rdmux[0][3][1]$b$4591 [4:3] 1'1 $memory$auto$proc_rom.cc:155:do_switch$436$rdmux[0][3][1]$b$4591 [1:0] }, Y={ $memory$auto$proc_rom.cc:155:do_switch$436$rdmux[0][2][0]$b$4576 [31:30] $memory$auto$proc_rom.cc:155:do_switch$436$rdmux[0][2][0]$b$4576 [28:21] $memory$auto$proc_rom.cc:155:do_switch$436$rdmux[0][2][0]$b$4576 [19:6] $memory$auto$proc_rom.cc:155:do_switch$436$rdmux[0][2][0]$b$4576 [4:0] }
      New connections: { $memory$auto$proc_rom.cc:155:do_switch$436$rdmux[0][2][0]$b$4576 [29] $memory$auto$proc_rom.cc:155:do_switch$436$rdmux[0][2][0]$b$4576 [20] $memory$auto$proc_rom.cc:155:do_switch$436$rdmux[0][2][0]$b$4576 [5] } = { $memory$auto$proc_rom.cc:155:do_switch$436$rdmux[0][2][0]$b$4576 [21] $memory$auto$proc_rom.cc:155:do_switch$436$rdmux[0][2][0]$b$4576 [2] $memory$auto$proc_rom.cc:155:do_switch$436$rdmux[0][2][0]$b$4576 [2] }
    Consolidated identical input bits for $mux cell $memory$auto$proc_rom.cc:155:do_switch$436$rdmux[0][3][0]$4586:
      Old ports: A=$memory$auto$proc_rom.cc:155:do_switch$436$rdmux[0][3][0]$a$4587, B=$memory$auto$proc_rom.cc:155:do_switch$436$rdmux[0][3][0]$b$4588, Y=$memory$auto$proc_rom.cc:155:do_switch$436$rdmux[0][2][0]$a$4575
      New ports: A={ $memory$auto$proc_rom.cc:155:do_switch$436$rdmux[0][3][0]$a$4587 [30] $memory$auto$proc_rom.cc:155:do_switch$436$rdmux[0][3][0]$a$4587 [28] $memory$auto$proc_rom.cc:155:do_switch$436$rdmux[0][3][0]$a$4587 [5] $memory$auto$proc_rom.cc:155:do_switch$436$rdmux[0][3][0]$a$4587 [1] $memory$auto$proc_rom.cc:155:do_switch$436$rdmux[0][3][0]$a$4587 [1] $memory$auto$proc_rom.cc:155:do_switch$436$rdmux[0][3][0]$a$4587 [16] $memory$auto$proc_rom.cc:155:do_switch$436$rdmux[0][3][0]$a$4587 [19] $memory$auto$proc_rom.cc:155:do_switch$436$rdmux[0][3][0]$a$4587 [16] $memory$auto$proc_rom.cc:155:do_switch$436$rdmux[0][3][0]$a$4587 [4] $memory$auto$proc_rom.cc:155:do_switch$436$rdmux[0][3][0]$a$4587 [16] $memory$auto$proc_rom.cc:155:do_switch$436$rdmux[0][3][0]$a$4587 [2] $memory$auto$proc_rom.cc:155:do_switch$436$rdmux[0][3][0]$a$4587 [0] $memory$auto$proc_rom.cc:155:do_switch$436$rdmux[0][3][0]$a$4587 [3:2] $memory$auto$proc_rom.cc:155:do_switch$436$rdmux[0][3][0]$a$4587 [8] $memory$auto$proc_rom.cc:155:do_switch$436$rdmux[0][3][0]$a$4587 [4] $memory$auto$proc_rom.cc:155:do_switch$436$rdmux[0][3][0]$a$4587 [8] $memory$auto$proc_rom.cc:155:do_switch$436$rdmux[0][3][0]$a$4587 [8] 1'1 $memory$auto$proc_rom.cc:155:do_switch$436$rdmux[0][3][0]$a$4587 [1] $memory$auto$proc_rom.cc:155:do_switch$436$rdmux[0][3][0]$a$4587 [5:0] }, B={ $memory$auto$proc_rom.cc:155:do_switch$436$rdmux[0][3][0]$b$4588 [8] $memory$auto$proc_rom.cc:155:do_switch$436$rdmux[0][3][0]$b$4588 [28] $memory$auto$proc_rom.cc:155:do_switch$436$rdmux[0][3][0]$b$4588 [0] 1'0 $memory$auto$proc_rom.cc:155:do_switch$436$rdmux[0][3][0]$b$4588 [22] 1'1 $memory$auto$proc_rom.cc:155:do_switch$436$rdmux[0][3][0]$b$4588 [2] $memory$auto$proc_rom.cc:155:do_switch$436$rdmux[0][3][0]$b$4588 [9] $memory$auto$proc_rom.cc:155:do_switch$436$rdmux[0][3][0]$b$4588 [15] $memory$auto$proc_rom.cc:155:do_switch$436$rdmux[0][3][0]$b$4588 [5] $memory$auto$proc_rom.cc:155:do_switch$436$rdmux[0][3][0]$b$4588 [15:14] 1'0 $memory$auto$proc_rom.cc:155:do_switch$436$rdmux[0][3][0]$b$4588 [12] $memory$auto$proc_rom.cc:155:do_switch$436$rdmux[0][3][0]$b$4588 [10] $memory$auto$proc_rom.cc:155:do_switch$436$rdmux[0][3][0]$b$4588 [10:7] $memory$auto$proc_rom.cc:155:do_switch$436$rdmux[0][3][0]$b$4588 [0] $memory$auto$proc_rom.cc:155:do_switch$436$rdmux[0][3][0]$b$4588 [5] $memory$auto$proc_rom.cc:155:do_switch$436$rdmux[0][3][0]$b$4588 [0] $memory$auto$proc_rom.cc:155:do_switch$436$rdmux[0][3][0]$b$4588 [1] $memory$auto$proc_rom.cc:155:do_switch$436$rdmux[0][3][0]$b$4588 [2:0] }, Y={ $memory$auto$proc_rom.cc:155:do_switch$436$rdmux[0][2][0]$a$4575 [30] $memory$auto$proc_rom.cc:155:do_switch$436$rdmux[0][2][0]$a$4575 [28:26] $memory$auto$proc_rom.cc:155:do_switch$436$rdmux[0][2][0]$a$4575 [22] $memory$auto$proc_rom.cc:155:do_switch$436$rdmux[0][2][0]$a$4575 [20:0] }
      New connections: { $memory$auto$proc_rom.cc:155:do_switch$436$rdmux[0][2][0]$a$4575 [31] $memory$auto$proc_rom.cc:155:do_switch$436$rdmux[0][2][0]$a$4575 [29] $memory$auto$proc_rom.cc:155:do_switch$436$rdmux[0][2][0]$a$4575 [25:23] $memory$auto$proc_rom.cc:155:do_switch$436$rdmux[0][2][0]$a$4575 [21] } = { $memory$auto$proc_rom.cc:155:do_switch$436$rdmux[0][2][0]$a$4575 [2] $memory$auto$proc_rom.cc:155:do_switch$436$rdmux[0][2][0]$a$4575 [14] $memory$auto$proc_rom.cc:155:do_switch$436$rdmux[0][2][0]$a$4575 [19] $memory$auto$proc_rom.cc:155:do_switch$436$rdmux[0][2][0]$a$4575 [0] $memory$auto$proc_rom.cc:155:do_switch$436$rdmux[0][2][0]$a$4575 [8] $memory$auto$proc_rom.cc:155:do_switch$436$rdmux[0][2][0]$a$4575 [16] }
  Optimizing cells in module \sha256_tt07.
  Optimizing cells in module \tt_um_xeniarose_sha256.
Performed a total of 75 changes.

8.41.5. Executing OPT_MERGE pass (detect identical cells).
Finding identical cells in module `$paramod$7ad91cb4a00e7f80cf930fd17c51f82b06b63f61\uart'.
<suppressed ~3 debug messages>
Finding identical cells in module `$paramod\hmac_sha256\MSG_BITS=s32'00000000000000000000000011100000'.
Finding identical cells in module `\auth_chip_top'.
Finding identical cells in module `\protocol'.
Finding identical cells in module `\secure_store'.
Finding identical cells in module `\sha256_tt07'.
<suppressed ~90 debug messages>
Finding identical cells in module `\tt_um_xeniarose_sha256'.
Removed a total of 31 cells.

8.41.6. Executing OPT_SHARE pass.
    Found cells that share an operand and can be merged by moving the $mux $procmux$1927 in front of them:
        $shiftx$src/tt07_SHA256.v:0$143
        $shiftx$src/tt07_SHA256.v:0$141

8.41.7. Executing OPT_DFF pass (perform DFF optimizations).

8.41.8. Executing OPT_CLEAN pass (remove unused cells and wires).
Finding unused cells or wires in module $paramod$7ad91cb4a00e7f80cf930fd17c51f82b06b63f61\uart..
Finding unused cells or wires in module $paramod\hmac_sha256\MSG_BITS=s32'00000000000000000000000011100000..
Finding unused cells or wires in module \auth_chip_top..
Finding unused cells or wires in module \protocol..
Finding unused cells or wires in module \secure_store..
Finding unused cells or wires in module \sha256_tt07..
Finding unused cells or wires in module \tt_um_xeniarose_sha256..
Removed 0 unused cells and 205 unused wires.
<suppressed ~6 debug messages>

8.41.9. Executing OPT_EXPR pass (perform const folding).
Optimizing module $paramod$7ad91cb4a00e7f80cf930fd17c51f82b06b63f61\uart.
<suppressed ~2 debug messages>
Optimizing module $paramod\hmac_sha256\MSG_BITS=s32'00000000000000000000000011100000.
Optimizing module auth_chip_top.
Optimizing module protocol.
<suppressed ~4 debug messages>
Optimizing module secure_store.
Optimizing module sha256_tt07.
<suppressed ~2 debug messages>
Optimizing module tt_um_xeniarose_sha256.

8.41.10. Rerunning OPT passes. (Maybe there is more to do..)

8.41.11. Executing OPT_MUXTREE pass (detect dead branches in mux trees).
Running muxtree optimizer on module $paramod$7ad91cb4a00e7f80cf930fd17c51f82b06b63f61\uart..
  Creating internal representation of mux trees.
  Evaluating internal representation of mux trees.
  Analyzing evaluation results.
Running muxtree optimizer on module $paramod\hmac_sha256\MSG_BITS=s32'00000000000000000000000011100000..
  Creating internal representation of mux trees.
  Evaluating internal representation of mux trees.
  Analyzing evaluation results.
Running muxtree optimizer on module \auth_chip_top..
  Creating internal representation of mux trees.
  No muxes found in this module.
Running muxtree optimizer on module \protocol..
  Creating internal representation of mux trees.
  Evaluating internal representation of mux trees.
  Analyzing evaluation results.
Running muxtree optimizer on module \secure_store..
  Creating internal representation of mux trees.
  Evaluating internal representation of mux trees.
  Analyzing evaluation results.
Running muxtree optimizer on module \sha256_tt07..
  Creating internal representation of mux trees.
  Evaluating internal representation of mux trees.
  Analyzing evaluation results.
Running muxtree optimizer on module \tt_um_xeniarose_sha256..
  Creating internal representation of mux trees.
  Evaluating internal representation of mux trees.
  Analyzing evaluation results.
Removed 0 multiplexer ports.
<suppressed ~65 debug messages>

8.41.12. Executing OPT_REDUCE pass (consolidate $*mux and $reduce_* inputs).
  Optimizing cells in module $paramod$7ad91cb4a00e7f80cf930fd17c51f82b06b63f61\uart.
  Optimizing cells in module $paramod\hmac_sha256\MSG_BITS=s32'00000000000000000000000011100000.
  Optimizing cells in module \auth_chip_top.
  Optimizing cells in module \protocol.
  Optimizing cells in module \secure_store.
  Optimizing cells in module \sha256_tt07.
    Consolidated identical input bits for $mux cell $memory$auto$proc_rom.cc:155:do_switch$436$rdmux[0][4][10]$4640:
      Old ports: A={ $memory$auto$proc_rom.cc:155:do_switch$436$rdmux[0][4][0]$a$4611 [25] 3'110 $memory$auto$proc_rom.cc:155:do_switch$436$rdmux[0][4][0]$a$4611 [25] 1'0 $memory$auto$proc_rom.cc:155:do_switch$436$rdmux[0][4][0]$a$4611 [25] $memory$auto$proc_rom.cc:155:do_switch$436$rdmux[0][4][0]$a$4611 [29] $memory$auto$proc_rom.cc:155:do_switch$436$rdmux[0][4][0]$a$4611 [25] 1'0 $memory$auto$proc_rom.cc:155:do_switch$436$rdmux[0][4][0]$a$4611 [29] $memory$auto$proc_rom.cc:155:do_switch$436$rdmux[0][4][0]$a$4611 [29] 1'1 }, B={ 1'0 $memory$auto$proc_rom.cc:155:do_switch$436$rdmux[0][4][0]$a$4611 [25] 1'0 $memory$auto$proc_rom.cc:155:do_switch$436$rdmux[0][4][0]$a$4611 [29] $memory$auto$proc_rom.cc:155:do_switch$436$rdmux[0][4][0]$a$4611 [25] 1'1 $memory$auto$proc_rom.cc:155:do_switch$436$rdmux[0][4][0]$a$4611 [29] $memory$auto$proc_rom.cc:155:do_switch$436$rdmux[0][4][0]$a$4611 [25] 1'1 $memory$auto$proc_rom.cc:155:do_switch$436$rdmux[0][4][0]$a$4611 [25] 1'0 $memory$auto$proc_rom.cc:155:do_switch$436$rdmux[0][4][0]$a$4611 [29] $memory$auto$proc_rom.cc:155:do_switch$436$rdmux[0][4][0]$a$4611 [29] }, Y={ $memory$auto$proc_rom.cc:155:do_switch$436$rdmux[0][3][5]$a$4602 [23] $memory$auto$proc_rom.cc:155:do_switch$436$rdmux[0][3][5]$a$4602 [17] $memory$auto$proc_rom.cc:155:do_switch$436$rdmux[0][3][5]$a$4602 [29] $memory$auto$proc_rom.cc:155:do_switch$436$rdmux[0][3][5]$a$4602 [26] $memory$auto$proc_rom.cc:155:do_switch$436$rdmux[0][3][5]$a$4602 [16] $memory$auto$proc_rom.cc:155:do_switch$436$rdmux[0][3][5]$a$4602 [30] $memory$auto$proc_rom.cc:155:do_switch$436$rdmux[0][3][5]$a$4602 [21] $memory$auto$proc_rom.cc:155:do_switch$436$rdmux[0][3][5]$a$4602 [9] $memory$auto$proc_rom.cc:155:do_switch$436$rdmux[0][3][5]$a$4602 [25] $memory$auto$proc_rom.cc:155:do_switch$436$rdmux[0][3][5]$a$4602 [4] $memory$auto$proc_rom.cc:155:do_switch$436$rdmux[0][3][5]$a$4602 [27] $memory$auto$proc_rom.cc:155:do_switch$436$rdmux[0][3][5]$a$4602 [1] $memory$auto$proc_rom.cc:155:do_switch$436$rdmux[0][3][5]$a$4602 [14] }
      New ports: A={ $memory$auto$proc_rom.cc:155:do_switch$436$rdmux[0][4][0]$a$4611 [25] 4'1100 $memory$auto$proc_rom.cc:155:do_switch$436$rdmux[0][4][0]$a$4611 [25] $memory$auto$proc_rom.cc:155:do_switch$436$rdmux[0][4][0]$a$4611 [29] $memory$auto$proc_rom.cc:155:do_switch$436$rdmux[0][4][0]$a$4611 [25] 1'0 $memory$auto$proc_rom.cc:155:do_switch$436$rdmux[0][4][0]$a$4611 [29] 1'1 }, B={ 1'0 $memory$auto$proc_rom.cc:155:do_switch$436$rdmux[0][4][0]$a$4611 [25] 1'0 $memory$auto$proc_rom.cc:155:do_switch$436$rdmux[0][4][0]$a$4611 [29] 1'1 $memory$auto$proc_rom.cc:155:do_switch$436$rdmux[0][4][0]$a$4611 [29] $memory$auto$proc_rom.cc:155:do_switch$436$rdmux[0][4][0]$a$4611 [25] 1'1 $memory$auto$proc_rom.cc:155:do_switch$436$rdmux[0][4][0]$a$4611 [25] 1'0 $memory$auto$proc_rom.cc:155:do_switch$436$rdmux[0][4][0]$a$4611 [29] }, Y={ $memory$auto$proc_rom.cc:155:do_switch$436$rdmux[0][3][5]$a$4602 [23] $memory$auto$proc_rom.cc:155:do_switch$436$rdmux[0][3][5]$a$4602 [17] $memory$auto$proc_rom.cc:155:do_switch$436$rdmux[0][3][5]$a$4602 [29] $memory$auto$proc_rom.cc:155:do_switch$436$rdmux[0][3][5]$a$4602 [26] $memory$auto$proc_rom.cc:155:do_switch$436$rdmux[0][3][5]$a$4602 [30] $memory$auto$proc_rom.cc:155:do_switch$436$rdmux[0][3][5]$a$4602 [21] $memory$auto$proc_rom.cc:155:do_switch$436$rdmux[0][3][5]$a$4602 [9] $memory$auto$proc_rom.cc:155:do_switch$436$rdmux[0][3][5]$a$4602 [25] $memory$auto$proc_rom.cc:155:do_switch$436$rdmux[0][3][5]$a$4602 [4] $memory$auto$proc_rom.cc:155:do_switch$436$rdmux[0][3][5]$a$4602 [27] $memory$auto$proc_rom.cc:155:do_switch$436$rdmux[0][3][5]$a$4602 [14] }
      New connections: { $memory$auto$proc_rom.cc:155:do_switch$436$rdmux[0][3][5]$a$4602 [16] $memory$auto$proc_rom.cc:155:do_switch$436$rdmux[0][3][5]$a$4602 [1] } = { $memory$auto$proc_rom.cc:155:do_switch$436$rdmux[0][4][0]$a$4611 [25] $memory$auto$proc_rom.cc:155:do_switch$436$rdmux[0][4][0]$a$4611 [29] }
    Consolidated identical input bits for $mux cell $memory$auto$proc_rom.cc:155:do_switch$436$rdmux[0][4][11]$4643:
      Old ports: A={ 2'11 $memory$auto$proc_rom.cc:155:do_switch$436$rdmux[0][4][0]$b$4612 [30] $memory$auto$proc_rom.cc:155:do_switch$436$rdmux[0][4][0]$b$4612 [28] $memory$auto$proc_rom.cc:155:do_switch$436$rdmux[0][4][0]$b$4612 [30] 2'00 $memory$auto$proc_rom.cc:155:do_switch$436$rdmux[0][4][0]$b$4612 [30] $memory$auto$proc_rom.cc:155:do_switch$436$rdmux[0][4][0]$b$4612 [28] $memory$auto$proc_rom.cc:155:do_switch$436$rdmux[0][4][0]$b$4612 [28] $memory$auto$proc_rom.cc:155:do_switch$436$rdmux[0][4][0]$b$4612 [30] $memory$auto$proc_rom.cc:155:do_switch$436$rdmux[0][4][0]$b$4612 [28] }, B={ $memory$auto$proc_rom.cc:155:do_switch$436$rdmux[0][4][0]$b$4612 [28] 4'0110 $memory$auto$proc_rom.cc:155:do_switch$436$rdmux[0][4][0]$b$4612 [28] $memory$auto$proc_rom.cc:155:do_switch$436$rdmux[0][4][0]$b$4612 [30] $memory$auto$proc_rom.cc:155:do_switch$436$rdmux[0][4][0]$b$4612 [30] $memory$auto$proc_rom.cc:155:do_switch$436$rdmux[0][4][0]$b$4612 [30] 1'0 $memory$auto$proc_rom.cc:155:do_switch$436$rdmux[0][4][0]$b$4612 [28] $memory$auto$proc_rom.cc:155:do_switch$436$rdmux[0][4][0]$b$4612 [28] }, Y={ $memory$auto$proc_rom.cc:155:do_switch$436$rdmux[0][3][5]$b$4603 [31] $memory$auto$proc_rom.cc:155:do_switch$436$rdmux[0][3][5]$b$4603 [23] $memory$auto$proc_rom.cc:155:do_switch$436$rdmux[0][3][5]$b$4603 [19] $memory$auto$proc_rom.cc:155:do_switch$436$rdmux[0][3][5]$b$4603 [17] $memory$auto$proc_rom.cc:155:do_switch$436$rdmux[0][3][5]$b$4603 [25] $memory$auto$proc_rom.cc:155:do_switch$436$rdmux[0][3][5]$b$4603 [29] $memory$auto$proc_rom.cc:155:do_switch$436$rdmux[0][3][5]$b$4603 [22] $memory$auto$proc_rom.cc:155:do_switch$436$rdmux[0][3][5]$b$4603 [5] $memory$auto$proc_rom.cc:155:do_switch$436$rdmux[0][3][5]$b$4603 [15] $memory$auto$proc_rom.cc:155:do_switch$436$rdmux[0][3][5]$b$4603 [24] $memory$auto$proc_rom.cc:155:do_switch$436$rdmux[0][3][5]$b$4603 [26] $memory$auto$proc_rom.cc:155:do_switch$436$rdmux[0][3][5]$b$4603 [0] }
      New ports: A={ 2'11 $memory$auto$proc_rom.cc:155:do_switch$436$rdmux[0][4][0]$b$4612 [30] $memory$auto$proc_rom.cc:155:do_switch$436$rdmux[0][4][0]$b$4612 [28] $memory$auto$proc_rom.cc:155:do_switch$436$rdmux[0][4][0]$b$4612 [30] 2'00 $memory$auto$proc_rom.cc:155:do_switch$436$rdmux[0][4][0]$b$4612 [28] $memory$auto$proc_rom.cc:155:do_switch$436$rdmux[0][4][0]$b$4612 [28] $memory$auto$proc_rom.cc:155:do_switch$436$rdmux[0][4][0]$b$4612 [30] }, B={ $memory$auto$proc_rom.cc:155:do_switch$436$rdmux[0][4][0]$b$4612 [28] 4'0110 $memory$auto$proc_rom.cc:155:do_switch$436$rdmux[0][4][0]$b$4612 [28] $memory$auto$proc_rom.cc:155:do_switch$436$rdmux[0][4][0]$b$4612 [30] $memory$auto$proc_rom.cc:155:do_switch$436$rdmux[0][4][0]$b$4612 [30] 1'0 $memory$auto$proc_rom.cc:155:do_switch$436$rdmux[0][4][0]$b$4612 [28] }, Y={ $memory$auto$proc_rom.cc:155:do_switch$436$rdmux[0][3][5]$b$4603 [31] $memory$auto$proc_rom.cc:155:do_switch$436$rdmux[0][3][5]$b$4603 [23] $memory$auto$proc_rom.cc:155:do_switch$436$rdmux[0][3][5]$b$4603 [19] $memory$auto$proc_rom.cc:155:do_switch$436$rdmux[0][3][5]$b$4603 [17] $memory$auto$proc_rom.cc:155:do_switch$436$rdmux[0][3][5]$b$4603 [25] $memory$auto$proc_rom.cc:155:do_switch$436$rdmux[0][3][5]$b$4603 [29] $memory$auto$proc_rom.cc:155:do_switch$436$rdmux[0][3][5]$b$4603 [22] $memory$auto$proc_rom.cc:155:do_switch$436$rdmux[0][3][5]$b$4603 [15] $memory$auto$proc_rom.cc:155:do_switch$436$rdmux[0][3][5]$b$4603 [24] $memory$auto$proc_rom.cc:155:do_switch$436$rdmux[0][3][5]$b$4603 [26] }
      New connections: { $memory$auto$proc_rom.cc:155:do_switch$436$rdmux[0][3][5]$b$4603 [5] $memory$auto$proc_rom.cc:155:do_switch$436$rdmux[0][3][5]$b$4603 [0] } = { $memory$auto$proc_rom.cc:155:do_switch$436$rdmux[0][4][0]$b$4612 [30] $memory$auto$proc_rom.cc:155:do_switch$436$rdmux[0][4][0]$b$4612 [28] }
    Consolidated identical input bits for $mux cell $memory$auto$proc_rom.cc:155:do_switch$436$rdmux[0][4][13]$4649:
      Old ports: A={ $memory$auto$proc_rom.cc:155:do_switch$436$rdmux[0][4][0]$b$4612 [28] $memory$auto$proc_rom.cc:155:do_switch$436$rdmux[0][4][0]$b$4612 [30] 2'10 $memory$auto$proc_rom.cc:155:do_switch$436$rdmux[0][4][0]$b$4612 [30] 1'0 $memory$auto$proc_rom.cc:155:do_switch$436$rdmux[0][4][0]$b$4612 [30] $memory$auto$proc_rom.cc:155:do_switch$436$rdmux[0][4][0]$b$4612 [28] $memory$auto$proc_rom.cc:155:do_switch$436$rdmux[0][4][0]$b$4612 [30] 1'0 $memory$auto$proc_rom.cc:155:do_switch$436$rdmux[0][4][0]$b$4612 [28] }, B={ $memory$auto$proc_rom.cc:155:do_switch$436$rdmux[0][4][0]$b$4612 [28] 1'0 $memory$auto$proc_rom.cc:155:do_switch$436$rdmux[0][4][0]$b$4612 [28] 1'1 $memory$auto$proc_rom.cc:155:do_switch$436$rdmux[0][4][0]$b$4612 [30] $memory$auto$proc_rom.cc:155:do_switch$436$rdmux[0][4][0]$b$4612 [30] 1'1 $memory$auto$proc_rom.cc:155:do_switch$436$rdmux[0][4][0]$b$4612 [30] $memory$auto$proc_rom.cc:155:do_switch$436$rdmux[0][4][0]$b$4612 [28] $memory$auto$proc_rom.cc:155:do_switch$436$rdmux[0][4][0]$b$4612 [28] 1'1 }, Y={ $memory$auto$proc_rom.cc:155:do_switch$436$rdmux[0][3][6]$b$4606 [28] $memory$auto$proc_rom.cc:155:do_switch$436$rdmux[0][3][6]$b$4606 [26] $memory$auto$proc_rom.cc:155:do_switch$436$rdmux[0][3][6]$b$4606 [20] $memory$auto$proc_rom.cc:155:do_switch$436$rdmux[0][3][6]$b$4606 [14:13] $memory$auto$proc_rom.cc:155:do_switch$436$rdmux[0][3][6]$b$4606 [21] $memory$auto$proc_rom.cc:155:do_switch$436$rdmux[0][3][6]$b$4606 [30:29] $memory$auto$proc_rom.cc:155:do_switch$436$rdmux[0][3][6]$b$4606 [25] $memory$auto$proc_rom.cc:155:do_switch$436$rdmux[0][3][6]$b$4606 [2] $memory$auto$proc_rom.cc:155:do_switch$436$rdmux[0][3][6]$b$4606 [18] }
      New ports: A={ $memory$auto$proc_rom.cc:155:do_switch$436$rdmux[0][4][0]$b$4612 [30] 3'100 $memory$auto$proc_rom.cc:155:do_switch$436$rdmux[0][4][0]$b$4612 [30] $memory$auto$proc_rom.cc:155:do_switch$436$rdmux[0][4][0]$b$4612 [28] $memory$auto$proc_rom.cc:155:do_switch$436$rdmux[0][4][0]$b$4612 [30] 1'0 $memory$auto$proc_rom.cc:155:do_switch$436$rdmux[0][4][0]$b$4612 [28] }, B={ 1'0 $memory$auto$proc_rom.cc:155:do_switch$436$rdmux[0][4][0]$b$4612 [28] 1'1 $memory$auto$proc_rom.cc:155:do_switch$436$rdmux[0][4][0]$b$4612 [30] 1'1 $memory$auto$proc_rom.cc:155:do_switch$436$rdmux[0][4][0]$b$4612 [30] $memory$auto$proc_rom.cc:155:do_switch$436$rdmux[0][4][0]$b$4612 [28] $memory$auto$proc_rom.cc:155:do_switch$436$rdmux[0][4][0]$b$4612 [28] 1'1 }, Y={ $memory$auto$proc_rom.cc:155:do_switch$436$rdmux[0][3][6]$b$4606 [26] $memory$auto$proc_rom.cc:155:do_switch$436$rdmux[0][3][6]$b$4606 [20] $memory$auto$proc_rom.cc:155:do_switch$436$rdmux[0][3][6]$b$4606 [14] $memory$auto$proc_rom.cc:155:do_switch$436$rdmux[0][3][6]$b$4606 [21] $memory$auto$proc_rom.cc:155:do_switch$436$rdmux[0][3][6]$b$4606 [30:29] $memory$auto$proc_rom.cc:155:do_switch$436$rdmux[0][3][6]$b$4606 [25] $memory$auto$proc_rom.cc:155:do_switch$436$rdmux[0][3][6]$b$4606 [2] $memory$auto$proc_rom.cc:155:do_switch$436$rdmux[0][3][6]$b$4606 [18] }
      New connections: { $memory$auto$proc_rom.cc:155:do_switch$436$rdmux[0][3][6]$b$4606 [28] $memory$auto$proc_rom.cc:155:do_switch$436$rdmux[0][3][6]$b$4606 [13] } = { $memory$auto$proc_rom.cc:155:do_switch$436$rdmux[0][4][0]$b$4612 [28] $memory$auto$proc_rom.cc:155:do_switch$436$rdmux[0][4][0]$b$4612 [30] }
    Consolidated identical input bits for $mux cell $memory$auto$proc_rom.cc:155:do_switch$436$rdmux[0][4][2]$4616:
      Old ports: A={ $memory$auto$proc_rom.cc:155:do_switch$436$rdmux[0][4][0]$a$4611 [25] $memory$auto$proc_rom.cc:155:do_switch$436$rdmux[0][4][0]$a$4611 [29] 1'1 $memory$auto$proc_rom.cc:155:do_switch$436$rdmux[0][4][0]$a$4611 [25] 2'11 $memory$auto$proc_rom.cc:155:do_switch$436$rdmux[0][4][0]$a$4611 [29] $memory$auto$proc_rom.cc:155:do_switch$436$rdmux[0][4][0]$a$4611 [25] 1'0 $memory$auto$proc_rom.cc:155:do_switch$436$rdmux[0][4][0]$a$4611 [25] 2'00 $memory$auto$proc_rom.cc:155:do_switch$436$rdmux[0][4][0]$a$4611 [29] }, B={ 2'00 $memory$auto$proc_rom.cc:155:do_switch$436$rdmux[0][4][0]$a$4611 [25] $memory$auto$proc_rom.cc:155:do_switch$436$rdmux[0][4][0]$a$4611 [29] $memory$auto$proc_rom.cc:155:do_switch$436$rdmux[0][4][0]$a$4611 [29] 3'011 $memory$auto$proc_rom.cc:155:do_switch$436$rdmux[0][4][0]$a$4611 [29] $memory$auto$proc_rom.cc:155:do_switch$436$rdmux[0][4][0]$a$4611 [25] $memory$auto$proc_rom.cc:155:do_switch$436$rdmux[0][4][0]$a$4611 [25] 1'1 $memory$auto$proc_rom.cc:155:do_switch$436$rdmux[0][4][0]$a$4611 [29] }, Y={ $memory$auto$proc_rom.cc:155:do_switch$436$rdmux[0][3][1]$a$4590 [31] $memory$auto$proc_rom.cc:155:do_switch$436$rdmux[0][3][1]$a$4590 [25] $memory$auto$proc_rom.cc:155:do_switch$436$rdmux[0][3][1]$a$4590 [16] $memory$auto$proc_rom.cc:155:do_switch$436$rdmux[0][3][1]$a$4590 [30] $memory$auto$proc_rom.cc:155:do_switch$436$rdmux[0][3][1]$a$4590 [28] $memory$auto$proc_rom.cc:155:do_switch$436$rdmux[0][3][1]$a$4590 [17] $memory$auto$proc_rom.cc:155:do_switch$436$rdmux[0][3][1]$a$4590 [8:7] $memory$auto$proc_rom.cc:155:do_switch$436$rdmux[0][3][1]$a$4590 [24] $memory$auto$proc_rom.cc:155:do_switch$436$rdmux[0][3][1]$a$4590 [15] $memory$auto$proc_rom.cc:155:do_switch$436$rdmux[0][3][1]$a$4590 [29] $memory$auto$proc_rom.cc:155:do_switch$436$rdmux[0][3][1]$a$4590 [26] $memory$auto$proc_rom.cc:155:do_switch$436$rdmux[0][3][1]$a$4590 [14] }
      New ports: A={ $memory$auto$proc_rom.cc:155:do_switch$436$rdmux[0][4][0]$a$4611 [25] $memory$auto$proc_rom.cc:155:do_switch$436$rdmux[0][4][0]$a$4611 [29] 1'1 $memory$auto$proc_rom.cc:155:do_switch$436$rdmux[0][4][0]$a$4611 [25] 2'11 $memory$auto$proc_rom.cc:155:do_switch$436$rdmux[0][4][0]$a$4611 [29] $memory$auto$proc_rom.cc:155:do_switch$436$rdmux[0][4][0]$a$4611 [25] 3'000 }, B={ 2'00 $memory$auto$proc_rom.cc:155:do_switch$436$rdmux[0][4][0]$a$4611 [25] $memory$auto$proc_rom.cc:155:do_switch$436$rdmux[0][4][0]$a$4611 [29] $memory$auto$proc_rom.cc:155:do_switch$436$rdmux[0][4][0]$a$4611 [29] 3'011 $memory$auto$proc_rom.cc:155:do_switch$436$rdmux[0][4][0]$a$4611 [29] $memory$auto$proc_rom.cc:155:do_switch$436$rdmux[0][4][0]$a$4611 [25] 1'1 }, Y={ $memory$auto$proc_rom.cc:155:do_switch$436$rdmux[0][3][1]$a$4590 [31] $memory$auto$proc_rom.cc:155:do_switch$436$rdmux[0][3][1]$a$4590 [25] $memory$auto$proc_rom.cc:155:do_switch$436$rdmux[0][3][1]$a$4590 [16] $memory$auto$proc_rom.cc:155:do_switch$436$rdmux[0][3][1]$a$4590 [30] $memory$auto$proc_rom.cc:155:do_switch$436$rdmux[0][3][1]$a$4590 [28] $memory$auto$proc_rom.cc:155:do_switch$436$rdmux[0][3][1]$a$4590 [17] $memory$auto$proc_rom.cc:155:do_switch$436$rdmux[0][3][1]$a$4590 [8:7] $memory$auto$proc_rom.cc:155:do_switch$436$rdmux[0][3][1]$a$4590 [24] $memory$auto$proc_rom.cc:155:do_switch$436$rdmux[0][3][1]$a$4590 [29] $memory$auto$proc_rom.cc:155:do_switch$436$rdmux[0][3][1]$a$4590 [26] }
      New connections: $memory$auto$proc_rom.cc:155:do_switch$436$rdmux[0][3][1]$a$4590 [15:14] = { $memory$auto$proc_rom.cc:155:do_switch$436$rdmux[0][4][0]$a$4611 [25] $memory$auto$proc_rom.cc:155:do_switch$436$rdmux[0][4][0]$a$4611 [29] }
    Consolidated identical input bits for $mux cell $memory$auto$proc_rom.cc:155:do_switch$436$rdmux[0][4][4]$4622:
      Old ports: A={ 2'11 $memory$auto$proc_rom.cc:155:do_switch$436$rdmux[0][4][0]$b$4612 [30] 2'01 $memory$auto$proc_rom.cc:155:do_switch$436$rdmux[0][4][0]$b$4612 [28] 1'0 $memory$auto$proc_rom.cc:155:do_switch$436$rdmux[0][4][0]$b$4612 [28] $memory$auto$proc_rom.cc:155:do_switch$436$rdmux[0][4][0]$b$4612 [30] $memory$auto$proc_rom.cc:155:do_switch$436$rdmux[0][4][0]$b$4612 [28] 1'0 $memory$auto$proc_rom.cc:155:do_switch$436$rdmux[0][4][0]$b$4612 [30] $memory$auto$proc_rom.cc:155:do_switch$436$rdmux[0][4][0]$b$4612 [30] $memory$auto$proc_rom.cc:155:do_switch$436$rdmux[0][4][0]$b$4612 [28] }, B={ $memory$auto$proc_rom.cc:155:do_switch$436$rdmux[0][4][0]$b$4612 [28] $memory$auto$proc_rom.cc:155:do_switch$436$rdmux[0][4][0]$b$4612 [30] $memory$auto$proc_rom.cc:155:do_switch$436$rdmux[0][4][0]$b$4612 [30] 2'10 $memory$auto$proc_rom.cc:155:do_switch$436$rdmux[0][4][0]$b$4612 [30] $memory$auto$proc_rom.cc:155:do_switch$436$rdmux[0][4][0]$b$4612 [28] $memory$auto$proc_rom.cc:155:do_switch$436$rdmux[0][4][0]$b$4612 [28] 2'01 $memory$auto$proc_rom.cc:155:do_switch$436$rdmux[0][4][0]$b$4612 [30] 1'1 $memory$auto$proc_rom.cc:155:do_switch$436$rdmux[0][4][0]$b$4612 [28] 1'0 }, Y={ $memory$auto$proc_rom.cc:155:do_switch$436$rdmux[0][3][2]$a$4593 [23] $memory$auto$proc_rom.cc:155:do_switch$436$rdmux[0][3][2]$a$4593 [29] $memory$auto$proc_rom.cc:155:do_switch$436$rdmux[0][3][2]$a$4593 [18] $memory$auto$proc_rom.cc:155:do_switch$436$rdmux[0][3][2]$a$4593 [15] $memory$auto$proc_rom.cc:155:do_switch$436$rdmux[0][3][2]$a$4593 [31] $memory$auto$proc_rom.cc:155:do_switch$436$rdmux[0][3][2]$a$4593 [13] $memory$auto$proc_rom.cc:155:do_switch$436$rdmux[0][3][2]$a$4593 [22] $memory$auto$proc_rom.cc:155:do_switch$436$rdmux[0][3][2]$a$4593 [16] $memory$auto$proc_rom.cc:155:do_switch$436$rdmux[0][3][2]$a$4593 [21] $memory$auto$proc_rom.cc:155:do_switch$436$rdmux[0][3][2]$a$4593 [6] $memory$auto$proc_rom.cc:155:do_switch$436$rdmux[0][3][2]$a$4593 [3:2] $memory$auto$proc_rom.cc:155:do_switch$436$rdmux[0][3][2]$a$4593 [27] $memory$auto$proc_rom.cc:155:do_switch$436$rdmux[0][3][2]$a$4593 [0] }
      New ports: A={ 4'1101 $memory$auto$proc_rom.cc:155:do_switch$436$rdmux[0][4][0]$b$4612 [28] 1'0 $memory$auto$proc_rom.cc:155:do_switch$436$rdmux[0][4][0]$b$4612 [30] $memory$auto$proc_rom.cc:155:do_switch$436$rdmux[0][4][0]$b$4612 [28] 1'0 $memory$auto$proc_rom.cc:155:do_switch$436$rdmux[0][4][0]$b$4612 [30] $memory$auto$proc_rom.cc:155:do_switch$436$rdmux[0][4][0]$b$4612 [30] $memory$auto$proc_rom.cc:155:do_switch$436$rdmux[0][4][0]$b$4612 [28] }, B={ $memory$auto$proc_rom.cc:155:do_switch$436$rdmux[0][4][0]$b$4612 [28] $memory$auto$proc_rom.cc:155:do_switch$436$rdmux[0][4][0]$b$4612 [30] 2'10 $memory$auto$proc_rom.cc:155:do_switch$436$rdmux[0][4][0]$b$4612 [30] $memory$auto$proc_rom.cc:155:do_switch$436$rdmux[0][4][0]$b$4612 [28] 2'01 $memory$auto$proc_rom.cc:155:do_switch$436$rdmux[0][4][0]$b$4612 [30] 1'1 $memory$auto$proc_rom.cc:155:do_switch$436$rdmux[0][4][0]$b$4612 [28] 1'0 }, Y={ $memory$auto$proc_rom.cc:155:do_switch$436$rdmux[0][3][2]$a$4593 [23] $memory$auto$proc_rom.cc:155:do_switch$436$rdmux[0][3][2]$a$4593 [29] $memory$auto$proc_rom.cc:155:do_switch$436$rdmux[0][3][2]$a$4593 [15] $memory$auto$proc_rom.cc:155:do_switch$436$rdmux[0][3][2]$a$4593 [31] $memory$auto$proc_rom.cc:155:do_switch$436$rdmux[0][3][2]$a$4593 [13] $memory$auto$proc_rom.cc:155:do_switch$436$rdmux[0][3][2]$a$4593 [22:21] $memory$auto$proc_rom.cc:155:do_switch$436$rdmux[0][3][2]$a$4593 [6] $memory$auto$proc_rom.cc:155:do_switch$436$rdmux[0][3][2]$a$4593 [3:2] $memory$auto$proc_rom.cc:155:do_switch$436$rdmux[0][3][2]$a$4593 [27] $memory$auto$proc_rom.cc:155:do_switch$436$rdmux[0][3][2]$a$4593 [0] }
      New connections: { $memory$auto$proc_rom.cc:155:do_switch$436$rdmux[0][3][2]$a$4593 [18] $memory$auto$proc_rom.cc:155:do_switch$436$rdmux[0][3][2]$a$4593 [16] } = { $memory$auto$proc_rom.cc:155:do_switch$436$rdmux[0][4][0]$b$4612 [30] $memory$auto$proc_rom.cc:155:do_switch$436$rdmux[0][4][0]$b$4612 [28] }
    Consolidated identical input bits for $mux cell $memory$auto$proc_rom.cc:155:do_switch$436$rdmux[0][4][6]$4628:
      Old ports: A={ 1'1 $memory$auto$proc_rom.cc:155:do_switch$436$rdmux[0][4][0]$a$4611 [25] 2'10 $memory$auto$proc_rom.cc:155:do_switch$436$rdmux[0][4][0]$a$4611 [29] $memory$auto$proc_rom.cc:155:do_switch$436$rdmux[0][4][0]$a$4611 [25] 1'0 $memory$auto$proc_rom.cc:155:do_switch$436$rdmux[0][4][0]$a$4611 [29] $memory$auto$proc_rom.cc:155:do_switch$436$rdmux[0][4][0]$a$4611 [25] $memory$auto$proc_rom.cc:155:do_switch$436$rdmux[0][4][0]$a$4611 [29] $memory$auto$proc_rom.cc:155:do_switch$436$rdmux[0][4][0]$a$4611 [25] $memory$auto$proc_rom.cc:155:do_switch$436$rdmux[0][4][0]$a$4611 [29] }, B={ 1'0 $memory$auto$proc_rom.cc:155:do_switch$436$rdmux[0][4][0]$a$4611 [25] $memory$auto$proc_rom.cc:155:do_switch$436$rdmux[0][4][0]$a$4611 [29] $memory$auto$proc_rom.cc:155:do_switch$436$rdmux[0][4][0]$a$4611 [29] 5'11100 $memory$auto$proc_rom.cc:155:do_switch$436$rdmux[0][4][0]$a$4611 [25] $memory$auto$proc_rom.cc:155:do_switch$436$rdmux[0][4][0]$a$4611 [29] $memory$auto$proc_rom.cc:155:do_switch$436$rdmux[0][4][0]$a$4611 [29] }, Y={ $memory$auto$proc_rom.cc:155:do_switch$436$rdmux[0][3][3]$a$4596 [21] $memory$auto$proc_rom.cc:155:do_switch$436$rdmux[0][3][3]$a$4596 [17] $memory$auto$proc_rom.cc:155:do_switch$436$rdmux[0][3][3]$a$4596 [27:26] $memory$auto$proc_rom.cc:155:do_switch$436$rdmux[0][3][3]$a$4596 [29:28] $memory$auto$proc_rom.cc:155:do_switch$436$rdmux[0][3][3]$a$4596 [13] $memory$auto$proc_rom.cc:155:do_switch$436$rdmux[0][3][3]$a$4596 [15] $memory$auto$proc_rom.cc:155:do_switch$436$rdmux[0][3][3]$a$4596 [18] $memory$auto$proc_rom.cc:155:do_switch$436$rdmux[0][3][3]$a$4596 [3] $memory$auto$proc_rom.cc:155:do_switch$436$rdmux[0][3][3]$a$4596 [19] $memory$auto$proc_rom.cc:155:do_switch$436$rdmux[0][3][3]$a$4596 [2] }
      New ports: A={ 3'110 $memory$auto$proc_rom.cc:155:do_switch$436$rdmux[0][4][0]$a$4611 [29] $memory$auto$proc_rom.cc:155:do_switch$436$rdmux[0][4][0]$a$4611 [25] 1'0 $memory$auto$proc_rom.cc:155:do_switch$436$rdmux[0][4][0]$a$4611 [29] $memory$auto$proc_rom.cc:155:do_switch$436$rdmux[0][4][0]$a$4611 [25] $memory$auto$proc_rom.cc:155:do_switch$436$rdmux[0][4][0]$a$4611 [29] $memory$auto$proc_rom.cc:155:do_switch$436$rdmux[0][4][0]$a$4611 [25] }, B={ 1'0 $memory$auto$proc_rom.cc:155:do_switch$436$rdmux[0][4][0]$a$4611 [29] $memory$auto$proc_rom.cc:155:do_switch$436$rdmux[0][4][0]$a$4611 [29] 5'11100 $memory$auto$proc_rom.cc:155:do_switch$436$rdmux[0][4][0]$a$4611 [25] $memory$auto$proc_rom.cc:155:do_switch$436$rdmux[0][4][0]$a$4611 [29] }, Y={ $memory$auto$proc_rom.cc:155:do_switch$436$rdmux[0][3][3]$a$4596 [21] $memory$auto$proc_rom.cc:155:do_switch$436$rdmux[0][3][3]$a$4596 [27:26] $memory$auto$proc_rom.cc:155:do_switch$436$rdmux[0][3][3]$a$4596 [29:28] $memory$auto$proc_rom.cc:155:do_switch$436$rdmux[0][3][3]$a$4596 [13] $memory$auto$proc_rom.cc:155:do_switch$436$rdmux[0][3][3]$a$4596 [15] $memory$auto$proc_rom.cc:155:do_switch$436$rdmux[0][3][3]$a$4596 [18] $memory$auto$proc_rom.cc:155:do_switch$436$rdmux[0][3][3]$a$4596 [3] $memory$auto$proc_rom.cc:155:do_switch$436$rdmux[0][3][3]$a$4596 [19] }
      New connections: { $memory$auto$proc_rom.cc:155:do_switch$436$rdmux[0][3][3]$a$4596 [17] $memory$auto$proc_rom.cc:155:do_switch$436$rdmux[0][3][3]$a$4596 [2] } = { $memory$auto$proc_rom.cc:155:do_switch$436$rdmux[0][4][0]$a$4611 [25] $memory$auto$proc_rom.cc:155:do_switch$436$rdmux[0][4][0]$a$4611 [29] }
    Consolidated identical input bits for $mux cell $memory$auto$proc_rom.cc:155:do_switch$436$rdmux[0][4][7]$4631:
      Old ports: A={ 2'11 $memory$auto$proc_rom.cc:155:do_switch$436$rdmux[0][4][0]$a$4611 [29] 2'00 $memory$auto$proc_rom.cc:155:do_switch$436$rdmux[0][4][0]$a$4611 [29] $memory$auto$proc_rom.cc:155:do_switch$436$rdmux[0][4][0]$a$4611 [25] $memory$auto$proc_rom.cc:155:do_switch$436$rdmux[0][4][0]$a$4611 [25] $memory$auto$proc_rom.cc:155:do_switch$436$rdmux[0][4][0]$a$4611 [25] $memory$auto$proc_rom.cc:155:do_switch$436$rdmux[0][4][0]$a$4611 [29] 1'1 }, B={ 1'0 $memory$auto$proc_rom.cc:155:do_switch$436$rdmux[0][4][0]$a$4611 [25] $memory$auto$proc_rom.cc:155:do_switch$436$rdmux[0][4][0]$a$4611 [25] $memory$auto$proc_rom.cc:155:do_switch$436$rdmux[0][4][0]$a$4611 [25] 3'100 $memory$auto$proc_rom.cc:155:do_switch$436$rdmux[0][4][0]$a$4611 [29] $memory$auto$proc_rom.cc:155:do_switch$436$rdmux[0][4][0]$a$4611 [25] $memory$auto$proc_rom.cc:155:do_switch$436$rdmux[0][4][0]$a$4611 [29] $memory$auto$proc_rom.cc:155:do_switch$436$rdmux[0][4][0]$a$4611 [29] }, Y={ $memory$auto$proc_rom.cc:155:do_switch$436$rdmux[0][3][3]$b$4597 [31] $memory$auto$proc_rom.cc:155:do_switch$436$rdmux[0][3][3]$b$4597 [23] $memory$auto$proc_rom.cc:155:do_switch$436$rdmux[0][3][3]$b$4597 [17] $memory$auto$proc_rom.cc:155:do_switch$436$rdmux[0][3][3]$b$4597 [14] $memory$auto$proc_rom.cc:155:do_switch$436$rdmux[0][3][3]$b$4597 [19] $memory$auto$proc_rom.cc:155:do_switch$436$rdmux[0][3][3]$b$4597 [24] $memory$auto$proc_rom.cc:155:do_switch$436$rdmux[0][3][3]$b$4597 [7] $memory$auto$proc_rom.cc:155:do_switch$436$rdmux[0][3][3]$b$4597 [11] $memory$auto$proc_rom.cc:155:do_switch$436$rdmux[0][3][3]$b$4597 [25] $memory$auto$proc_rom.cc:155:do_switch$436$rdmux[0][3][3]$b$4597 [28] $memory$auto$proc_rom.cc:155:do_switch$436$rdmux[0][3][3]$b$4597 [21] }
      New ports: A={ 2'11 $memory$auto$proc_rom.cc:155:do_switch$436$rdmux[0][4][0]$a$4611 [29] 2'00 $memory$auto$proc_rom.cc:155:do_switch$436$rdmux[0][4][0]$a$4611 [29] $memory$auto$proc_rom.cc:155:do_switch$436$rdmux[0][4][0]$a$4611 [25] $memory$auto$proc_rom.cc:155:do_switch$436$rdmux[0][4][0]$a$4611 [25] 1'1 }, B={ 1'0 $memory$auto$proc_rom.cc:155:do_switch$436$rdmux[0][4][0]$a$4611 [25] $memory$auto$proc_rom.cc:155:do_switch$436$rdmux[0][4][0]$a$4611 [25] $memory$auto$proc_rom.cc:155:do_switch$436$rdmux[0][4][0]$a$4611 [25] 3'100 $memory$auto$proc_rom.cc:155:do_switch$436$rdmux[0][4][0]$a$4611 [29] $memory$auto$proc_rom.cc:155:do_switch$436$rdmux[0][4][0]$a$4611 [29] }, Y={ $memory$auto$proc_rom.cc:155:do_switch$436$rdmux[0][3][3]$b$4597 [31] $memory$auto$proc_rom.cc:155:do_switch$436$rdmux[0][3][3]$b$4597 [23] $memory$auto$proc_rom.cc:155:do_switch$436$rdmux[0][3][3]$b$4597 [17] $memory$auto$proc_rom.cc:155:do_switch$436$rdmux[0][3][3]$b$4597 [14] $memory$auto$proc_rom.cc:155:do_switch$436$rdmux[0][3][3]$b$4597 [19] $memory$auto$proc_rom.cc:155:do_switch$436$rdmux[0][3][3]$b$4597 [24] $memory$auto$proc_rom.cc:155:do_switch$436$rdmux[0][3][3]$b$4597 [7] $memory$auto$proc_rom.cc:155:do_switch$436$rdmux[0][3][3]$b$4597 [11] $memory$auto$proc_rom.cc:155:do_switch$436$rdmux[0][3][3]$b$4597 [21] }
      New connections: { $memory$auto$proc_rom.cc:155:do_switch$436$rdmux[0][3][3]$b$4597 [25] $memory$auto$proc_rom.cc:155:do_switch$436$rdmux[0][3][3]$b$4597 [28] } = { $memory$auto$proc_rom.cc:155:do_switch$436$rdmux[0][4][0]$a$4611 [25] $memory$auto$proc_rom.cc:155:do_switch$436$rdmux[0][4][0]$a$4611 [29] }
    Consolidated identical input bits for $mux cell $memory$auto$proc_rom.cc:155:do_switch$436$rdmux[0][4][9]$4637:
      Old ports: A={ 2'00 $memory$auto$proc_rom.cc:155:do_switch$436$rdmux[0][4][0]$a$4611 [25] $memory$auto$proc_rom.cc:155:do_switch$436$rdmux[0][4][0]$a$4611 [29] 1'0 $memory$auto$proc_rom.cc:155:do_switch$436$rdmux[0][4][0]$a$4611 [25] $memory$auto$proc_rom.cc:155:do_switch$436$rdmux[0][4][0]$a$4611 [25] 1'1 $memory$auto$proc_rom.cc:155:do_switch$436$rdmux[0][4][0]$a$4611 [25] $memory$auto$proc_rom.cc:155:do_switch$436$rdmux[0][4][0]$a$4611 [29] $memory$auto$proc_rom.cc:155:do_switch$436$rdmux[0][4][0]$a$4611 [29] }, B={ 1'1 $memory$auto$proc_rom.cc:155:do_switch$436$rdmux[0][4][0]$a$4611 [25] $memory$auto$proc_rom.cc:155:do_switch$436$rdmux[0][4][0]$a$4611 [29] 1'1 $memory$auto$proc_rom.cc:155:do_switch$436$rdmux[0][4][0]$a$4611 [29] $memory$auto$proc_rom.cc:155:do_switch$436$rdmux[0][4][0]$a$4611 [25] 3'001 $memory$auto$proc_rom.cc:155:do_switch$436$rdmux[0][4][0]$a$4611 [25] $memory$auto$proc_rom.cc:155:do_switch$436$rdmux[0][4][0]$a$4611 [29] }, Y={ $memory$auto$proc_rom.cc:155:do_switch$436$rdmux[0][3][4]$b$4600 [31] $memory$auto$proc_rom.cc:155:do_switch$436$rdmux[0][3][4]$b$4600 [23] $memory$auto$proc_rom.cc:155:do_switch$436$rdmux[0][3][4]$b$4600 [13] $memory$auto$proc_rom.cc:155:do_switch$436$rdmux[0][3][4]$b$4600 [22] $memory$auto$proc_rom.cc:155:do_switch$436$rdmux[0][3][4]$b$4600 [20] $memory$auto$proc_rom.cc:155:do_switch$436$rdmux[0][3][4]$b$4600 [24] $memory$auto$proc_rom.cc:155:do_switch$436$rdmux[0][3][4]$b$4600 [12] $memory$auto$proc_rom.cc:155:do_switch$436$rdmux[0][3][4]$b$4600 [30] $memory$auto$proc_rom.cc:155:do_switch$436$rdmux[0][3][4]$b$4600 [2] $memory$auto$proc_rom.cc:155:do_switch$436$rdmux[0][3][4]$b$4600 [5] $memory$auto$proc_rom.cc:155:do_switch$436$rdmux[0][3][4]$b$4600 [28] }
      New ports: A={ 2'00 $memory$auto$proc_rom.cc:155:do_switch$436$rdmux[0][4][0]$a$4611 [25] $memory$auto$proc_rom.cc:155:do_switch$436$rdmux[0][4][0]$a$4611 [29] 1'0 $memory$auto$proc_rom.cc:155:do_switch$436$rdmux[0][4][0]$a$4611 [25] 1'1 $memory$auto$proc_rom.cc:155:do_switch$436$rdmux[0][4][0]$a$4611 [25] $memory$auto$proc_rom.cc:155:do_switch$436$rdmux[0][4][0]$a$4611 [29] }, B={ 1'1 $memory$auto$proc_rom.cc:155:do_switch$436$rdmux[0][4][0]$a$4611 [25] $memory$auto$proc_rom.cc:155:do_switch$436$rdmux[0][4][0]$a$4611 [29] 1'1 $memory$auto$proc_rom.cc:155:do_switch$436$rdmux[0][4][0]$a$4611 [29] 3'001 $memory$auto$proc_rom.cc:155:do_switch$436$rdmux[0][4][0]$a$4611 [25] }, Y={ $memory$auto$proc_rom.cc:155:do_switch$436$rdmux[0][3][4]$b$4600 [31] $memory$auto$proc_rom.cc:155:do_switch$436$rdmux[0][3][4]$b$4600 [23] $memory$auto$proc_rom.cc:155:do_switch$436$rdmux[0][3][4]$b$4600 [13] $memory$auto$proc_rom.cc:155:do_switch$436$rdmux[0][3][4]$b$4600 [22] $memory$auto$proc_rom.cc:155:do_switch$436$rdmux[0][3][4]$b$4600 [20] $memory$auto$proc_rom.cc:155:do_switch$436$rdmux[0][3][4]$b$4600 [12] $memory$auto$proc_rom.cc:155:do_switch$436$rdmux[0][3][4]$b$4600 [30] $memory$auto$proc_rom.cc:155:do_switch$436$rdmux[0][3][4]$b$4600 [2] $memory$auto$proc_rom.cc:155:do_switch$436$rdmux[0][3][4]$b$4600 [5] }
      New connections: { $memory$auto$proc_rom.cc:155:do_switch$436$rdmux[0][3][4]$b$4600 [24] $memory$auto$proc_rom.cc:155:do_switch$436$rdmux[0][3][4]$b$4600 [28] } = { $memory$auto$proc_rom.cc:155:do_switch$436$rdmux[0][4][0]$a$4611 [25] $memory$auto$proc_rom.cc:155:do_switch$436$rdmux[0][4][0]$a$4611 [29] }
  Optimizing cells in module \sha256_tt07.
    Consolidated identical input bits for $mux cell $memory$auto$proc_rom.cc:155:do_switch$436$rdmux[0][3][3]$4595:
      Old ports: A={ 2'10 $memory$auto$proc_rom.cc:155:do_switch$436$rdmux[0][3][3]$a$4596 [28] $memory$auto$proc_rom.cc:155:do_switch$436$rdmux[0][3][3]$a$4596 [26] $memory$auto$proc_rom.cc:155:do_switch$436$rdmux[0][3][3]$a$4596 [26] 1'0 $memory$auto$proc_rom.cc:155:do_switch$436$rdmux[0][3][3]$a$4596 [26] $memory$auto$proc_rom.cc:155:do_switch$436$rdmux[0][3][3]$a$4596 [21] $memory$auto$proc_rom.cc:155:do_switch$436$rdmux[0][3][3]$a$4596 [27] $memory$auto$proc_rom.cc:155:do_switch$436$rdmux[0][3][3]$a$4596 [19:17] $memory$auto$proc_rom.cc:155:do_switch$436$rdmux[0][3][3]$a$4596 [29] $memory$auto$proc_rom.cc:155:do_switch$436$rdmux[0][3][3]$a$4596 [15] $memory$auto$proc_rom.cc:155:do_switch$436$rdmux[0][3][3]$a$4596 [27] $memory$auto$proc_rom.cc:155:do_switch$436$rdmux[0][3][3]$a$4596 [13] $memory$auto$proc_rom.cc:155:do_switch$436$rdmux[0][3][3]$a$4596 [19] $memory$auto$proc_rom.cc:155:do_switch$436$rdmux[0][3][3]$a$4596 [26] $memory$auto$proc_rom.cc:155:do_switch$436$rdmux[0][3][3]$a$4596 [29] $memory$auto$proc_rom.cc:155:do_switch$436$rdmux[0][3][3]$a$4596 [29:28] $memory$auto$proc_rom.cc:155:do_switch$436$rdmux[0][3][3]$a$4596 [13] $memory$auto$proc_rom.cc:155:do_switch$436$rdmux[0][3][3]$a$4596 [15] $memory$auto$proc_rom.cc:155:do_switch$436$rdmux[0][3][3]$a$4596 [18] $memory$auto$proc_rom.cc:155:do_switch$436$rdmux[0][3][3]$a$4596 [3:2] $memory$auto$proc_rom.cc:155:do_switch$436$rdmux[0][3][3]$a$4596 [19] $memory$auto$proc_rom.cc:155:do_switch$436$rdmux[0][3][3]$a$4596 [2] }, B={ $memory$auto$proc_rom.cc:155:do_switch$436$rdmux[0][3][3]$b$4597 [31] $memory$auto$proc_rom.cc:155:do_switch$436$rdmux[0][3][3]$b$4597 [31] $memory$auto$proc_rom.cc:155:do_switch$436$rdmux[0][3][3]$b$4597 [28] 1'1 $memory$auto$proc_rom.cc:155:do_switch$436$rdmux[0][3][3]$b$4597 [24:23] $memory$auto$proc_rom.cc:155:do_switch$436$rdmux[0][3][3]$b$4597 [25] $memory$auto$proc_rom.cc:155:do_switch$436$rdmux[0][3][3]$b$4597 [21] 1'0 $memory$auto$proc_rom.cc:155:do_switch$436$rdmux[0][3][3]$b$4597 [19] $memory$auto$proc_rom.cc:155:do_switch$436$rdmux[0][3][3]$b$4597 [24] $memory$auto$proc_rom.cc:155:do_switch$436$rdmux[0][3][3]$b$4597 [17] $memory$auto$proc_rom.cc:155:do_switch$436$rdmux[0][3][3]$b$4597 [28] $memory$auto$proc_rom.cc:155:do_switch$436$rdmux[0][3][3]$b$4597 [24] $memory$auto$proc_rom.cc:155:do_switch$436$rdmux[0][3][3]$b$4597 [14] $memory$auto$proc_rom.cc:155:do_switch$436$rdmux[0][3][3]$b$4597 [19] $memory$auto$proc_rom.cc:155:do_switch$436$rdmux[0][3][3]$b$4597 [24] $memory$auto$proc_rom.cc:155:do_switch$436$rdmux[0][3][3]$b$4597 [11] 1'0 $memory$auto$proc_rom.cc:155:do_switch$436$rdmux[0][3][3]$b$4597 [25] 1'1 $memory$auto$proc_rom.cc:155:do_switch$436$rdmux[0][3][3]$b$4597 [7] $memory$auto$proc_rom.cc:155:do_switch$436$rdmux[0][3][3]$b$4597 [11] $memory$auto$proc_rom.cc:155:do_switch$436$rdmux[0][3][3]$b$4597 [25] 1'0 $memory$auto$proc_rom.cc:155:do_switch$436$rdmux[0][3][3]$b$4597 [28] $memory$auto$proc_rom.cc:155:do_switch$436$rdmux[0][3][3]$b$4597 [21] 1'1 }, Y={ $memory$auto$proc_rom.cc:155:do_switch$436$rdmux[0][2][1]$b$4579 [31:30] $memory$auto$proc_rom.cc:155:do_switch$436$rdmux[0][2][1]$b$4579 [28] $memory$auto$proc_rom.cc:155:do_switch$436$rdmux[0][2][1]$b$4579 [26] $memory$auto$proc_rom.cc:155:do_switch$436$rdmux[0][2][1]$b$4579 [24:23] $memory$auto$proc_rom.cc:155:do_switch$436$rdmux[0][2][1]$b$4579 [25] $memory$auto$proc_rom.cc:155:do_switch$436$rdmux[0][2][1]$b$4579 [21] $memory$auto$proc_rom.cc:155:do_switch$436$rdmux[0][2][1]$b$4579 [27] $memory$auto$proc_rom.cc:155:do_switch$436$rdmux[0][2][1]$b$4579 [19:11] $memory$auto$proc_rom.cc:155:do_switch$436$rdmux[0][2][1]$b$4579 [29] $memory$auto$proc_rom.cc:155:do_switch$436$rdmux[0][2][1]$b$4579 [9:7] $memory$auto$proc_rom.cc:155:do_switch$436$rdmux[0][2][1]$b$4579 [5:0] }
      New ports: A={ 2'10 $memory$auto$proc_rom.cc:155:do_switch$436$rdmux[0][3][3]$a$4596 [28] $memory$auto$proc_rom.cc:155:do_switch$436$rdmux[0][3][3]$a$4596 [26] $memory$auto$proc_rom.cc:155:do_switch$436$rdmux[0][3][3]$a$4596 [26] 1'0 $memory$auto$proc_rom.cc:155:do_switch$436$rdmux[0][3][3]$a$4596 [26] $memory$auto$proc_rom.cc:155:do_switch$436$rdmux[0][3][3]$a$4596 [21] $memory$auto$proc_rom.cc:155:do_switch$436$rdmux[0][3][3]$a$4596 [27] $memory$auto$proc_rom.cc:155:do_switch$436$rdmux[0][3][3]$a$4596 [19:18] $memory$auto$proc_rom.cc:155:do_switch$436$rdmux[0][4][0]$a$4611 [25] $memory$auto$proc_rom.cc:155:do_switch$436$rdmux[0][3][3]$a$4596 [29] $memory$auto$proc_rom.cc:155:do_switch$436$rdmux[0][3][3]$a$4596 [15] $memory$auto$proc_rom.cc:155:do_switch$436$rdmux[0][3][3]$a$4596 [27] $memory$auto$proc_rom.cc:155:do_switch$436$rdmux[0][3][3]$a$4596 [13] $memory$auto$proc_rom.cc:155:do_switch$436$rdmux[0][3][3]$a$4596 [19] $memory$auto$proc_rom.cc:155:do_switch$436$rdmux[0][3][3]$a$4596 [26] $memory$auto$proc_rom.cc:155:do_switch$436$rdmux[0][3][3]$a$4596 [29] $memory$auto$proc_rom.cc:155:do_switch$436$rdmux[0][3][3]$a$4596 [29:28] $memory$auto$proc_rom.cc:155:do_switch$436$rdmux[0][3][3]$a$4596 [13] $memory$auto$proc_rom.cc:155:do_switch$436$rdmux[0][3][3]$a$4596 [15] $memory$auto$proc_rom.cc:155:do_switch$436$rdmux[0][3][3]$a$4596 [18] $memory$auto$proc_rom.cc:155:do_switch$436$rdmux[0][3][3]$a$4596 [3] $memory$auto$proc_rom.cc:155:do_switch$436$rdmux[0][3][3]$a$4596 [19] $memory$auto$proc_rom.cc:155:do_switch$436$rdmux[0][4][0]$a$4611 [29] }, B={ $memory$auto$proc_rom.cc:155:do_switch$436$rdmux[0][3][3]$b$4597 [31] $memory$auto$proc_rom.cc:155:do_switch$436$rdmux[0][3][3]$b$4597 [31] $memory$auto$proc_rom.cc:155:do_switch$436$rdmux[0][4][0]$a$4611 [29] 1'1 $memory$auto$proc_rom.cc:155:do_switch$436$rdmux[0][3][3]$b$4597 [24:23] $memory$auto$proc_rom.cc:155:do_switch$436$rdmux[0][4][0]$a$4611 [25] $memory$auto$proc_rom.cc:155:do_switch$436$rdmux[0][3][3]$b$4597 [21] 1'0 $memory$auto$proc_rom.cc:155:do_switch$436$rdmux[0][3][3]$b$4597 [19] $memory$auto$proc_rom.cc:155:do_switch$436$rdmux[0][3][3]$b$4597 [24] $memory$auto$proc_rom.cc:155:do_switch$436$rdmux[0][3][3]$b$4597 [17] $memory$auto$proc_rom.cc:155:do_switch$436$rdmux[0][4][0]$a$4611 [29] $memory$auto$proc_rom.cc:155:do_switch$436$rdmux[0][3][3]$b$4597 [24] $memory$auto$proc_rom.cc:155:do_switch$436$rdmux[0][3][3]$b$4597 [14] $memory$auto$proc_rom.cc:155:do_switch$436$rdmux[0][3][3]$b$4597 [19] $memory$auto$proc_rom.cc:155:do_switch$436$rdmux[0][3][3]$b$4597 [24] $memory$auto$proc_rom.cc:155:do_switch$436$rdmux[0][3][3]$b$4597 [11] 1'0 $memory$auto$proc_rom.cc:155:do_switch$436$rdmux[0][4][0]$a$4611 [25] 1'1 $memory$auto$proc_rom.cc:155:do_switch$436$rdmux[0][3][3]$b$4597 [7] $memory$auto$proc_rom.cc:155:do_switch$436$rdmux[0][3][3]$b$4597 [11] $memory$auto$proc_rom.cc:155:do_switch$436$rdmux[0][4][0]$a$4611 [25] 1'0 $memory$auto$proc_rom.cc:155:do_switch$436$rdmux[0][3][3]$b$4597 [21] 1'1 }, Y={ $memory$auto$proc_rom.cc:155:do_switch$436$rdmux[0][2][1]$b$4579 [31:30] $memory$auto$proc_rom.cc:155:do_switch$436$rdmux[0][2][1]$b$4579 [28] $memory$auto$proc_rom.cc:155:do_switch$436$rdmux[0][2][1]$b$4579 [26] $memory$auto$proc_rom.cc:155:do_switch$436$rdmux[0][2][1]$b$4579 [24:23] $memory$auto$proc_rom.cc:155:do_switch$436$rdmux[0][2][1]$b$4579 [25] $memory$auto$proc_rom.cc:155:do_switch$436$rdmux[0][2][1]$b$4579 [21] $memory$auto$proc_rom.cc:155:do_switch$436$rdmux[0][2][1]$b$4579 [27] $memory$auto$proc_rom.cc:155:do_switch$436$rdmux[0][2][1]$b$4579 [19:11] $memory$auto$proc_rom.cc:155:do_switch$436$rdmux[0][2][1]$b$4579 [29] $memory$auto$proc_rom.cc:155:do_switch$436$rdmux[0][2][1]$b$4579 [9:7] $memory$auto$proc_rom.cc:155:do_switch$436$rdmux[0][2][1]$b$4579 [5:3] $memory$auto$proc_rom.cc:155:do_switch$436$rdmux[0][2][1]$b$4579 [1:0] }
      New connections: $memory$auto$proc_rom.cc:155:do_switch$436$rdmux[0][2][1]$b$4579 [2] = $memory$auto$proc_rom.cc:155:do_switch$436$rdmux[0][4][0]$a$4611 [29]
  Optimizing cells in module \sha256_tt07.
  Optimizing cells in module \tt_um_xeniarose_sha256.
Performed a total of 9 changes.

8.41.13. Executing OPT_MERGE pass (detect identical cells).
Finding identical cells in module `$paramod$7ad91cb4a00e7f80cf930fd17c51f82b06b63f61\uart'.
Finding identical cells in module `$paramod\hmac_sha256\MSG_BITS=s32'00000000000000000000000011100000'.
Finding identical cells in module `\auth_chip_top'.
Finding identical cells in module `\protocol'.
Finding identical cells in module `\secure_store'.
Finding identical cells in module `\sha256_tt07'.
Finding identical cells in module `\tt_um_xeniarose_sha256'.
Removed a total of 0 cells.

8.41.14. Executing OPT_SHARE pass.

8.41.15. Executing OPT_DFF pass (perform DFF optimizations).
Setting constant 0-bit at position 3 on $auto$ff.cc:266:slice$2978 ($adffe) from module protocol.
Setting constant 0-bit at position 4 on $auto$ff.cc:266:slice$2978 ($adffe) from module protocol.
Setting constant 0-bit at position 0 on $auto$ff.cc:266:slice$3005 ($adffe) from module protocol.
Setting constant 0-bit at position 1 on $auto$ff.cc:266:slice$3005 ($adffe) from module protocol.
Setting constant 0-bit at position 2 on $auto$ff.cc:266:slice$3005 ($adffe) from module protocol.

8.41.16. Executing OPT_CLEAN pass (remove unused cells and wires).
Finding unused cells or wires in module $paramod$7ad91cb4a00e7f80cf930fd17c51f82b06b63f61\uart..
Finding unused cells or wires in module $paramod\hmac_sha256\MSG_BITS=s32'00000000000000000000000011100000..
Finding unused cells or wires in module \auth_chip_top..
Finding unused cells or wires in module \protocol..
Finding unused cells or wires in module \secure_store..
Finding unused cells or wires in module \sha256_tt07..
Finding unused cells or wires in module \tt_um_xeniarose_sha256..
Removed 0 unused cells and 7 unused wires.
<suppressed ~2 debug messages>

8.41.17. Executing OPT_EXPR pass (perform const folding).
Optimizing module $paramod$7ad91cb4a00e7f80cf930fd17c51f82b06b63f61\uart.
Optimizing module $paramod\hmac_sha256\MSG_BITS=s32'00000000000000000000000011100000.
Optimizing module auth_chip_top.
Optimizing module protocol.
Optimizing module secure_store.
Optimizing module sha256_tt07.
Optimizing module tt_um_xeniarose_sha256.

8.41.18. Rerunning OPT passes. (Maybe there is more to do..)

8.41.19. Executing OPT_MUXTREE pass (detect dead branches in mux trees).
Running muxtree optimizer on module $paramod$7ad91cb4a00e7f80cf930fd17c51f82b06b63f61\uart..
  Creating internal representation of mux trees.
  Evaluating internal representation of mux trees.
  Analyzing evaluation results.
Running muxtree optimizer on module $paramod\hmac_sha256\MSG_BITS=s32'00000000000000000000000011100000..
  Creating internal representation of mux trees.
  Evaluating internal representation of mux trees.
  Analyzing evaluation results.
Running muxtree optimizer on module \auth_chip_top..
  Creating internal representation of mux trees.
  No muxes found in this module.
Running muxtree optimizer on module \protocol..
  Creating internal representation of mux trees.
  Evaluating internal representation of mux trees.
  Analyzing evaluation results.
Running muxtree optimizer on module \secure_store..
  Creating internal representation of mux trees.
  Evaluating internal representation of mux trees.
  Analyzing evaluation results.
Running muxtree optimizer on module \sha256_tt07..
  Creating internal representation of mux trees.
  Evaluating internal representation of mux trees.
  Analyzing evaluation results.
Running muxtree optimizer on module \tt_um_xeniarose_sha256..
  Creating internal representation of mux trees.
  Evaluating internal representation of mux trees.
  Analyzing evaluation results.
Removed 0 multiplexer ports.
<suppressed ~65 debug messages>

8.41.20. Executing OPT_REDUCE pass (consolidate $*mux and $reduce_* inputs).
  Optimizing cells in module $paramod$7ad91cb4a00e7f80cf930fd17c51f82b06b63f61\uart.
  Optimizing cells in module $paramod\hmac_sha256\MSG_BITS=s32'00000000000000000000000011100000.
  Optimizing cells in module \auth_chip_top.
  Optimizing cells in module \protocol.
  Optimizing cells in module \secure_store.
  Optimizing cells in module \sha256_tt07.
  Optimizing cells in module \tt_um_xeniarose_sha256.
Performed a total of 0 changes.

8.41.21. Executing OPT_MERGE pass (detect identical cells).
Finding identical cells in module `$paramod$7ad91cb4a00e7f80cf930fd17c51f82b06b63f61\uart'.
Finding identical cells in module `$paramod\hmac_sha256\MSG_BITS=s32'00000000000000000000000011100000'.
Finding identical cells in module `\auth_chip_top'.
Finding identical cells in module `\protocol'.
Finding identical cells in module `\secure_store'.
Finding identical cells in module `\sha256_tt07'.
Finding identical cells in module `\tt_um_xeniarose_sha256'.
Removed a total of 0 cells.

8.41.22. Executing OPT_SHARE pass.

8.41.23. Executing OPT_DFF pass (perform DFF optimizations).

8.41.24. Executing OPT_CLEAN pass (remove unused cells and wires).
Finding unused cells or wires in module $paramod$7ad91cb4a00e7f80cf930fd17c51f82b06b63f61\uart..
Finding unused cells or wires in module $paramod\hmac_sha256\MSG_BITS=s32'00000000000000000000000011100000..
Finding unused cells or wires in module \auth_chip_top..
Finding unused cells or wires in module \protocol..
Finding unused cells or wires in module \secure_store..
Finding unused cells or wires in module \sha256_tt07..
Finding unused cells or wires in module \tt_um_xeniarose_sha256..

8.41.25. Executing OPT_EXPR pass (perform const folding).
Optimizing module $paramod$7ad91cb4a00e7f80cf930fd17c51f82b06b63f61\uart.
Optimizing module $paramod\hmac_sha256\MSG_BITS=s32'00000000000000000000000011100000.
Optimizing module auth_chip_top.
Optimizing module protocol.
Optimizing module secure_store.
Optimizing module sha256_tt07.
Optimizing module tt_um_xeniarose_sha256.

8.41.26. Finished OPT passes. (There is nothing left to do.)

8.42. Executing TECHMAP pass (map to technology primitives).

8.42.1. Executing Verilog-2005 frontend: /usr/bin/../share/yosys/techmap.v
Parsing Verilog input from `/usr/bin/../share/yosys/techmap.v' to AST representation.
Generating RTLIL representation for module `\_90_simplemap_bool_ops'.
Generating RTLIL representation for module `\_90_simplemap_reduce_ops'.
Generating RTLIL representation for module `\_90_simplemap_logic_ops'.
Generating RTLIL representation for module `\_90_simplemap_compare_ops'.
Generating RTLIL representation for module `\_90_simplemap_various'.
Generating RTLIL representation for module `\_90_simplemap_registers'.
Generating RTLIL representation for module `\_90_shift_ops_shr_shl_sshl_sshr'.
Generating RTLIL representation for module `\_90_shift_shiftx'.
Generating RTLIL representation for module `\_90_fa'.
Generating RTLIL representation for module `\_90_lcu_brent_kung'.
Generating RTLIL representation for module `\_90_alu'.
Generating RTLIL representation for module `\_90_macc'.
Generating RTLIL representation for module `\_90_alumacc'.
Generating RTLIL representation for module `\$__div_mod_u'.
Generating RTLIL representation for module `\$__div_mod_trunc'.
Generating RTLIL representation for module `\_90_div'.
Generating RTLIL representation for module `\_90_mod'.
Generating RTLIL representation for module `\$__div_mod_floor'.
Generating RTLIL representation for module `\_90_divfloor'.
Generating RTLIL representation for module `\_90_modfloor'.
Generating RTLIL representation for module `\_90_pow'.
Generating RTLIL representation for module `\_90_pmux'.
Generating RTLIL representation for module `\_90_demux'.
Generating RTLIL representation for module `\_90_lut'.
Successfully finished Verilog frontend.

8.42.2. Continuing TECHMAP pass.
Using extmapper simplemap for cells of type $adffe.
Using extmapper simplemap for cells of type $reduce_and.
Using extmapper simplemap for cells of type $ne.
Using template $paramod$80834bdd89ff0e27a02312429a7cc3a2e63489a8\_90_pmux for cells of type $pmux.
Using extmapper maccmap for cells of type $macc_v2.
  add \temp1 (32 bits, unsigned)
  add \s0 (32 bits, unsigned)
  add \maj (32 bits, unsigned)
Using extmapper simplemap for cells of type $xor.
Using extmapper simplemap for cells of type $and.
Using extmapper simplemap for cells of type $not.
  add \register_file[7] (32 bits, unsigned)
  add \register_file[8] (32 bits, unsigned)
  add \register_file[9] (32 bits, unsigned)
  add \ch (32 bits, unsigned)
  add \s1 (32 bits, unsigned)
Using extmapper simplemap for cells of type $reduce_bool.
Using extmapper simplemap for cells of type $mux.
Using extmapper simplemap for cells of type $eq.
Using extmapper simplemap for cells of type $logic_not.
Using template $paramod$645fe0cc96ae5edb83bff90cc2c78f4a20ca3e3c\_90_pmux for cells of type $pmux.
Using extmapper simplemap for cells of type $adff.
Using template $paramod\_90_fa\WIDTH=32'00000000000000000000000000100000 for cells of type $fa.
Using template $paramod$fbc7873bff55778c0b3173955b7e4bce1d9d6834\_90_alu for cells of type $alu.
Using extmapper simplemap for cells of type $reduce_or.
Using extmapper simplemap for cells of type $pos.
Using template $paramod\_90_lcu_brent_kung\WIDTH=32'00000000000000000000000000100000 for cells of type $lcu.
Using extmapper simplemap for cells of type $or.
  add \sig1 (32 bits, unsigned)
  add \w_reg [511:480] (32 bits, unsigned)
  add \sig0 (32 bits, unsigned)
  add \w_reg [223:192] (32 bits, unsigned)
Using template $paramod$constmap:d52fb5c79053939d5dc2a6fa996717194549edb4$paramod$958f67b8481f0085798c73d1b2b5ba0ce4c14c1f\_90_shift_shiftx for cells of type $shiftx.
Using template $paramod$constmap:37b3cc4e06391b7a7ef418215dc52e2abb59f048$paramod$282e2f6c0b1116d84b8f8102ddacd7ff760b6794\_90_shift_shiftx for cells of type $shiftx.
Using extmapper simplemap for cells of type $logic_or.
Using template $paramod$76bf48adb8567bf73eb724672ae70a839126c8ce\_90_pmux for cells of type $pmux.
Using template $paramod$f3115659d5e2977ebd2cb01ff3557fc5f6187689\_90_pmux for cells of type $pmux.
Using template $paramod$d31bf4d7d72e59528d18fbd4f322e9d608532043\_90_pmux for cells of type $pmux.
Using template $paramod$fc16b9f758000d363d24f130038bd99b46b4fa1b\_90_pmux for cells of type $pmux.
Using template $paramod$c15e84c77f007506123baf6c4be45847f0e33a3b\_90_pmux for cells of type $pmux.
Using template $paramod$c5c783b17ab1d780abfad8cfe6563a0a7b47a3b0\_90_pmux for cells of type $pmux.
Using extmapper simplemap for cells of type $logic_and.
Using template $paramod$constmap:81fecb73be9fd0a3d39c28a4ec40f297ac2840bc$paramod$f88b2605e07be3b3c49e9fe590d4b519744ccaed\_90_shift_shiftx for cells of type $shiftx.
Using template $paramod$constmap:864ced709b5059ed0ddaf7e04c976933e66dd8b8$paramod$e92b1e5bb3868637f8bb9b3fdadcb025195e6634\_90_shift_shiftx for cells of type $shiftx.
Using template $paramod$constmap:d585e0bb1859d54627dc2b62176c62fe51b3cf12$paramod$4954907b5d5483e397bc2553ce8602986ec05cfb\_90_shift_shiftx for cells of type $shiftx.
Using extmapper simplemap for cells of type $lut.
Using template $paramod$85df5dc01c7df96a7d8e5f1fdf76ce9ac452af63\_90_pmux for cells of type $pmux.
Using template $paramod$c2e415ef15bc3ccd2723772353a6b450d3d76206\_90_pmux for cells of type $pmux.
Using template $paramod$97565c3687be688407d1272a293bd9d0ae6852dc\_90_pmux for cells of type $pmux.
Using template $paramod$9d512d265bed36def9398e3c378911b7c4cac207\_90_pmux for cells of type $pmux.
Using template $paramod$constmap:9283f8a7baae3226588641b8e2086c938e2925e6$paramod$cd45c44bfe0636d171a7fa9db3f3386ff6b6e92b\_90_shift_shiftx for cells of type $shiftx.
Using template $paramod$0d149ffe75563ef6fcc1a3dddc59d00af28651a7\_90_pmux for cells of type $pmux.
No more expansions possible.
<suppressed ~3411 debug messages>

8.43. Executing DFFLEGALIZE pass (convert FFs to types supported by the target).

8.44. Executing TECHMAP pass (map to technology primitives).

8.44.1. Executing Verilog-2005 frontend: /usr/bin/../share/yosys/intel_alm/common/dff_map.v
Parsing Verilog input from `/usr/bin/../share/yosys/intel_alm/common/dff_map.v' to AST representation.
Generating RTLIL representation for module `\$_DFFE_PN0P_'.
Generating RTLIL representation for module `\$_SDFFCE_PP0P_'.
Successfully finished Verilog frontend.

8.44.2. Continuing TECHMAP pass.
Using template \$_DFFE_PN0P_ for cells of type $_DFFE_PN0P_.
No more expansions possible.
<suppressed ~2546 debug messages>

8.45. Executing OPT pass (performing simple optimizations).

8.45.1. Executing OPT_EXPR pass (perform const folding).
Optimizing module $paramod$7ad91cb4a00e7f80cf930fd17c51f82b06b63f61\uart.
<suppressed ~284 debug messages>
Optimizing module $paramod\hmac_sha256\MSG_BITS=s32'00000000000000000000000011100000.
<suppressed ~654 debug messages>
Optimizing module auth_chip_top.
Optimizing module protocol.
<suppressed ~4522 debug messages>
Optimizing module secure_store.
<suppressed ~294 debug messages>
Optimizing module sha256_tt07.
<suppressed ~4512 debug messages>
Optimizing module tt_um_xeniarose_sha256.
<suppressed ~539 debug messages>

8.45.2. Executing OPT_MERGE pass (detect identical cells).
Finding identical cells in module `$paramod$7ad91cb4a00e7f80cf930fd17c51f82b06b63f61\uart'.
<suppressed ~48 debug messages>
Finding identical cells in module `$paramod\hmac_sha256\MSG_BITS=s32'00000000000000000000000011100000'.
<suppressed ~219 debug messages>
Finding identical cells in module `\auth_chip_top'.
Finding identical cells in module `\protocol'.
<suppressed ~3750 debug messages>
Finding identical cells in module `\secure_store'.
Finding identical cells in module `\sha256_tt07'.
<suppressed ~738 debug messages>
Finding identical cells in module `\tt_um_xeniarose_sha256'.
<suppressed ~258 debug messages>
Removed a total of 1671 cells.

8.45.3. Executing OPT_MUXTREE pass (detect dead branches in mux trees).
Running muxtree optimizer on module $paramod$7ad91cb4a00e7f80cf930fd17c51f82b06b63f61\uart..
  Creating internal representation of mux trees.
  No muxes found in this module.
Running muxtree optimizer on module $paramod\hmac_sha256\MSG_BITS=s32'00000000000000000000000011100000..
  Creating internal representation of mux trees.
  No muxes found in this module.
Running muxtree optimizer on module \auth_chip_top..
  Creating internal representation of mux trees.
  No muxes found in this module.
Running muxtree optimizer on module \protocol..
  Creating internal representation of mux trees.
  No muxes found in this module.
Running muxtree optimizer on module \secure_store..
  Creating internal representation of mux trees.
  No muxes found in this module.
Running muxtree optimizer on module \sha256_tt07..
  Creating internal representation of mux trees.
  No muxes found in this module.
Running muxtree optimizer on module \tt_um_xeniarose_sha256..
  Creating internal representation of mux trees.
  No muxes found in this module.
Removed 0 multiplexer ports.

8.45.4. Executing OPT_REDUCE pass (consolidate $*mux and $reduce_* inputs).
  Optimizing cells in module $paramod$7ad91cb4a00e7f80cf930fd17c51f82b06b63f61\uart.
  Optimizing cells in module $paramod\hmac_sha256\MSG_BITS=s32'00000000000000000000000011100000.
  Optimizing cells in module \auth_chip_top.
  Optimizing cells in module \protocol.
  Optimizing cells in module \secure_store.
  Optimizing cells in module \sha256_tt07.
  Optimizing cells in module \tt_um_xeniarose_sha256.
Performed a total of 0 changes.

8.45.5. Executing OPT_MERGE pass (detect identical cells).
Finding identical cells in module `$paramod$7ad91cb4a00e7f80cf930fd17c51f82b06b63f61\uart'.
Finding identical cells in module `$paramod\hmac_sha256\MSG_BITS=s32'00000000000000000000000011100000'.
Finding identical cells in module `\auth_chip_top'.
Finding identical cells in module `\protocol'.
Finding identical cells in module `\secure_store'.
Finding identical cells in module `\sha256_tt07'.
Finding identical cells in module `\tt_um_xeniarose_sha256'.
Removed a total of 0 cells.

8.45.6. Executing OPT_SHARE pass.

8.45.7. Executing OPT_DFF pass (perform DFF optimizations).

8.45.8. Executing OPT_CLEAN pass (remove unused cells and wires).
Finding unused cells or wires in module $paramod$7ad91cb4a00e7f80cf930fd17c51f82b06b63f61\uart..
Finding unused cells or wires in module $paramod\hmac_sha256\MSG_BITS=s32'00000000000000000000000011100000..
Finding unused cells or wires in module \auth_chip_top..
Finding unused cells or wires in module \protocol..
Finding unused cells or wires in module \secure_store..
Finding unused cells or wires in module \sha256_tt07..
Finding unused cells or wires in module \tt_um_xeniarose_sha256..
Removed 2323 unused cells and 18880 unused wires.
<suppressed ~2332 debug messages>

8.45.9. Executing OPT_EXPR pass (perform const folding).
Optimizing module $paramod$7ad91cb4a00e7f80cf930fd17c51f82b06b63f61\uart.
Optimizing module $paramod\hmac_sha256\MSG_BITS=s32'00000000000000000000000011100000.
Optimizing module auth_chip_top.
Optimizing module protocol.
Optimizing module secure_store.
Optimizing module sha256_tt07.
<suppressed ~9 debug messages>
Optimizing module tt_um_xeniarose_sha256.

8.45.10. Rerunning OPT passes. (Maybe there is more to do..)

8.45.11. Executing OPT_MUXTREE pass (detect dead branches in mux trees).
Running muxtree optimizer on module $paramod$7ad91cb4a00e7f80cf930fd17c51f82b06b63f61\uart..
  Creating internal representation of mux trees.
  No muxes found in this module.
Running muxtree optimizer on module $paramod\hmac_sha256\MSG_BITS=s32'00000000000000000000000011100000..
  Creating internal representation of mux trees.
  No muxes found in this module.
Running muxtree optimizer on module \auth_chip_top..
  Creating internal representation of mux trees.
  No muxes found in this module.
Running muxtree optimizer on module \protocol..
  Creating internal representation of mux trees.
  No muxes found in this module.
Running muxtree optimizer on module \secure_store..
  Creating internal representation of mux trees.
  No muxes found in this module.
Running muxtree optimizer on module \sha256_tt07..
  Creating internal representation of mux trees.
  No muxes found in this module.
Running muxtree optimizer on module \tt_um_xeniarose_sha256..
  Creating internal representation of mux trees.
  No muxes found in this module.
Removed 0 multiplexer ports.

8.45.12. Executing OPT_REDUCE pass (consolidate $*mux and $reduce_* inputs).
  Optimizing cells in module $paramod$7ad91cb4a00e7f80cf930fd17c51f82b06b63f61\uart.
  Optimizing cells in module $paramod\hmac_sha256\MSG_BITS=s32'00000000000000000000000011100000.
  Optimizing cells in module \auth_chip_top.
  Optimizing cells in module \protocol.
  Optimizing cells in module \secure_store.
  Optimizing cells in module \sha256_tt07.
  Optimizing cells in module \tt_um_xeniarose_sha256.
Performed a total of 0 changes.

8.45.13. Executing OPT_MERGE pass (detect identical cells).
Finding identical cells in module `$paramod$7ad91cb4a00e7f80cf930fd17c51f82b06b63f61\uart'.
Finding identical cells in module `$paramod\hmac_sha256\MSG_BITS=s32'00000000000000000000000011100000'.
Finding identical cells in module `\auth_chip_top'.
Finding identical cells in module `\protocol'.
Finding identical cells in module `\secure_store'.
Finding identical cells in module `\sha256_tt07'.
<suppressed ~18 debug messages>
Finding identical cells in module `\tt_um_xeniarose_sha256'.
Removed a total of 6 cells.

8.45.14. Executing OPT_SHARE pass.

8.45.15. Executing OPT_DFF pass (perform DFF optimizations).

8.45.16. Executing OPT_CLEAN pass (remove unused cells and wires).
Finding unused cells or wires in module $paramod$7ad91cb4a00e7f80cf930fd17c51f82b06b63f61\uart..
Finding unused cells or wires in module $paramod\hmac_sha256\MSG_BITS=s32'00000000000000000000000011100000..
Finding unused cells or wires in module \auth_chip_top..
Finding unused cells or wires in module \protocol..
Finding unused cells or wires in module \secure_store..
Finding unused cells or wires in module \sha256_tt07..
Finding unused cells or wires in module \tt_um_xeniarose_sha256..

8.45.17. Executing OPT_EXPR pass (perform const folding).
Optimizing module $paramod$7ad91cb4a00e7f80cf930fd17c51f82b06b63f61\uart.
Optimizing module $paramod\hmac_sha256\MSG_BITS=s32'00000000000000000000000011100000.
Optimizing module auth_chip_top.
Optimizing module protocol.
Optimizing module secure_store.
Optimizing module sha256_tt07.
Optimizing module tt_um_xeniarose_sha256.

8.45.18. Rerunning OPT passes. (Maybe there is more to do..)

8.45.19. Executing OPT_MUXTREE pass (detect dead branches in mux trees).
Running muxtree optimizer on module $paramod$7ad91cb4a00e7f80cf930fd17c51f82b06b63f61\uart..
  Creating internal representation of mux trees.
  No muxes found in this module.
Running muxtree optimizer on module $paramod\hmac_sha256\MSG_BITS=s32'00000000000000000000000011100000..
  Creating internal representation of mux trees.
  No muxes found in this module.
Running muxtree optimizer on module \auth_chip_top..
  Creating internal representation of mux trees.
  No muxes found in this module.
Running muxtree optimizer on module \protocol..
  Creating internal representation of mux trees.
  No muxes found in this module.
Running muxtree optimizer on module \secure_store..
  Creating internal representation of mux trees.
  No muxes found in this module.
Running muxtree optimizer on module \sha256_tt07..
  Creating internal representation of mux trees.
  No muxes found in this module.
Running muxtree optimizer on module \tt_um_xeniarose_sha256..
  Creating internal representation of mux trees.
  No muxes found in this module.
Removed 0 multiplexer ports.

8.45.20. Executing OPT_REDUCE pass (consolidate $*mux and $reduce_* inputs).
  Optimizing cells in module $paramod$7ad91cb4a00e7f80cf930fd17c51f82b06b63f61\uart.
  Optimizing cells in module $paramod\hmac_sha256\MSG_BITS=s32'00000000000000000000000011100000.
  Optimizing cells in module \auth_chip_top.
  Optimizing cells in module \protocol.
  Optimizing cells in module \secure_store.
  Optimizing cells in module \sha256_tt07.
  Optimizing cells in module \tt_um_xeniarose_sha256.
Performed a total of 0 changes.

8.45.21. Executing OPT_MERGE pass (detect identical cells).
Finding identical cells in module `$paramod$7ad91cb4a00e7f80cf930fd17c51f82b06b63f61\uart'.
Finding identical cells in module `$paramod\hmac_sha256\MSG_BITS=s32'00000000000000000000000011100000'.
Finding identical cells in module `\auth_chip_top'.
Finding identical cells in module `\protocol'.
Finding identical cells in module `\secure_store'.
Finding identical cells in module `\sha256_tt07'.
Finding identical cells in module `\tt_um_xeniarose_sha256'.
Removed a total of 0 cells.

8.45.22. Executing OPT_SHARE pass.

8.45.23. Executing OPT_DFF pass (perform DFF optimizations).

8.45.24. Executing OPT_CLEAN pass (remove unused cells and wires).
Finding unused cells or wires in module $paramod$7ad91cb4a00e7f80cf930fd17c51f82b06b63f61\uart..
Finding unused cells or wires in module $paramod\hmac_sha256\MSG_BITS=s32'00000000000000000000000011100000..
Finding unused cells or wires in module \auth_chip_top..
Finding unused cells or wires in module \protocol..
Finding unused cells or wires in module \secure_store..
Finding unused cells or wires in module \sha256_tt07..
Finding unused cells or wires in module \tt_um_xeniarose_sha256..

8.45.25. Executing OPT_EXPR pass (perform const folding).
Optimizing module $paramod$7ad91cb4a00e7f80cf930fd17c51f82b06b63f61\uart.
Optimizing module $paramod\hmac_sha256\MSG_BITS=s32'00000000000000000000000011100000.
Optimizing module auth_chip_top.
Optimizing module protocol.
Optimizing module secure_store.
Optimizing module sha256_tt07.
Optimizing module tt_um_xeniarose_sha256.

8.45.26. Finished OPT passes. (There is nothing left to do.)
Removed 0 unused cells and 18 unused wires.

8.46. Executing CLKBUFMAP pass (inserting clock buffers).
Inserting MISTRAL_CLKBUF on auth_chip_top.clk[0].

8.47. Executing TECHMAP pass (map to technology primitives).

8.47.1. Executing Verilog-2005 frontend: /usr/bin/../share/yosys/intel_alm/common/abc9_map.v
Parsing Verilog input from `/usr/bin/../share/yosys/intel_alm/common/abc9_map.v' to AST representation.
Generating RTLIL representation for module `\MISTRAL_FF'.
Successfully finished Verilog frontend.

8.47.2. Continuing TECHMAP pass.
No more expansions possible.
<suppressed ~15 debug messages>

8.48. Executing ABC9 pass.

8.48.1. Executing ABC9_OPS pass (helper functions for ABC9).

8.48.2. Executing ABC9_OPS pass (helper functions for ABC9).

8.48.3. Executing SCC pass (detecting logic loops).
Found 0 SCCs in module $paramod$7ad91cb4a00e7f80cf930fd17c51f82b06b63f61\uart.
Found 0 SCCs in module $paramod\hmac_sha256\MSG_BITS=s32'00000000000000000000000011100000.
Found 0 SCCs in module auth_chip_top.
Found 0 SCCs in module protocol.
Found 0 SCCs in module secure_store.
Found 0 SCCs in module sha256_tt07.
Found 0 SCCs in module tt_um_xeniarose_sha256.
Found 0 SCCs.

8.48.4. Executing ABC9_OPS pass (helper functions for ABC9).

8.48.5. Executing PROC pass (convert processes to netlists).

8.48.5.1. Executing PROC_CLEAN pass (remove empty switches from decision trees).
Cleaned up 0 empty switches.

8.48.5.2. Executing PROC_RMDEAD pass (remove dead branches from decision trees).
Removed a total of 0 dead cases.

8.48.5.3. Executing PROC_PRUNE pass (remove redundant assignments in processes).
Removed 0 redundant assignments.
Promoted 0 assignments to connections.

8.48.5.4. Executing PROC_INIT pass (extract init attributes).

8.48.5.5. Executing PROC_ARST pass (detect async resets in processes).

8.48.5.6. Executing PROC_ROM pass (convert switches to ROMs).
Converted 0 switches.

8.48.5.7. Executing PROC_MUX pass (convert decision trees to multiplexers).

8.48.5.8. Executing PROC_DLATCH pass (convert process syncs to latches).

8.48.5.9. Executing PROC_DFF pass (convert process syncs to FFs).

8.48.5.10. Executing PROC_MEMWR pass (convert process memory writes to cells).

8.48.5.11. Executing PROC_CLEAN pass (remove empty switches from decision trees).
Cleaned up 0 empty switches.

8.48.5.12. Executing OPT_EXPR pass (perform const folding).

8.48.6. Executing TECHMAP pass (map to technology primitives).

8.48.6.1. Executing Verilog-2005 frontend: /usr/bin/../share/yosys/techmap.v
Parsing Verilog input from `/usr/bin/../share/yosys/techmap.v' to AST representation.
Generating RTLIL representation for module `\_90_simplemap_bool_ops'.
Generating RTLIL representation for module `\_90_simplemap_reduce_ops'.
Generating RTLIL representation for module `\_90_simplemap_logic_ops'.
Generating RTLIL representation for module `\_90_simplemap_compare_ops'.
Generating RTLIL representation for module `\_90_simplemap_various'.
Generating RTLIL representation for module `\_90_simplemap_registers'.
Generating RTLIL representation for module `\_90_shift_ops_shr_shl_sshl_sshr'.
Generating RTLIL representation for module `\_90_shift_shiftx'.
Generating RTLIL representation for module `\_90_fa'.
Generating RTLIL representation for module `\_90_lcu_brent_kung'.
Generating RTLIL representation for module `\_90_alu'.
Generating RTLIL representation for module `\_90_macc'.
Generating RTLIL representation for module `\_90_alumacc'.
Generating RTLIL representation for module `\$__div_mod_u'.
Generating RTLIL representation for module `\$__div_mod_trunc'.
Generating RTLIL representation for module `\_90_div'.
Generating RTLIL representation for module `\_90_mod'.
Generating RTLIL representation for module `\$__div_mod_floor'.
Generating RTLIL representation for module `\_90_divfloor'.
Generating RTLIL representation for module `\_90_modfloor'.
Generating RTLIL representation for module `\_90_pow'.
Generating RTLIL representation for module `\_90_pmux'.
Generating RTLIL representation for module `\_90_demux'.
Generating RTLIL representation for module `\_90_lut'.
Successfully finished Verilog frontend.

8.48.6.2. Continuing TECHMAP pass.
No more expansions possible.
<suppressed ~128 debug messages>

8.48.7. Executing OPT pass (performing simple optimizations).

8.48.7.1. Executing OPT_EXPR pass (perform const folding).
Optimizing module MISTRAL_FF.

8.48.7.2. Executing OPT_MERGE pass (detect identical cells).
Finding identical cells in module `\MISTRAL_FF'.
Removed a total of 0 cells.

8.48.7.3. Executing OPT_MUXTREE pass (detect dead branches in mux trees).
Running muxtree optimizer on module \MISTRAL_FF..
  Creating internal representation of mux trees.
  No muxes found in this module.
Removed 0 multiplexer ports.

8.48.7.4. Executing OPT_REDUCE pass (consolidate $*mux and $reduce_* inputs).
  Optimizing cells in module \MISTRAL_FF.
Performed a total of 0 changes.

8.48.7.5. Executing OPT_MERGE pass (detect identical cells).
Finding identical cells in module `\MISTRAL_FF'.
Removed a total of 0 cells.

8.48.7.6. Executing OPT_DFF pass (perform DFF optimizations).

8.48.7.7. Executing OPT_CLEAN pass (remove unused cells and wires).
Finding unused cells or wires in module \MISTRAL_FF..

8.48.7.8. Executing OPT_EXPR pass (perform const folding).
Optimizing module MISTRAL_FF.

8.48.7.9. Finished OPT passes. (There is nothing left to do.)

8.48.8. Executing TECHMAP pass (map to technology primitives).

8.48.8.1. Executing Verilog-2005 frontend: /usr/bin/../share/yosys/abc9_map.v
Parsing Verilog input from `/usr/bin/../share/yosys/abc9_map.v' to AST representation.
Successfully finished Verilog frontend.

8.48.8.2. Continuing TECHMAP pass.
Using template MISTRAL_FF for cells of type MISTRAL_FF.
No more expansions possible.
<suppressed ~2546 debug messages>

8.48.9. Executing Verilog-2005 frontend: /usr/bin/../share/yosys/abc9_model.v
Parsing Verilog input from `/usr/bin/../share/yosys/abc9_model.v' to AST representation.
Generating RTLIL representation for module `$__ABC9_DELAY'.
Generating RTLIL representation for module `$__ABC9_SCC_BREAKER'.
Generating RTLIL representation for module `$__DFF_N__$abc9_flop'.
Generating RTLIL representation for module `$__DFF_P__$abc9_flop'.
Successfully finished Verilog frontend.

8.48.10. Executing ABC9_OPS pass (helper functions for ABC9).
<suppressed ~14 debug messages>

8.48.11. Executing ABC9_OPS pass (helper functions for ABC9).

8.48.12. Executing ABC9_OPS pass (helper functions for ABC9).
<suppressed ~2 debug messages>

8.48.13. Executing TECHMAP pass (map to technology primitives).

8.48.13.1. Executing Verilog-2005 frontend: /usr/bin/../share/yosys/techmap.v
Parsing Verilog input from `/usr/bin/../share/yosys/techmap.v' to AST representation.
Generating RTLIL representation for module `\_90_simplemap_bool_ops'.
Generating RTLIL representation for module `\_90_simplemap_reduce_ops'.
Generating RTLIL representation for module `\_90_simplemap_logic_ops'.
Generating RTLIL representation for module `\_90_simplemap_compare_ops'.
Generating RTLIL representation for module `\_90_simplemap_various'.
Generating RTLIL representation for module `\_90_simplemap_registers'.
Generating RTLIL representation for module `\_90_shift_ops_shr_shl_sshl_sshr'.
Generating RTLIL representation for module `\_90_shift_shiftx'.
Generating RTLIL representation for module `\_90_fa'.
Generating RTLIL representation for module `\_90_lcu_brent_kung'.
Generating RTLIL representation for module `\_90_alu'.
Generating RTLIL representation for module `\_90_macc'.
Generating RTLIL representation for module `\_90_alumacc'.
Generating RTLIL representation for module `\$__div_mod_u'.
Generating RTLIL representation for module `\$__div_mod_trunc'.
Generating RTLIL representation for module `\_90_div'.
Generating RTLIL representation for module `\_90_mod'.
Generating RTLIL representation for module `\$__div_mod_floor'.
Generating RTLIL representation for module `\_90_divfloor'.
Generating RTLIL representation for module `\_90_modfloor'.
Generating RTLIL representation for module `\_90_pow'.
Generating RTLIL representation for module `\_90_pmux'.
Generating RTLIL representation for module `\_90_demux'.
Generating RTLIL representation for module `\_90_lut'.
Successfully finished Verilog frontend.

8.48.13.2. Continuing TECHMAP pass.
Using template $paramod\MISTRAL_ALUT_ARITH\LUT0=16'1010101010101010\LUT1=16'1100001111000011 for cells of type $paramod\MISTRAL_ALUT_ARITH\LUT0=16'1010101010101010\LUT1=16'1100001111000011.
Using extmapper simplemap for cells of type $logic_not.
Running "alumacc" on wrapper $extern:wrap:$add:Y_WIDTH=2:B_WIDTH=2:A_WIDTH=1:B_SIGNED=0:A_SIGNED=0:394426c56d1a028ba8fdd5469b163e04011def47.
Using template $extern:wrap:$add:Y_WIDTH=2:B_WIDTH=2:A_WIDTH=1:B_SIGNED=0:A_SIGNED=0:394426c56d1a028ba8fdd5469b163e04011def47 for cells of type $extern:wrap:$add:Y_WIDTH=2:B_WIDTH=2:A_WIDTH=1:B_SIGNED=0:A_SIGNED=0:394426c56d1a028ba8fdd5469b163e04011def47.
Running "alumacc" on wrapper $extern:wrap:$add:Y_WIDTH=2:B_WIDTH=1:A_WIDTH=2:B_SIGNED=0:A_SIGNED=0:394426c56d1a028ba8fdd5469b163e04011def47.
Using template $extern:wrap:$add:Y_WIDTH=2:B_WIDTH=1:A_WIDTH=2:B_SIGNED=0:A_SIGNED=0:394426c56d1a028ba8fdd5469b163e04011def47 for cells of type $extern:wrap:$add:Y_WIDTH=2:B_WIDTH=1:A_WIDTH=2:B_SIGNED=0:A_SIGNED=0:394426c56d1a028ba8fdd5469b163e04011def47.
Using template $paramod$constmap:debecbbf3717e0f4c680abc85cfc533019b210d7$paramod$e31da3c1e7d1078ed1477dabeabe646dcd7d3c9b\_90_shift_ops_shr_shl_sshl_sshr for cells of type $shr.
Analyzing pattern of constant bits for this cell:
  Constant input on bit 0 of port A: 1'1
  Constant input on bit 1 of port A: 1'1
  Constant input on bit 2 of port A: 1'0
  Constant input on bit 3 of port A: 1'0
  Constant input on bit 4 of port A: 1'0
  Constant input on bit 5 of port A: 1'0
  Constant input on bit 6 of port A: 1'1
  Constant input on bit 7 of port A: 1'1
  Constant input on bit 8 of port A: 1'1
  Constant input on bit 9 of port A: 1'1
  Constant input on bit 10 of port A: 1'0
  Constant input on bit 11 of port A: 1'0
  Constant input on bit 12 of port A: 1'0
  Constant input on bit 13 of port A: 1'0
  Constant input on bit 14 of port A: 1'1
  Constant input on bit 15 of port A: 1'1
Creating constmapped module `$paramod$constmap:56b8783ba577858eda421dc9a52b6c51029bfb42$paramod$e31da3c1e7d1078ed1477dabeabe646dcd7d3c9b\_90_shift_ops_shr_shl_sshl_sshr'.

8.48.13.12. Executing OPT_MUXTREE pass (detect dead branches in mux trees).
Running muxtree optimizer on module $paramod$constmap:56b8783ba577858eda421dc9a52b6c51029bfb42$paramod$e31da3c1e7d1078ed1477dabeabe646dcd7d3c9b\_90_shift_ops_shr_shl_sshl_sshr..
  Creating internal representation of mux trees.
  No muxes found in this module.
Removed 0 multiplexer ports.
<suppressed ~466 debug messages>

8.48.13.13. Executing OPT_EXPR pass (perform const folding).
Optimizing module $paramod$constmap:56b8783ba577858eda421dc9a52b6c51029bfb42$paramod$e31da3c1e7d1078ed1477dabeabe646dcd7d3c9b\_90_shift_ops_shr_shl_sshl_sshr.
<suppressed ~147 debug messages>
Removed 0 unused cells and 12 unused wires.
Using template $paramod$constmap:56b8783ba577858eda421dc9a52b6c51029bfb42$paramod$e31da3c1e7d1078ed1477dabeabe646dcd7d3c9b\_90_shift_ops_shr_shl_sshl_sshr for cells of type $shr.
Using template $paramod$175e67c02b86e96b1288b9dc100122520d7240d8\_90_alu for cells of type $alu.
Using extmapper simplemap for cells of type $xor.
Using extmapper simplemap for cells of type $and.
Using template $paramod\_90_lcu_brent_kung\WIDTH=32'00000000000000000000000000000010 for cells of type $lcu.
Using extmapper simplemap for cells of type $pos.
Using extmapper simplemap for cells of type $not.
Using extmapper simplemap for cells of type $or.
Running "alumacc" on wrapper $extern:wrap:$add:A_SIGNED=0:A_WIDTH=1:B_SIGNED=0:B_WIDTH=2:Y_WIDTH=2:394426c56d1a028ba8fdd5469b163e04011def47.
Using template $extern:wrap:$add:A_SIGNED=0:A_WIDTH=1:B_SIGNED=0:B_WIDTH=2:Y_WIDTH=2:394426c56d1a028ba8fdd5469b163e04011def47 for cells of type $extern:wrap:$add:A_SIGNED=0:A_WIDTH=1:B_SIGNED=0:B_WIDTH=2:Y_WIDTH=2:394426c56d1a028ba8fdd5469b163e04011def47.
Running "alumacc" on wrapper $extern:wrap:$add:A_SIGNED=0:A_WIDTH=2:B_SIGNED=0:B_WIDTH=1:Y_WIDTH=2:394426c56d1a028ba8fdd5469b163e04011def47.
Using template $extern:wrap:$add:A_SIGNED=0:A_WIDTH=2:B_SIGNED=0:B_WIDTH=1:Y_WIDTH=2:394426c56d1a028ba8fdd5469b163e04011def47 for cells of type $extern:wrap:$add:A_SIGNED=0:A_WIDTH=2:B_SIGNED=0:B_WIDTH=1:Y_WIDTH=2:394426c56d1a028ba8fdd5469b163e04011def47.
Analyzing pattern of constant bits for this cell:
  Constant input on bit 0 of port A: 1'0
  Constant input on bit 1 of port A: 1'1
  Constant input on bit 2 of port A: 1'0
  Constant input on bit 3 of port A: 1'1
  Constant input on bit 4 of port A: 1'0
  Constant input on bit 5 of port A: 1'1
  Constant input on bit 6 of port A: 1'0
  Constant input on bit 7 of port A: 1'1
  Constant input on bit 8 of port A: 1'0
  Constant input on bit 9 of port A: 1'1
  Constant input on bit 10 of port A: 1'0
  Constant input on bit 11 of port A: 1'1
  Constant input on bit 12 of port A: 1'0
  Constant input on bit 13 of port A: 1'1
  Constant input on bit 14 of port A: 1'0
  Constant input on bit 15 of port A: 1'1
Creating constmapped module `$paramod$constmap:dfd592f4a666cc130ed3620ef8266403ec1f994d$paramod$e31da3c1e7d1078ed1477dabeabe646dcd7d3c9b\_90_shift_ops_shr_shl_sshl_sshr'.

8.48.13.24. Executing OPT_MUXTREE pass (detect dead branches in mux trees).
Running muxtree optimizer on module $paramod$constmap:dfd592f4a666cc130ed3620ef8266403ec1f994d$paramod$e31da3c1e7d1078ed1477dabeabe646dcd7d3c9b\_90_shift_ops_shr_shl_sshl_sshr..
  Creating internal representation of mux trees.
  No muxes found in this module.
Removed 0 multiplexer ports.
<suppressed ~187 debug messages>

8.48.13.25. Executing OPT_EXPR pass (perform const folding).
Optimizing module $paramod$constmap:dfd592f4a666cc130ed3620ef8266403ec1f994d$paramod$e31da3c1e7d1078ed1477dabeabe646dcd7d3c9b\_90_shift_ops_shr_shl_sshl_sshr.
<suppressed ~149 debug messages>
Removed 0 unused cells and 12 unused wires.
Using template $paramod$constmap:dfd592f4a666cc130ed3620ef8266403ec1f994d$paramod$e31da3c1e7d1078ed1477dabeabe646dcd7d3c9b\_90_shift_ops_shr_shl_sshl_sshr for cells of type $shr.
Analyzing pattern of constant bits for this cell:
  Constant input on bit 0 of port A: 1'1
  Constant input on bit 1 of port A: 1'1
  Constant input on bit 2 of port A: 1'0
  Constant input on bit 3 of port A: 1'0
  Constant input on bit 4 of port A: 1'0
  Constant input on bit 5 of port A: 1'0
  Constant input on bit 6 of port A: 1'1
  Constant input on bit 7 of port A: 1'1
  Constant input on bit 8 of port A: 1'1
  Constant input on bit 9 of port A: 1'1
  Constant input on bit 10 of port A: 1'0
  Constant input on bit 11 of port A: 1'0
  Constant input on bit 12 of port A: 1'0
  Constant input on bit 13 of port A: 1'0
  Constant input on bit 14 of port A: 1'1
  Constant input on bit 15 of port A: 1'1
Creating constmapped module `$paramod$constmap:fd3fd1906408c8289fdffd5c80f2d3a2056d7b31$paramod$e31da3c1e7d1078ed1477dabeabe646dcd7d3c9b\_90_shift_ops_shr_shl_sshl_sshr'.

8.48.13.26. Executing OPT_MUXTREE pass (detect dead branches in mux trees).
Running muxtree optimizer on module $paramod$constmap:fd3fd1906408c8289fdffd5c80f2d3a2056d7b31$paramod$e31da3c1e7d1078ed1477dabeabe646dcd7d3c9b\_90_shift_ops_shr_shl_sshl_sshr..
  Creating internal representation of mux trees.
  No muxes found in this module.
Removed 0 multiplexer ports.
<suppressed ~1 debug messages>

8.48.13.27. Executing OPT_EXPR pass (perform const folding).
Optimizing module $paramod$constmap:fd3fd1906408c8289fdffd5c80f2d3a2056d7b31$paramod$e31da3c1e7d1078ed1477dabeabe646dcd7d3c9b\_90_shift_ops_shr_shl_sshl_sshr.
<suppressed ~147 debug messages>
Removed 0 unused cells and 12 unused wires.
Using template $paramod$constmap:fd3fd1906408c8289fdffd5c80f2d3a2056d7b31$paramod$e31da3c1e7d1078ed1477dabeabe646dcd7d3c9b\_90_shift_ops_shr_shl_sshl_sshr for cells of type $shr.
Using template $paramod\MISTRAL_ALUT_ARITH\LUT0=16'1010101010101010\LUT1=16'0000000000000000 for cells of type $paramod\MISTRAL_ALUT_ARITH\LUT0=16'1010101010101010\LUT1=16'0000000000000000.
Analyzing pattern of constant bits for this cell:
  Constant input on bit 0 of port A: 1'0
  Constant input on bit 1 of port A: 1'0
  Constant input on bit 2 of port A: 1'0
  Constant input on bit 3 of port A: 1'0
  Constant input on bit 4 of port A: 1'0
  Constant input on bit 5 of port A: 1'0
  Constant input on bit 6 of port A: 1'0
  Constant input on bit 7 of port A: 1'0
  Constant input on bit 8 of port A: 1'0
  Constant input on bit 9 of port A: 1'0
  Constant input on bit 10 of port A: 1'0
  Constant input on bit 11 of port A: 1'0
  Constant input on bit 12 of port A: 1'0
  Constant input on bit 13 of port A: 1'0
  Constant input on bit 14 of port A: 1'0
  Constant input on bit 15 of port A: 1'0
Creating constmapped module `$paramod$constmap:27bb17a9e0b57126cea5d522cccf554939873996$paramod$e31da3c1e7d1078ed1477dabeabe646dcd7d3c9b\_90_shift_ops_shr_shl_sshl_sshr'.

8.48.13.28. Executing OPT_MUXTREE pass (detect dead branches in mux trees).
Running muxtree optimizer on module $paramod$constmap:27bb17a9e0b57126cea5d522cccf554939873996$paramod$e31da3c1e7d1078ed1477dabeabe646dcd7d3c9b\_90_shift_ops_shr_shl_sshl_sshr..
  Creating internal representation of mux trees.
  No muxes found in this module.
Removed 0 multiplexer ports.
<suppressed ~70 debug messages>

8.48.13.29. Executing OPT_EXPR pass (perform const folding).
Optimizing module $paramod$constmap:27bb17a9e0b57126cea5d522cccf554939873996$paramod$e31da3c1e7d1078ed1477dabeabe646dcd7d3c9b\_90_shift_ops_shr_shl_sshl_sshr.
<suppressed ~192 debug messages>
Removed 0 unused cells and 16 unused wires.
Using template $paramod$constmap:27bb17a9e0b57126cea5d522cccf554939873996$paramod$e31da3c1e7d1078ed1477dabeabe646dcd7d3c9b\_90_shift_ops_shr_shl_sshl_sshr for cells of type $shr.
No more expansions possible.
<suppressed ~117 debug messages>

8.48.14. Executing OPT pass (performing simple optimizations).

8.48.14.1. Executing OPT_EXPR pass (perform const folding).
Optimizing module $paramod$7ad91cb4a00e7f80cf930fd17c51f82b06b63f61\uart.
<suppressed ~22 debug messages>
Optimizing module $paramod\hmac_sha256\MSG_BITS=s32'00000000000000000000000011100000.
<suppressed ~22 debug messages>
Optimizing module auth_chip_top.
Optimizing module protocol.
<suppressed ~48 debug messages>
Optimizing module secure_store.
<suppressed ~22 debug messages>
Optimizing module sha256_tt07.
<suppressed ~22 debug messages>
Optimizing module tt_um_xeniarose_sha256.
<suppressed ~22 debug messages>

8.48.14.2. Executing OPT_MERGE pass (detect identical cells).
Finding identical cells in module `$paramod$7ad91cb4a00e7f80cf930fd17c51f82b06b63f61\uart'.
<suppressed ~84 debug messages>
Finding identical cells in module `$paramod\hmac_sha256\MSG_BITS=s32'00000000000000000000000011100000'.
<suppressed ~84 debug messages>
Finding identical cells in module `\auth_chip_top'.
Finding identical cells in module `\protocol'.
<suppressed ~219 debug messages>
Finding identical cells in module `\secure_store'.
<suppressed ~84 debug messages>
Finding identical cells in module `\sha256_tt07'.
<suppressed ~84 debug messages>
Finding identical cells in module `\tt_um_xeniarose_sha256'.
<suppressed ~84 debug messages>
Removed a total of 213 cells.

8.48.14.3. Executing OPT_MUXTREE pass (detect dead branches in mux trees).
Running muxtree optimizer on module $paramod$7ad91cb4a00e7f80cf930fd17c51f82b06b63f61\uart..
  Creating internal representation of mux trees.
  No muxes found in this module.
Running muxtree optimizer on module $paramod\hmac_sha256\MSG_BITS=s32'00000000000000000000000011100000..
  Creating internal representation of mux trees.
  No muxes found in this module.
Running muxtree optimizer on module \auth_chip_top..
  Creating internal representation of mux trees.
  No muxes found in this module.
Running muxtree optimizer on module \protocol..
  Creating internal representation of mux trees.
  No muxes found in this module.
Running muxtree optimizer on module \secure_store..
  Creating internal representation of mux trees.
  No muxes found in this module.
Running muxtree optimizer on module \sha256_tt07..
  Creating internal representation of mux trees.
  No muxes found in this module.
Running muxtree optimizer on module \tt_um_xeniarose_sha256..
  Creating internal representation of mux trees.
  No muxes found in this module.
Removed 0 multiplexer ports.

8.48.14.4. Executing OPT_REDUCE pass (consolidate $*mux and $reduce_* inputs).
  Optimizing cells in module $paramod$7ad91cb4a00e7f80cf930fd17c51f82b06b63f61\uart.
  Optimizing cells in module $paramod\hmac_sha256\MSG_BITS=s32'00000000000000000000000011100000.
  Optimizing cells in module \auth_chip_top.
  Optimizing cells in module \protocol.
  Optimizing cells in module \secure_store.
  Optimizing cells in module \sha256_tt07.
  Optimizing cells in module \tt_um_xeniarose_sha256.
Performed a total of 0 changes.

8.48.14.5. Executing OPT_MERGE pass (detect identical cells).
Finding identical cells in module `$paramod$7ad91cb4a00e7f80cf930fd17c51f82b06b63f61\uart'.
Finding identical cells in module `$paramod\hmac_sha256\MSG_BITS=s32'00000000000000000000000011100000'.
Finding identical cells in module `\auth_chip_top'.
Finding identical cells in module `\protocol'.
Finding identical cells in module `\secure_store'.
Finding identical cells in module `\sha256_tt07'.
Finding identical cells in module `\tt_um_xeniarose_sha256'.
Removed a total of 0 cells.

8.48.14.6. Executing OPT_DFF pass (perform DFF optimizations).

8.48.14.7. Executing OPT_CLEAN pass (remove unused cells and wires).
Finding unused cells or wires in module $paramod$7ad91cb4a00e7f80cf930fd17c51f82b06b63f61\uart..
Finding unused cells or wires in module $paramod\hmac_sha256\MSG_BITS=s32'00000000000000000000000011100000..
Finding unused cells or wires in module \auth_chip_top..
Finding unused cells or wires in module \protocol..
Finding unused cells or wires in module \secure_store..
Finding unused cells or wires in module \sha256_tt07..
Finding unused cells or wires in module \tt_um_xeniarose_sha256..
Removed 360 unused cells and 646 unused wires.
<suppressed ~366 debug messages>

8.48.14.8. Executing OPT_EXPR pass (perform const folding).
Optimizing module $paramod$7ad91cb4a00e7f80cf930fd17c51f82b06b63f61\uart.
<suppressed ~1 debug messages>
Optimizing module $paramod\hmac_sha256\MSG_BITS=s32'00000000000000000000000011100000.
<suppressed ~1 debug messages>
Optimizing module auth_chip_top.
Optimizing module protocol.
<suppressed ~1 debug messages>
Optimizing module secure_store.
<suppressed ~1 debug messages>
Optimizing module sha256_tt07.
<suppressed ~1 debug messages>
Optimizing module tt_um_xeniarose_sha256.
<suppressed ~1 debug messages>

8.48.14.9. Rerunning OPT passes. (Maybe there is more to do..)

8.48.14.10. Executing OPT_MUXTREE pass (detect dead branches in mux trees).
Running muxtree optimizer on module $paramod$7ad91cb4a00e7f80cf930fd17c51f82b06b63f61\uart..
  Creating internal representation of mux trees.
  No muxes found in this module.
Running muxtree optimizer on module $paramod\hmac_sha256\MSG_BITS=s32'00000000000000000000000011100000..
  Creating internal representation of mux trees.
  No muxes found in this module.
Running muxtree optimizer on module \auth_chip_top..
  Creating internal representation of mux trees.
  No muxes found in this module.
Running muxtree optimizer on module \protocol..
  Creating internal representation of mux trees.
  No muxes found in this module.
Running muxtree optimizer on module \secure_store..
  Creating internal representation of mux trees.
  No muxes found in this module.
Running muxtree optimizer on module \sha256_tt07..
  Creating internal representation of mux trees.
  No muxes found in this module.
Running muxtree optimizer on module \tt_um_xeniarose_sha256..
  Creating internal representation of mux trees.
  No muxes found in this module.
Removed 0 multiplexer ports.

8.48.14.11. Executing OPT_REDUCE pass (consolidate $*mux and $reduce_* inputs).
  Optimizing cells in module $paramod$7ad91cb4a00e7f80cf930fd17c51f82b06b63f61\uart.
  Optimizing cells in module $paramod\hmac_sha256\MSG_BITS=s32'00000000000000000000000011100000.
  Optimizing cells in module \auth_chip_top.
  Optimizing cells in module \protocol.
  Optimizing cells in module \secure_store.
  Optimizing cells in module \sha256_tt07.
  Optimizing cells in module \tt_um_xeniarose_sha256.
Performed a total of 0 changes.

8.48.14.12. Executing OPT_MERGE pass (detect identical cells).
Finding identical cells in module `$paramod$7ad91cb4a00e7f80cf930fd17c51f82b06b63f61\uart'.
Finding identical cells in module `$paramod\hmac_sha256\MSG_BITS=s32'00000000000000000000000011100000'.
Finding identical cells in module `\auth_chip_top'.
Finding identical cells in module `\protocol'.
Finding identical cells in module `\secure_store'.
Finding identical cells in module `\sha256_tt07'.
Finding identical cells in module `\tt_um_xeniarose_sha256'.
Removed a total of 0 cells.

8.48.14.13. Executing OPT_DFF pass (perform DFF optimizations).

8.48.14.14. Executing OPT_CLEAN pass (remove unused cells and wires).
Finding unused cells or wires in module $paramod$7ad91cb4a00e7f80cf930fd17c51f82b06b63f61\uart..
Finding unused cells or wires in module $paramod\hmac_sha256\MSG_BITS=s32'00000000000000000000000011100000..
Finding unused cells or wires in module \auth_chip_top..
Finding unused cells or wires in module \protocol..
Finding unused cells or wires in module \secure_store..
Finding unused cells or wires in module \sha256_tt07..
Finding unused cells or wires in module \tt_um_xeniarose_sha256..
Removed 0 unused cells and 6 unused wires.
<suppressed ~6 debug messages>

8.48.14.15. Executing OPT_EXPR pass (perform const folding).
Optimizing module $paramod$7ad91cb4a00e7f80cf930fd17c51f82b06b63f61\uart.
Optimizing module $paramod\hmac_sha256\MSG_BITS=s32'00000000000000000000000011100000.
Optimizing module auth_chip_top.
Optimizing module protocol.
Optimizing module secure_store.
Optimizing module sha256_tt07.
Optimizing module tt_um_xeniarose_sha256.

8.48.14.16. Rerunning OPT passes. (Maybe there is more to do..)

8.48.14.17. Executing OPT_MUXTREE pass (detect dead branches in mux trees).
Running muxtree optimizer on module $paramod$7ad91cb4a00e7f80cf930fd17c51f82b06b63f61\uart..
  Creating internal representation of mux trees.
  No muxes found in this module.
Running muxtree optimizer on module $paramod\hmac_sha256\MSG_BITS=s32'00000000000000000000000011100000..
  Creating internal representation of mux trees.
  No muxes found in this module.
Running muxtree optimizer on module \auth_chip_top..
  Creating internal representation of mux trees.
  No muxes found in this module.
Running muxtree optimizer on module \protocol..
  Creating internal representation of mux trees.
  No muxes found in this module.
Running muxtree optimizer on module \secure_store..
  Creating internal representation of mux trees.
  No muxes found in this module.
Running muxtree optimizer on module \sha256_tt07..
  Creating internal representation of mux trees.
  No muxes found in this module.
Running muxtree optimizer on module \tt_um_xeniarose_sha256..
  Creating internal representation of mux trees.
  No muxes found in this module.
Removed 0 multiplexer ports.

8.48.14.18. Executing OPT_REDUCE pass (consolidate $*mux and $reduce_* inputs).
  Optimizing cells in module $paramod$7ad91cb4a00e7f80cf930fd17c51f82b06b63f61\uart.
  Optimizing cells in module $paramod\hmac_sha256\MSG_BITS=s32'00000000000000000000000011100000.
  Optimizing cells in module \auth_chip_top.
  Optimizing cells in module \protocol.
  Optimizing cells in module \secure_store.
  Optimizing cells in module \sha256_tt07.
  Optimizing cells in module \tt_um_xeniarose_sha256.
Performed a total of 0 changes.

8.48.14.19. Executing OPT_MERGE pass (detect identical cells).
Finding identical cells in module `$paramod$7ad91cb4a00e7f80cf930fd17c51f82b06b63f61\uart'.
Finding identical cells in module `$paramod\hmac_sha256\MSG_BITS=s32'00000000000000000000000011100000'.
Finding identical cells in module `\auth_chip_top'.
Finding identical cells in module `\protocol'.
Finding identical cells in module `\secure_store'.
Finding identical cells in module `\sha256_tt07'.
Finding identical cells in module `\tt_um_xeniarose_sha256'.
Removed a total of 0 cells.

8.48.14.20. Executing OPT_DFF pass (perform DFF optimizations).

8.48.14.21. Executing OPT_CLEAN pass (remove unused cells and wires).
Finding unused cells or wires in module $paramod$7ad91cb4a00e7f80cf930fd17c51f82b06b63f61\uart..
Finding unused cells or wires in module $paramod\hmac_sha256\MSG_BITS=s32'00000000000000000000000011100000..
Finding unused cells or wires in module \auth_chip_top..
Finding unused cells or wires in module \protocol..
Finding unused cells or wires in module \secure_store..
Finding unused cells or wires in module \sha256_tt07..
Finding unused cells or wires in module \tt_um_xeniarose_sha256..

8.48.14.22. Executing OPT_EXPR pass (perform const folding).
Optimizing module $paramod$7ad91cb4a00e7f80cf930fd17c51f82b06b63f61\uart.
Optimizing module $paramod\hmac_sha256\MSG_BITS=s32'00000000000000000000000011100000.
Optimizing module auth_chip_top.
Optimizing module protocol.
Optimizing module secure_store.
Optimizing module sha256_tt07.
Optimizing module tt_um_xeniarose_sha256.

8.48.14.23. Finished OPT passes. (There is nothing left to do.)

8.48.15. Executing AIGMAP pass (map logic to AIG).
Module $paramod$7ad91cb4a00e7f80cf930fd17c51f82b06b63f61\uart: replaced 4 cells with 28 new cells, skipped 16 cells.
  replaced 2 cell types:
       3 $_XOR_
       1 $_MUX_
  not replaced 3 cell types:
      12 $specify2
       2 $_NOT_
       2 $_AND_
Module $paramod\hmac_sha256\MSG_BITS=s32'00000000000000000000000011100000: replaced 4 cells with 28 new cells, skipped 16 cells.
  replaced 2 cell types:
       3 $_XOR_
       1 $_MUX_
  not replaced 3 cell types:
      12 $specify2
       2 $_NOT_
       2 $_AND_
Module protocol: replaced 6 cells with 42 new cells, skipped 30 cells.
  replaced 2 cell types:
       5 $_XOR_
       1 $_MUX_
  not replaced 3 cell types:
      24 $specify2
       3 $_NOT_
       3 $_AND_
Module secure_store: replaced 4 cells with 28 new cells, skipped 16 cells.
  replaced 2 cell types:
       3 $_XOR_
       1 $_MUX_
  not replaced 3 cell types:
      12 $specify2
       2 $_NOT_
       2 $_AND_
Module sha256_tt07: replaced 4 cells with 28 new cells, skipped 16 cells.
  replaced 2 cell types:
       3 $_XOR_
       1 $_MUX_
  not replaced 3 cell types:
      12 $specify2
       2 $_NOT_
       2 $_AND_
Module tt_um_xeniarose_sha256: replaced 4 cells with 28 new cells, skipped 16 cells.
  replaced 2 cell types:
       3 $_XOR_
       1 $_MUX_
  not replaced 3 cell types:
      12 $specify2
       2 $_NOT_
       2 $_AND_

8.48.16. Executing AIGMAP pass (map logic to AIG).
Module $paramod$7ad91cb4a00e7f80cf930fd17c51f82b06b63f61\uart: replaced 109 cells with 472 new cells, skipped 372 cells.
  replaced 2 cell types:
      97 $_OR_
      12 $_MUX_
  not replaced 5 cell types:
      51 $_NOT_
     138 $_AND_
      39 $paramod\MISTRAL_ALUT_ARITH\LUT0=16'1010101010101010\LUT1=16'1100001111000011
      72 MISTRAL_FF
      72 MISTRAL_FF_$abc9_byp
Module $paramod\hmac_sha256\MSG_BITS=s32'00000000000000000000000011100000: replaced 761 cells with 3821 new cells, skipped 2259 cells.
  replaced 2 cell types:
     502 $_OR_
     259 $_MUX_
  not replaced 6 cell types:
     205 $_NOT_
    1013 $_AND_
       1 sha256_tt07
       2 $paramod\MISTRAL_ALUT_ARITH\LUT0=16'1010101010101010\LUT1=16'1100001111000011
     519 MISTRAL_FF
     519 MISTRAL_FF_$abc9_byp
Module auth_chip_top: replaced 1 cells with 4 new cells, skipped 9 cells.
  replaced 1 cell types:
       1 $_OR_
  not replaced 7 cell types:
       1 protocol
       1 secure_store
       2 MISTRAL_FF
       1 MISTRAL_CLKBUF
       1 $paramod\hmac_sha256\MSG_BITS=s32'00000000000000000000000011100000
       1 $paramod$7ad91cb4a00e7f80cf930fd17c51f82b06b63f61\uart
       2 MISTRAL_FF_$abc9_byp
Module protocol: replaced 574 cells with 3658 new cells, skipped 1672 cells.
  replaced 3 cell types:
     120 $_OR_
      10 $_XOR_
     444 $_MUX_
  not replaced 6 cell types:
      68 $_NOT_
     595 $_AND_
       5 $paramod\MISTRAL_ALUT_ARITH\LUT0=16'1010101010101010\LUT1=16'0000000000000000
      92 $paramod\MISTRAL_ALUT_ARITH\LUT0=16'1010101010101010\LUT1=16'1100001111000011
     456 MISTRAL_FF
     456 MISTRAL_FF_$abc9_byp
Module secure_store: replaced 288 cells with 1920 new cells, skipped 789 cells.
  replaced 2 cell types:
      32 $_OR_
     256 $_MUX_
  not replaced 5 cell types:
      37 $_NOT_
       8 $_AND_
      32 $paramod\MISTRAL_ALUT_ARITH\LUT0=16'1010101010101010\LUT1=16'1100001111000011
     356 MISTRAL_FF
     356 MISTRAL_FF_$abc9_byp
Module sha256_tt07: replaced 1961 cells with 12653 new cells, skipped 2850 cells.
  replaced 3 cell types:
     358 $_OR_
     303 $_XOR_
    1300 $_MUX_
  not replaced 6 cell types:
     300 $_NOT_
     889 $_AND_
      44 $paramod\MISTRAL_ALUT_ARITH\LUT0=16'1010101010101010\LUT1=16'1100001111000011
       1 tt_um_xeniarose_sha256
     808 MISTRAL_FF
     808 MISTRAL_FF_$abc9_byp
Module tt_um_xeniarose_sha256: replaced 1473 cells with 8580 new cells, skipped 1774 cells.
  replaced 3 cell types:
     577 $_OR_
     600 $_XOR_
     296 $_MUX_
  not replaced 5 cell types:
      54 $_NOT_
    1030 $_AND_
      32 $paramod\MISTRAL_ALUT_ARITH\LUT0=16'1010101010101010\LUT1=16'1100001111000011
     329 MISTRAL_FF
     329 MISTRAL_FF_$abc9_byp

8.48.16.1. Executing ABC9_OPS pass (helper functions for ABC9).

8.48.16.2. Executing ABC9_OPS pass (helper functions for ABC9).

8.48.16.3. Executing XAIGER backend.
<suppressed ~83 debug messages>
Extracted 271 AND gates and 902 wires from module `$paramod$7ad91cb4a00e7f80cf930fd17c51f82b06b63f61\uart' to a netlist network with 84 inputs and 83 outputs.

8.48.16.4. Executing ABC9_EXE pass (technology mapping using ABC9).

8.48.16.5. Executing ABC9.
Running ABC command: "<yosys-exe-dir>/yosys-abc" -s -f <abc-temp-dir>/abc.script 2>&1
ABC: ABC command line: "source <abc-temp-dir>/abc.script".
ABC: 
ABC: + read_lut <abc-temp-dir>/input.lut 
ABC: + read_box <abc-temp-dir>/input.box 
ABC: + &read <abc-temp-dir>/input.xaig 
ABC: + &ps 
ABC: <abc-temp-dir>/input : i/o =     84/     83  and =     264  lev =   10 (0.69)  mem = 0.01 MB  box = 111  bb = 72
ABC: + &scorr 
ABC: Warning: The network is combinational.
ABC: + &sweep 
ABC: + &dc2 
ABC: + &dch -f 
ABC: + &ps 
ABC: <abc-temp-dir>/input : i/o =     84/     83  and =     244  lev =    9 (0.44)  mem = 0.01 MB  ch =   30  box = 111  bb = 72
ABC: cst =       0  cls =     27  lit =      30  unused =     421  proof =     0
ABC: + &if -W 600 -v 
ABC: K = 6. Memory (bytes): Truth =    0. Cut =   60. Obj =  144. Set =  636. CutMin = no
ABC: Node =     244.  Ch =    27.  Total mem =    0.14 MB. Peak cut mem =    0.01 MB.
ABC: P:  Del = 4714.00.  Ar =     116.0.  Edge =      334.  Cut =     1768.  T =     0.00 sec
ABC: P:  Del = 4396.00.  Ar =     102.0.  Edge =      323.  Cut =     1717.  T =     0.00 sec
ABC: P:  Del = 4396.00.  Ar =     103.0.  Edge =      337.  Cut =     2324.  T =     0.00 sec
ABC: F:  Del = 4396.00.  Ar =      84.0.  Edge =      287.  Cut =     1763.  T =     0.00 sec
ABC: A:  Del = 4396.00.  Ar =      84.0.  Edge =      275.  Cut =     1739.  T =     0.00 sec
ABC: A:  Del = 4396.00.  Ar =      83.0.  Edge =      274.  Cut =     1795.  T =     0.00 sec
ABC: Total time =     0.00 sec
ABC: + &write -n <abc-temp-dir>/output.aig 
ABC: + &mfs 
ABC: + &ps -l 
ABC: <abc-temp-dir>/input : i/o =     84/     83  and =     201  lev =   12 (0.54)  mem = 0.01 MB  box = 111  bb = 72
ABC: Mapping (K=6)  :  lut =     74  edge =     261  lev =    4 (0.25)  Boxes are not in a topological order. Switching to level computation without boxes.
ABC: levB =   12  mem = 0.00 MB
ABC: LUT = 74 : 2=22 29.7 %  3=11 14.9 %  4=27 36.5 %  5=8 10.8 %  6=6 8.1 %  Ave = 3.53
ABC: + &write -n <abc-temp-dir>/output.aig 
ABC: + time 
ABC: elapse: 0.04 seconds, total: 0.04 seconds

8.48.16.6. Executing AIGER frontend.
<suppressed ~346 debug messages>
Removed 232 unused cells and 970 unused wires.

8.48.16.7. Executing ABC9_OPS pass (helper functions for ABC9).
ABC RESULTS:              $lut cells:       86
ABC RESULTS:   $paramod\MISTRAL_ALUT_ARITH\LUT0=16'1010101010101010\LUT1=16'1100001111000011 cells:       39
ABC RESULTS:   \MISTRAL_FF_$abc9_byp cells:       72
ABC RESULTS:           input signals:       77
ABC RESULTS:          output signals:       32
Removing temp directory.

8.48.16.1. Executing ABC9_OPS pass (helper functions for ABC9).

8.48.16.2. Executing ABC9_OPS pass (helper functions for ABC9).

8.48.16.3. Executing XAIGER backend.
<suppressed ~530 debug messages>
Extracted 2292 AND gates and 6826 wires from module `$paramod\hmac_sha256\MSG_BITS=s32'00000000000000000000000011100000' to a netlist network with 1260 inputs and 1046 outputs.

8.48.16.4. Executing ABC9_EXE pass (technology mapping using ABC9).

8.48.16.5. Executing ABC9.
Running ABC command: "<yosys-exe-dir>/yosys-abc" -s -f <abc-temp-dir>/abc.script 2>&1
ABC: ABC command line: "source <abc-temp-dir>/abc.script".
ABC: 
ABC: + read_lut <abc-temp-dir>/input.lut 
ABC: + read_box <abc-temp-dir>/input.box 
ABC: + &read <abc-temp-dir>/input.xaig 
ABC: + &ps 
ABC: <abc-temp-dir>/input : i/o =   1260/   1046  and =    2284  lev =    6 (0.99)  mem = 0.09 MB  box = 521  bb = 519
ABC: + &scorr 
ABC: Warning: The network is combinational.
ABC: + &sweep 
ABC: + &dc2 
ABC: + &dch -f 
ABC: + &ps 
ABC: <abc-temp-dir>/input : i/o =   1260/   1046  and =    1985  lev =    5 (0.74)  mem = 0.08 MB  ch =  117  box = 521  bb = 519
ABC: cst =       0  cls =    116  lit =     117  unused =    3535  proof =     0
ABC: + &if -W 600 -v 
ABC: K = 6. Memory (bytes): Truth =    0. Cut =   60. Obj =  144. Set =  636. CutMin = no
ABC: Node =    1985.  Ch =   116.  Total mem =    0.89 MB. Peak cut mem =    0.01 MB.
ABC: P:  Del = 3017.00.  Ar =     529.0.  Edge =     2067.  Cut =    14665.  T =     0.00 sec
ABC: P:  Del = 3017.00.  Ar =     528.0.  Edge =     2066.  Cut =    14663.  T =     0.00 sec
ABC: P:  Del = 3017.00.  Ar =     527.0.  Edge =     1807.  Cut =    14675.  T =     0.00 sec
ABC: F:  Del = 3017.00.  Ar =     527.0.  Edge =     1807.  Cut =    14678.  T =     0.00 sec
ABC: A:  Del = 3017.00.  Ar =     527.0.  Edge =     1803.  Cut =    14678.  T =     0.00 sec
ABC: A:  Del = 3017.00.  Ar =     527.0.  Edge =     1803.  Cut =    14675.  T =     0.00 sec
ABC: Total time =     0.01 sec
ABC: + &write -n <abc-temp-dir>/output.aig 
ABC: + &mfs 
ABC: The network is not changed by "&mfs".
ABC: + &ps -l 
ABC: <abc-temp-dir>/input : i/o =   1260/   1046  and =    2486  lev =    5 (0.74)  mem = 0.09 MB  box = 521  bb = 519
ABC: Mapping (K=5)  :  lut =    527  edge =    1803  lev =    2 (0.38)  levB =    4  mem = 0.04 MB
ABC: LUT = 527 : 2=263 49.9 %  3=5 0.9 %  4=33 6.3 %  5=226 42.9 %  Ave = 3.42
ABC: + &write -n <abc-temp-dir>/output.aig 
ABC: + time 
ABC: elapse: 0.06 seconds, total: 0.06 seconds

8.48.16.6. Executing AIGER frontend.
<suppressed ~4624 debug messages>
Removed 3415 unused cells and 7555 unused wires.

8.48.16.7. Executing ABC9_OPS pass (helper functions for ABC9).
ABC RESULTS:              $lut cells:      529
ABC RESULTS:   $paramod\MISTRAL_ALUT_ARITH\LUT0=16'1010101010101010\LUT1=16'1100001111000011 cells:        2
ABC RESULTS:   \MISTRAL_FF_$abc9_byp cells:      519
ABC RESULTS:           input signals:      526
ABC RESULTS:          output signals:       16
Removing temp directory.

8.48.16.1. Executing ABC9_OPS pass (helper functions for ABC9).

8.48.16.2. Executing ABC9_OPS pass (helper functions for ABC9).

8.48.16.3. Executing XAIGER backend.
<suppressed ~13 debug messages>
Extracted 1 AND gates and 1038 wires from module `auth_chip_top' to a netlist network with 1029 inputs and 1027 outputs.

8.48.16.4. Executing ABC9_EXE pass (technology mapping using ABC9).

8.48.16.5. Executing ABC9.
Running ABC command: "<yosys-exe-dir>/yosys-abc" -s -f <abc-temp-dir>/abc.script 2>&1
ABC: ABC command line: "source <abc-temp-dir>/abc.script".
ABC: 
ABC: + read_lut <abc-temp-dir>/input.lut 
ABC: + read_box <abc-temp-dir>/input.box 
ABC: + &read <abc-temp-dir>/input.xaig 
ABC: + &ps 
ABC: <abc-temp-dir>/input : i/o =   1029/   1027  and =       1  lev =    1 (0.00)  mem = 0.03 MB  box = 2  bb = 2
ABC: + &scorr 
ABC: Warning: The network is combinational.
ABC: + &sweep 
ABC: + &dc2 
ABC: + &dch -f 
ABC: + &ps 
ABC: <abc-temp-dir>/input : i/o =   1029/   1027  and =       1  lev =    1 (0.00)  mem = 0.03 MB  ch =    0  box = 2  bb = 2
ABC: cst =       0  cls =      0  lit =       0  unused =    1032  proof =     0
ABC: + &if -W 600 -v 
ABC: K = 6. Memory (bytes): Truth =    0. Cut =   60. Obj =  144. Set =  636. CutMin = no
ABC: Node =       1.  Ch =     0.  Total mem =    0.31 MB. Peak cut mem =    0.00 MB.
ABC: P:  Del = 1000.00.  Ar =       1.0.  Edge =        2.  Cut =        1.  T =     0.00 sec
ABC: P:  Del = 1000.00.  Ar =       1.0.  Edge =        2.  Cut =        1.  T =     0.00 sec
ABC: P:  Del = 1000.00.  Ar =       1.0.  Edge =        2.  Cut =        1.  T =     0.00 sec
ABC: F:  Del = 1000.00.  Ar =       1.0.  Edge =        2.  Cut =        1.  T =     0.00 sec
ABC: A:  Del = 1000.00.  Ar =       1.0.  Edge =        2.  Cut =        1.  T =     0.00 sec
ABC: A:  Del = 1000.00.  Ar =       1.0.  Edge =        2.  Cut =        1.  T =     0.00 sec
ABC: Total time =     0.00 sec
ABC: + &write -n <abc-temp-dir>/output.aig 
ABC: + &mfs 
ABC: The network is not changed by "&mfs".
ABC: + &ps -l 
ABC: <abc-temp-dir>/input : i/o =   1029/   1027  and =       1  lev =    1 (0.00)  mem = 0.03 MB  box = 2  bb = 2
ABC: Mapping (K=2)  :  lut =      1  edge =       2  lev =    1 (0.00)  levB =    1  mem = 0.01 MB
ABC: LUT = 1 : 2=1 100.0 %  Ave = 2.00
ABC: + &write -n <abc-temp-dir>/output.aig 
ABC: + time 
ABC: elapse: 0.01 seconds, total: 0.01 seconds

8.48.16.6. Executing AIGER frontend.
<suppressed ~4124 debug messages>
Removed 2 unused cells and 2063 unused wires.

8.48.16.7. Executing ABC9_OPS pass (helper functions for ABC9).
ABC RESULTS:              $lut cells:        1
ABC RESULTS:   \MISTRAL_FF_$abc9_byp cells:        2
ABC RESULTS:           input signals:        6
ABC RESULTS:          output signals:       27
Removing temp directory.

8.48.16.1. Executing ABC9_OPS pass (helper functions for ABC9).

8.48.16.2. Executing ABC9_OPS pass (helper functions for ABC9).

8.48.16.3. Executing XAIGER backend.
<suppressed ~467 debug messages>
Extracted 2077 AND gates and 5843 wires from module `protocol' to a netlist network with 824 inputs and 723 outputs.

8.48.16.4. Executing ABC9_EXE pass (technology mapping using ABC9).

8.48.16.5. Executing ABC9.
Running ABC command: "<yosys-exe-dir>/yosys-abc" -s -f <abc-temp-dir>/abc.script 2>&1
ABC: ABC command line: "source <abc-temp-dir>/abc.script".
ABC: 
ABC: + read_lut <abc-temp-dir>/input.lut 
ABC: + read_box <abc-temp-dir>/input.box 
ABC: + &read <abc-temp-dir>/input.xaig 
ABC: + &ps 
ABC: <abc-temp-dir>/input : i/o =    824/    723  and =    1895  lev =   17 (0.60)  mem = 0.08 MB  box = 553  bb = 456
ABC: + &scorr 
ABC: Warning: The network is combinational.
ABC: + &sweep 
ABC: + &dc2 
ABC: + &dch -f 
ABC: + &ps 
ABC: <abc-temp-dir>/input : i/o =    824/    723  and =    3311  lev =   15 (0.69)  mem = 0.09 MB  ch =  362  box = 550  bb = 456
ABC: cst =       0  cls =    347  lit =     362  unused =    4070  proof =     0
ABC: + &if -W 600 -v 
ABC: K = 6. Memory (bytes): Truth =    0. Cut =   60. Obj =  144. Set =  636. CutMin = no
ABC: Node =    3311.  Ch =   347.  Total mem =    1.06 MB. Peak cut mem =    0.02 MB.
ABC: P:  Del = 5714.00.  Ar =     730.0.  Edge =     2738.  Cut =    25181.  T =     0.00 sec
ABC: P:  Del = 5714.00.  Ar =     695.0.  Edge =     2770.  Cut =    24842.  T =     0.00 sec
ABC: P:  Del = 5714.00.  Ar =     656.0.  Edge =     1911.  Cut =    27599.  T =     0.00 sec
ABC: F:  Del = 5714.00.  Ar =     633.0.  Edge =     1838.  Cut =    25243.  T =     0.00 sec
ABC: A:  Del = 5714.00.  Ar =     629.0.  Edge =     1708.  Cut =    25198.  T =     0.00 sec
ABC: A:  Del = 5714.00.  Ar =     629.0.  Edge =     1704.  Cut =    25759.  T =     0.00 sec
ABC: Total time =     0.02 sec
ABC: + &write -n <abc-temp-dir>/output.aig 
ABC: + &mfs 
ABC: + &ps -l 
ABC: <abc-temp-dir>/input : i/o =    824/    723  and =    1590  lev =   16 (0.69)  mem = 0.08 MB  box = 550  bb = 456
ABC: Mapping (K=6)  :  lut =    526  edge =    1680  lev =    6 (0.57)  Boxes are not in a topological order. Switching to level computation without boxes.
ABC: levB =   16  mem = 0.03 MB
ABC: LUT = 526 : 2=284 54.0 %  3=92 17.5 %  4=11 2.1 %  5=42 8.0 %  6=97 18.4 %  Ave = 3.19
ABC: + &write -n <abc-temp-dir>/output.aig 
ABC: + time 
ABC: elapse: 0.14 seconds, total: 0.14 seconds

8.48.16.6. Executing AIGER frontend.
<suppressed ~3109 debug messages>
Removed 2327 unused cells and 6309 unused wires.

8.48.16.7. Executing ABC9_OPS pass (helper functions for ABC9).
ABC RESULTS:              $lut cells:      527
ABC RESULTS:   $paramod\MISTRAL_ALUT_ARITH\LUT0=16'1010101010101010\LUT1=16'0000000000000000 cells:        4
ABC RESULTS:   $paramod\MISTRAL_ALUT_ARITH\LUT0=16'1010101010101010\LUT1=16'1100001111000011 cells:       90
ABC RESULTS:   \MISTRAL_FF_$abc9_byp cells:      456
ABC RESULTS:           input signals:      468
ABC RESULTS:          output signals:       29
Removing temp directory.

8.48.16.1. Executing ABC9_OPS pass (helper functions for ABC9).

8.48.16.2. Executing ABC9_OPS pass (helper functions for ABC9).

8.48.16.3. Executing XAIGER backend.
<suppressed ~367 debug messages>
Extracted 808 AND gates and 3263 wires from module `secure_store' to a netlist network with 619 inputs and 650 outputs.

8.48.16.4. Executing ABC9_EXE pass (technology mapping using ABC9).

8.48.16.5. Executing ABC9.
Running ABC command: "<yosys-exe-dir>/yosys-abc" -s -f <abc-temp-dir>/abc.script 2>&1
ABC: ABC command line: "source <abc-temp-dir>/abc.script".
ABC: 
ABC: + read_lut <abc-temp-dir>/input.lut 
ABC: + read_box <abc-temp-dir>/input.box 
ABC: + &read <abc-temp-dir>/input.xaig 
ABC: + &ps 
ABC: <abc-temp-dir>/input : i/o =    619/    650  and =     296  lev =    6 (0.18)  mem = 0.04 MB  box = 388  bb = 356
ABC: + &scorr 
ABC: Warning: The network is combinational.
ABC: + &sweep 
ABC: + &dc2 
ABC: + &dch -f 
ABC: + &ps 
ABC: <abc-temp-dir>/input : i/o =    619/    650  and =     331  lev =    6 (0.18)  mem = 0.04 MB  ch =   11  box = 388  bb = 356
ABC: cst =       0  cls =     11  lit =      11  unused =    1348  proof =     0
ABC: + &if -W 600 -v 
ABC: K = 6. Memory (bytes): Truth =    0. Cut =   60. Obj =  144. Set =  636. CutMin = no
ABC: Node =     331.  Ch =    11.  Total mem =    0.45 MB. Peak cut mem =    0.01 MB.
ABC: P:  Del = 4790.00.  Ar =     271.0.  Edge =      566.  Cut =      918.  T =     0.00 sec
ABC: P:  Del = 4790.00.  Ar =     271.0.  Edge =      565.  Cut =      902.  T =     0.00 sec
ABC: P:  Del = 4508.00.  Ar =     270.0.  Edge =      566.  Cut =      984.  T =     0.00 sec
ABC: F:  Del = 4508.00.  Ar =     270.0.  Edge =      566.  Cut =      608.  T =     0.00 sec
ABC: A:  Del = 4508.00.  Ar =     270.0.  Edge =      566.  Cut =      604.  T =     0.00 sec
ABC: A:  Del = 4508.00.  Ar =     270.0.  Edge =      566.  Cut =      604.  T =     0.00 sec
ABC: Total time =     0.00 sec
ABC: + &write -n <abc-temp-dir>/output.aig 
ABC: + &mfs 
ABC: The network is not changed by "&mfs".
ABC: + &ps -l 
ABC: <abc-temp-dir>/input : i/o =    619/    650  and =     296  lev =    6 (0.18)  mem = 0.04 MB  box = 388  bb = 356
ABC: Mapping (K=5)  :  lut =    270  edge =     566  lev =    4 (0.17)  levB =   33  mem = 0.02 MB
ABC: LUT = 270 : 2=257 95.2 %  3=1 0.4 %  4=11 4.1 %  5=1 0.4 %  Ave = 2.10
ABC: + &write -n <abc-temp-dir>/output.aig 
ABC: + time 
ABC: elapse: 0.02 seconds, total: 0.02 seconds

8.48.16.6. Executing AIGER frontend.
<suppressed ~2550 debug messages>
Removed 31 unused cells and 2913 unused wires.

8.48.16.7. Executing ABC9_OPS pass (helper functions for ABC9).
ABC RESULTS:              $lut cells:      272
ABC RESULTS:   $paramod\MISTRAL_ALUT_ARITH\LUT0=16'1010101010101010\LUT1=16'1100001111000011 cells:       32
ABC RESULTS:   \MISTRAL_FF_$abc9_byp cells:      356
ABC RESULTS:           input signals:      364
ABC RESULTS:          output signals:       15
Removing temp directory.

8.48.16.1. Executing ABC9_OPS pass (helper functions for ABC9).

8.48.16.2. Executing ABC9_OPS pass (helper functions for ABC9).

8.48.16.3. Executing XAIGER backend.
<suppressed ~819 debug messages>
Extracted 6056 AND gates and 16840 wires from module `sha256_tt07' to a netlist network with 1332 inputs and 1088 outputs.

8.48.16.4. Executing ABC9_EXE pass (technology mapping using ABC9).

8.48.16.5. Executing ABC9.
Running ABC command: "<yosys-exe-dir>/yosys-abc" -s -f <abc-temp-dir>/abc.script 2>&1
ABC: ABC command line: "source <abc-temp-dir>/abc.script".
ABC: 
ABC: + read_lut <abc-temp-dir>/input.lut 
ABC: + read_box <abc-temp-dir>/input.box 
ABC: + &read <abc-temp-dir>/input.xaig 
ABC: + &ps 
ABC: <abc-temp-dir>/input : i/o =   1332/   1088  and =    5303  lev =   32 (1.46)  mem = 0.14 MB  box = 852  bb = 808
ABC: + &scorr 
ABC: Warning: The network is combinational.
ABC: + &sweep 
ABC: + &dc2 
ABC: + &dch -f 
ABC: + &ps 
ABC: <abc-temp-dir>/input : i/o =   1332/   1088  and =    6001  lev =   74 (1.63)  mem = 0.15 MB  ch =  555  box = 852  bb = 808
ABC: cst =       0  cls =    523  lit =     555  unused =    7151  proof =     0
ABC: + &if -W 600 -v 
ABC: K = 6. Memory (bytes): Truth =    0. Cut =   60. Obj =  144. Set =  636. CutMin = no
ABC: Node =    6001.  Ch =   523.  Total mem =    1.71 MB. Peak cut mem =    0.10 MB.
ABC: P:  Del = 12547.00.  Ar =    1752.0.  Edge =     6676.  Cut =    69132.  T =     0.01 sec
ABC: P:  Del = 12547.00.  Ar =    1711.0.  Edge =     6502.  Cut =    66865.  T =     0.01 sec
ABC: P:  Del = 12547.00.  Ar =    1580.0.  Edge =     5723.  Cut =    80692.  T =     0.01 sec
ABC: F:  Del = 12547.00.  Ar =    1501.0.  Edge =     5460.  Cut =    76499.  T =     0.01 sec
ABC: A:  Del = 12547.00.  Ar =    1431.0.  Edge =     5154.  Cut =    77766.  T =     0.01 sec
ABC: A:  Del = 12547.00.  Ar =    1426.0.  Edge =     5138.  Cut =    77591.  T =     0.02 sec
ABC: Total time =     0.06 sec
ABC: + &write -n <abc-temp-dir>/output.aig 
ABC: + &mfs 
ABC: + &ps -l 
ABC: <abc-temp-dir>/input : i/o =   1332/   1088  and =    6940  lev =   71 (1.64)  mem = 0.16 MB  box = 852  bb = 808
ABC: Mapping (K=6)  :  lut =   1316  edge =    5083  lev =   16 (0.82)  Boxes are not in a topological order. Switching to level computation without boxes.
ABC: levB =   71  mem = 0.08 MB
ABC: LUT = 1316 : 2=314 23.9 %  3=36 2.7 %  4=562 42.7 %  5=325 24.7 %  6=79 6.0 %  Ave = 3.86
ABC: + &write -n <abc-temp-dir>/output.aig 
ABC: + time 
ABC: elapse: 0.38 seconds, total: 0.38 seconds

8.48.16.6. Executing AIGER frontend.
<suppressed ~4852 debug messages>
Removed 11446 unused cells and 17313 unused wires.

8.48.16.7. Executing ABC9_OPS pass (helper functions for ABC9).
ABC RESULTS:              $lut cells:     1452
ABC RESULTS:   $paramod\MISTRAL_ALUT_ARITH\LUT0=16'1010101010101010\LUT1=16'1100001111000011 cells:       44
ABC RESULTS:   \MISTRAL_FF_$abc9_byp cells:      808
ABC RESULTS:           input signals:      814
ABC RESULTS:          output signals:      156
Removing temp directory.

8.48.16.1. Executing ABC9_OPS pass (helper functions for ABC9).

8.48.16.2. Executing ABC9_OPS pass (helper functions for ABC9).

8.48.16.3. Executing XAIGER backend.
<suppressed ~340 debug messages>
Extracted 4295 AND gates and 10679 wires from module `tt_um_xeniarose_sha256' to a netlist network with 348 inputs and 329 outputs.

8.48.16.4. Executing ABC9_EXE pass (technology mapping using ABC9).

8.48.16.5. Executing ABC9.
Running ABC command: "<yosys-exe-dir>/yosys-abc" -s -f <abc-temp-dir>/abc.script 2>&1
ABC: ABC command line: "source <abc-temp-dir>/abc.script".
ABC: 
ABC: + read_lut <abc-temp-dir>/input.lut 
ABC: + read_box <abc-temp-dir>/input.box 
ABC: + &read <abc-temp-dir>/input.xaig 
ABC: + &ps 
ABC: <abc-temp-dir>/input : i/o =    348/    329  and =    3711  lev =   54 (3.23)  mem = 0.07 MB  box = 361  bb = 329
ABC: + &scorr 
ABC: Warning: The network is combinational.
ABC: + &sweep 
ABC: + &dc2 
ABC: + &dch -f 
ABC: + &ps 
ABC: <abc-temp-dir>/input : i/o =    348/    329  and =    4698  lev =   88 (4.00)  mem = 0.08 MB  ch =  351  box = 361  bb = 329
ABC: cst =       0  cls =    307  lit =     351  unused =    4781  proof =     0
ABC: + &if -W 600 -v 
ABC: K = 6. Memory (bytes): Truth =    0. Cut =   60. Obj =  144. Set =  636. CutMin = no
ABC: Node =    4698.  Ch =   307.  Total mem =    1.01 MB. Peak cut mem =    0.07 MB.
ABC: P:  Del = 15154.00.  Ar =    1549.0.  Edge =     5462.  Cut =    62785.  T =     0.01 sec
ABC: P:  Del = 14828.00.  Ar =    1626.0.  Edge =     5710.  Cut =    59321.  T =     0.01 sec
ABC: P:  Del = 14828.00.  Ar =    1389.0.  Edge =     4934.  Cut =    84888.  T =     0.01 sec
ABC: F:  Del = 14828.00.  Ar =    1241.0.  Edge =     4424.  Cut =    70499.  T =     0.01 sec
ABC: A:  Del = 14828.00.  Ar =    1123.0.  Edge =     3892.  Cut =    73815.  T =     0.01 sec
ABC: A:  Del = 14828.00.  Ar =    1106.0.  Edge =     3868.  Cut =    74479.  T =     0.01 sec
ABC: Total time =     0.06 sec
ABC: + &write -n <abc-temp-dir>/output.aig 
ABC: + &mfs 
ABC: + &ps -l 
ABC: <abc-temp-dir>/input : i/o =    348/    329  and =    6704  lev =   85 (3.87)  mem = 0.11 MB  box = 361  bb = 329
ABC: Mapping (K=6)  :  lut =    974  edge =    3778  lev =   18 (1.31)  Boxes are not in a topological order. Switching to level computation without boxes.
ABC: levB =   85  mem = 0.05 MB
ABC: LUT = 974 : 2=66 6.8 %  3=436 44.8 %  4=129 13.2 %  5=236 24.2 %  6=107 11.0 %  Ave = 3.88
ABC: + &write -n <abc-temp-dir>/output.aig 
ABC: + time 
ABC: elapse: 1.38 seconds, total: 1.38 seconds

8.48.16.6. Executing AIGER frontend.
<suppressed ~1366 debug messages>
Removed 11964 unused cells and 14134 unused wires.

8.48.16.7. Executing ABC9_OPS pass (helper functions for ABC9).
ABC RESULTS:              $lut cells:      974
ABC RESULTS:   $paramod\MISTRAL_ALUT_ARITH\LUT0=16'1010101010101010\LUT1=16'1100001111000011 cells:       32
ABC RESULTS:   \MISTRAL_FF_$abc9_byp cells:      329
ABC RESULTS:           input signals:      334
ABC RESULTS:          output signals:       77
Removing temp directory.

8.48.17. Executing TECHMAP pass (map to technology primitives).

8.48.17.1. Executing Verilog-2005 frontend: /usr/bin/../share/yosys/abc9_unmap.v
Parsing Verilog input from `/usr/bin/../share/yosys/abc9_unmap.v' to AST representation.
Generating RTLIL representation for module `\$__DFF_x__$abc9_flop'.
Generating RTLIL representation for module `\$__ABC9_SCC_BREAKER'.
Successfully finished Verilog frontend.

8.48.17.2. Continuing TECHMAP pass.
Using template MISTRAL_FF_$abc9_byp for cells of type MISTRAL_FF_$abc9_byp.
Using template $paramod\MISTRAL_ALUT_ARITH\LUT0=16'1010101010101010\LUT1=16'1100001111000011 for cells of type $paramod\MISTRAL_ALUT_ARITH\LUT0=16'1010101010101010\LUT1=16'1100001111000011.
Using template $paramod\MISTRAL_ALUT_ARITH\LUT0=16'1010101010101010\LUT1=16'0000000000000000 for cells of type $paramod\MISTRAL_ALUT_ARITH\LUT0=16'1010101010101010\LUT1=16'0000000000000000.
No more expansions possible.
<suppressed ~2794 debug messages>

8.49. Executing TECHMAP pass (map to technology primitives).

8.49.1. Executing Verilog-2005 frontend: /usr/bin/../share/yosys/intel_alm/common/abc9_unmap.v
Parsing Verilog input from `/usr/bin/../share/yosys/intel_alm/common/abc9_unmap.v' to AST representation.
Generating RTLIL representation for module `\$__MISTRAL_FF_SYNCONLY'.
Successfully finished Verilog frontend.

8.49.2. Continuing TECHMAP pass.
No more expansions possible.
<suppressed ~3 debug messages>

8.50. Executing TECHMAP pass (map to technology primitives).

8.50.1. Executing Verilog-2005 frontend: /usr/bin/../share/yosys/intel_alm/common/alm_map.v
Parsing Verilog input from `/usr/bin/../share/yosys/intel_alm/common/alm_map.v' to AST representation.
Generating RTLIL representation for module `\$lut'.
Successfully finished Verilog frontend.

8.50.2. Continuing TECHMAP pass.
Using template $paramod\$lut\WIDTH=32'00000000000000000000000000000011\LUT=8'11001010 for cells of type $lut.
Using template $paramod$456d59706a6b79f30784d135401df0094470c74c\$lut for cells of type $lut.
Using template $paramod$21a9cf1c7cffed4ea7970972274e8bcced7c7005\$lut for cells of type $lut.
Using template $paramod\$lut\WIDTH=32'00000000000000000000000000000011\LUT=8'10110010 for cells of type $lut.
Using template $paramod\$lut\WIDTH=32'00000000000000000000000000000011\LUT=8'10010110 for cells of type $lut.
Using template $paramod\$lut\WIDTH=32'00000000000000000000000000000010\LUT=4'0110 for cells of type $lut.
Using template $paramod\$lut\WIDTH=32'00000000000000000000000000000010\LUT=4'0100 for cells of type $lut.
Using template $paramod$3bb5aee4275cb4780c46d95e8a84d1df2177e53b\$lut for cells of type $lut.
Using template $paramod$9d9c3e7f7441bbf1c49b56dc2ed0a6d57597a30c\$lut for cells of type $lut.
Using template $paramod$492df9a83366e06acb8428a7c359534b7f912a03\$lut for cells of type $lut.
Using template $paramod$695869780c988023aafb615b520d6a1fc69aa703\$lut for cells of type $lut.
Using template $paramod$fd904e9e35cfd343a9df248824bd3f1408724879\$lut for cells of type $lut.
Using template $paramod$5b2486305a23953cee7560c3a24bdd1fe98c4eaa\$lut for cells of type $lut.
Using template $paramod$480632dc6f7c037df6062cf8bf88300b5262c395\$lut for cells of type $lut.
Using template $paramod\$lut\WIDTH=32'00000000000000000000000000000011\LUT=8'10001110 for cells of type $lut.
Using template $paramod$47eaed4c3c111df849ea66053b541faa949dbd36\$lut for cells of type $lut.
Using template $paramod\$lut\WIDTH=32'00000000000000000000000000000011\LUT=8'00001101 for cells of type $lut.
Using template $paramod\$lut\WIDTH=32'00000000000000000000000000000011\LUT=8'00101011 for cells of type $lut.
Using template $paramod$52c44a5a4cd712275a4404fc28d7decd55483f31\$lut for cells of type $lut.
Using template $paramod$99a7fa149572d3808b79cbf6383e3de5a6d1e782\$lut for cells of type $lut.
Using template $paramod$5b13d2ee598c87cdbe912286a35c6fd102e2087c\$lut for cells of type $lut.
Using template $paramod$b065757d0cda614235685a1f331e3e919462693d\$lut for cells of type $lut.
Using template $paramod$a4af53f55864226df532848d8fd08058691f47b6\$lut for cells of type $lut.
Using template $paramod$f3d61162ae96bf57c7a3ced00299ee3aa3ae2194\$lut for cells of type $lut.
Using template $paramod$439540fe294be87423d2f9b2d843f9aedf83d0df\$lut for cells of type $lut.
Using template $paramod$8b92ec46b86d429854c765123324481af1b7eb66\$lut for cells of type $lut.
Using template $paramod$48858a0cdda2de6934604a272e0a7e64a67fda48\$lut for cells of type $lut.
Using template $paramod\$lut\WIDTH=32'00000000000000000000000000000011\LUT=8'10000010 for cells of type $lut.
Using template $paramod$c170cc2d14a7e2d622cb6968b6f13c62fd918749\$lut for cells of type $lut.
Using template $paramod$09a034e541312618adbbf5f0c8efbc649e834687\$lut for cells of type $lut.
Using template $paramod$264f7a5e5ce1f6e601721b2a79f79712ce70ea5d\$lut for cells of type $lut.
Using template $paramod$00995d24549c2884f9777b784fe9334506406000\$lut for cells of type $lut.
Using template $paramod$187ecc66c71a4ecb5e7bf945e9cd7b22abb3435e\$lut for cells of type $lut.
Using template $paramod$a856ef875d3309925422711d47ac4112deb3e546\$lut for cells of type $lut.
Using template $paramod\$lut\WIDTH=32'00000000000000000000000000000010\LUT=4'1000 for cells of type $lut.
Using template $paramod$251994398653c4cf8de320f1e306e535d5d2d624\$lut for cells of type $lut.
Using template $paramod$47a8214374025465e226fa66bee690ff33268a25\$lut for cells of type $lut.
Using template $paramod$c28a8b7ce0535d090c4cfb52e9c74affd52b110c\$lut for cells of type $lut.
Using template $paramod$f8f63b209b7230e81958663ff24fef1613156af7\$lut for cells of type $lut.
Using template $paramod$6d6beead1425af15cf78b27fd9b11b41b5d4bce8\$lut for cells of type $lut.
Using template $paramod$101238f3d8d49ab12a9b49a2f01cd503b26e9c61\$lut for cells of type $lut.
Using template $paramod$873c285bdccf0ac2b60d2304ea5cd14bf211d2a6\$lut for cells of type $lut.
Using template $paramod$f3ada871809f362efd8eb0c4fb952bb5c98f0750\$lut for cells of type $lut.
Using template $paramod$6e238df02989b317f10820a22773676e71120644\$lut for cells of type $lut.
Using template $paramod$272652f6c6fbe9a75eff76e45cc7e2788835518b\$lut for cells of type $lut.
Using template $paramod$ddace04fba544e6adc4cdda6a50048ddd7c111af\$lut for cells of type $lut.
Using template $paramod$5e9374f44a27c3f8a1c38af244ec43ceb4fb8d4f\$lut for cells of type $lut.
Using template $paramod$8e44661def013b6bf9fe6f8b049ef2c838d749f9\$lut for cells of type $lut.
Using template $paramod$a5516fc31d1e552de2435200bb732b4d4ad63a9c\$lut for cells of type $lut.
Using template $paramod$542e2fdf39f66ee0d9684372297ec1f9c72087d5\$lut for cells of type $lut.
Using template $paramod$7b76f914a9a7b5985f645628ce3b7d04e0dd84ea\$lut for cells of type $lut.
Using template $paramod$b4f85a6321a00b090afc4e21d68e7b99eb94d149\$lut for cells of type $lut.
Using template $paramod$d52cb446bc89fafcaa49f2b908e540f513a4d760\$lut for cells of type $lut.
Using template $paramod$dcf6b48dae45f23ee3fee4cd4dc72b755bcc2f99\$lut for cells of type $lut.
Using template $paramod$d21d214a5aa271f2d9da3f90f22432c0ecee130f\$lut for cells of type $lut.
Using template $paramod$2962f979358b8c59f7d908c222c6d1fad7aeea7e\$lut for cells of type $lut.
Using template $paramod$2fd3c42461376c704c07117e7368b2ed8179d1e0\$lut for cells of type $lut.
Using template $paramod$5afe21d6fdc7c33aeb338fdb508ea02813207bfd\$lut for cells of type $lut.
Using template $paramod$fdc35d135b68c7c77eb5329f8cddae871a3129f6\$lut for cells of type $lut.
Using template $paramod\$lut\WIDTH=32'00000000000000000000000000000011\LUT=8'01101001 for cells of type $lut.
Using template $paramod\$lut\WIDTH=32'00000000000000000000000000000010\LUT=4'0010 for cells of type $lut.
Using template $paramod$d00848a17604c6632f4891cf3d8e3a945e6c3606\$lut for cells of type $lut.
Using template $paramod$a071f14b60bdbdeac62762f8859d2e577a8dd40b\$lut for cells of type $lut.
Using template $paramod$0e989afe235f9f1f48fe56705761d238cd07c93c\$lut for cells of type $lut.
Using template $paramod$dd3ccfd21b35a7394e2e16b14536dd77e514c7b9\$lut for cells of type $lut.
Using template $paramod$ffeb25995fbcd78f812e9c3f248b50db6b4540c9\$lut for cells of type $lut.
Using template $paramod$76047f25dc6891a4e58d8c8a09c988f62ac4a09d\$lut for cells of type $lut.
Using template $paramod$a7cc71f76bcdf1ac4ba857a58b21921ea465e330\$lut for cells of type $lut.
Using template $paramod\$lut\WIDTH=32'00000000000000000000000000000011\LUT=8'11101000 for cells of type $lut.
Using template $paramod$e82d8f487b2415436f923513acdbaead711956b0\$lut for cells of type $lut.
Using template $paramod$fd265ec3c00985bfb7ddcb7e38bce1e08910ee22\$lut for cells of type $lut.
Using template $paramod$beb06525253be7e84872a981490b064c0a4f4e1d\$lut for cells of type $lut.
Using template $paramod$e5cb8e913f4daae476fde2b364998f21967f1f08\$lut for cells of type $lut.
Using template $paramod$7144fecdad31d2be3b890333241dfda04b3981c5\$lut for cells of type $lut.
Using template $paramod\$lut\WIDTH=32'00000000000000000000000000000010\LUT=4'1001 for cells of type $lut.
Using template $paramod$2e2222461fa8d6f04456b90983e68514b0e7e272\$lut for cells of type $lut.
Using template $paramod$96fc790ea1a29edc883104621d804fc27b319b43\$lut for cells of type $lut.
Using template $paramod$ba20b6011e7e77a713f6ce6a2fd73c175f13e63b\$lut for cells of type $lut.
Using template $paramod$beb4efcf685f3a9fdcbff7e6cef9101583958748\$lut for cells of type $lut.
Using template $paramod$fba771f1762aa2dc32a62ad817361cacbbde5630\$lut for cells of type $lut.
Using template $paramod$0ff77e1356ec5858253a52894358643ae0bf7901\$lut for cells of type $lut.
Using template $paramod$ebc303d773dde6052092a7db5d6016a7f5c15c42\$lut for cells of type $lut.
Using template $paramod$4282def8dbd6df3d1248ad282c629bee684502c2\$lut for cells of type $lut.
Using template $paramod$ba3b430530154479a9d992f498522d4a31bd9282\$lut for cells of type $lut.
Using template $paramod$f0a02cf691b103dde07f8bb5ad74f539aed09c7b\$lut for cells of type $lut.
Using template $paramod$e31f4a15e8ae4137baae1f802395a9480e459eb7\$lut for cells of type $lut.
Using template $paramod$473aa360107d50d199d87d976fbec83dd0319c0a\$lut for cells of type $lut.
Using template $paramod$cde6d6f4dd6f4a15cc86f3a9de49f23b2989de4b\$lut for cells of type $lut.
Using template $paramod$7aba81ca83e2a34ccd00f0da54d88ecafb5e5db8\$lut for cells of type $lut.
Using template $paramod$ffe047b8c0fbe0e6691a775db943e876ab87a52a\$lut for cells of type $lut.
Using template $paramod$55cc188378eef126b5edff747241e058d68f08cf\$lut for cells of type $lut.
Using template $paramod$eef343c92d5191c14f7eb47073fca1221f905922\$lut for cells of type $lut.
Using template $paramod$96630918a9ebb6051d6fe39129974cdb6d1c0bfe\$lut for cells of type $lut.
Using template $paramod$a3f90c21a427657b0daaf1a0d4d8d7c81cece5ef\$lut for cells of type $lut.
Using template $paramod$465699a5bcdd9e5f6fcd9a9c59f41511f3edda2d\$lut for cells of type $lut.
Using template $paramod$4a33c04191cfbd6d76858fcdbc8828702ccc4cb7\$lut for cells of type $lut.
Using template $paramod\$lut\WIDTH=32'00000000000000000000000000000010\LUT=4'0001 for cells of type $lut.
Using template $paramod$f5c97e291c8b48d9f1b4239d871ab7639e5a24ac\$lut for cells of type $lut.
Using template $paramod$c6025fd406546c9701a9ba87823598fa85ad6b16\$lut for cells of type $lut.
Using template $paramod\$lut\WIDTH=32'00000000000000000000000000000011\LUT=8'10101001 for cells of type $lut.
Using template $paramod$e56d99447d8a3ece8eda45209ed4b9fdcdbf8d26\$lut for cells of type $lut.
Using template $paramod$49e5050bb903e2983199e299e6317643963fb03b\$lut for cells of type $lut.
Using template $paramod$cd769dbcbbad5c1fe53d7744a0985a64dfeb47ea\$lut for cells of type $lut.
Using template $paramod$5ea0deb79b2149d7dee36146458e3dde75b36081\$lut for cells of type $lut.
Using template $paramod$5d352ecdf195b693a90538128ebbd570e66454a4\$lut for cells of type $lut.
Using template $paramod$90c89fe14aa7924070b9d81bb68ac0df6f6a28e3\$lut for cells of type $lut.
Using template $paramod$0fc74cc70086484999f39e771a2d02495e9ad11d\$lut for cells of type $lut.
Using template $paramod$7b02afc7cc5867aeff61f9fc6686cfcb730e32cd\$lut for cells of type $lut.
Using template $paramod$bfaa0ec8072119baff0b80371c9da14779a198ac\$lut for cells of type $lut.
Using template $paramod$a23abd5573f0b1eda1acce323f6ae8f8e92a28a1\$lut for cells of type $lut.
Using template $paramod$fa8a753335f41a83e8f8f5dcef5b33900cb318f8\$lut for cells of type $lut.
Using template $paramod$902ed43dcaa6101b2d051ad26600288d910a8996\$lut for cells of type $lut.
Using template $paramod\$lut\WIDTH=32'00000000000000000000000000000011\LUT=8'00100011 for cells of type $lut.
Using template $paramod\$lut\WIDTH=32'00000000000000000000000000000011\LUT=8'01001101 for cells of type $lut.
Using template $paramod$26918802e6ed329b7afdcbcae3efbad76693779f\$lut for cells of type $lut.
Using template $paramod\$lut\WIDTH=32'00000000000000000000000000000011\LUT=8'11100010 for cells of type $lut.
Using template $paramod$6fedbc9a3e7bc8270209efcbc2195dab079e6a4a\$lut for cells of type $lut.
Using template $paramod$8718dea825ec4e69a705740fcc234c35e3abc4bc\$lut for cells of type $lut.
Using template $paramod$e32c370cb7786d27b07e6865b79d4fe866fe1113\$lut for cells of type $lut.
Using template $paramod$a36df8cc99428717d44c2342ab2159150ec5d5d5\$lut for cells of type $lut.
Using template $paramod$7f91b6aba53c47e1460722c8a4023f8d724a9eb1\$lut for cells of type $lut.
Using template $paramod$e83dc90c61703007ae77f8062b2696b0c632cd42\$lut for cells of type $lut.
Using template $paramod$7afb265295fdb57d277db7be80ee1efea8c62742\$lut for cells of type $lut.
Using template $paramod$8466aae7f3132f822e70bbd8738850d820750479\$lut for cells of type $lut.
Using template $paramod$019ec29d03131f32b265474a2edef3b126a33aef\$lut for cells of type $lut.
Using template $paramod$2cacc5264ab60e599e85dfc5402f6d60aac15d6f\$lut for cells of type $lut.
Using template $paramod\$lut\WIDTH=32'00000000000000000000000000000011\LUT=8'00101110 for cells of type $lut.
Using template $paramod$be63de38d6c7e86edd4d25c0a81c371d063c9697\$lut for cells of type $lut.
Using template $paramod$1ba369782c661c9db5121177abdb5ca3e78bb35d\$lut for cells of type $lut.
Using template $paramod$d4adfd13655411eff57a44a50977cdbd77d96baf\$lut for cells of type $lut.
Using template $paramod$01c954f3ccfb35914a3a738c89d5bf2cb57b50f6\$lut for cells of type $lut.
Using template $paramod$6ab1af087b7cdbbe9fe0b2c8de0775ec05f2311f\$lut for cells of type $lut.
Using template $paramod\$lut\WIDTH=32'00000000000000000000000000000011\LUT=8'11010100 for cells of type $lut.
Using template $paramod$d584fea2360dda8151932e9c7650815d06026aad\$lut for cells of type $lut.
Using template $paramod$babd7b66946317c093947d0782d51c26873023e7\$lut for cells of type $lut.
Using template $paramod$cb170d7743a6470023548fcd7979476868584961\$lut for cells of type $lut.
Using template $paramod$eb8a5b027cff08dad050b7714d65b48f8ee594e3\$lut for cells of type $lut.
Using template $paramod$bba54c1ef87367812b4c15f4aed5ac70773df775\$lut for cells of type $lut.
Using template $paramod$d9922e15eb5da1acc26e937540cc16b16c2ad42c\$lut for cells of type $lut.
Using template $paramod$ad931ab32a2f23d51d3df2019e81d5ce9f13bcc8\$lut for cells of type $lut.
Using template $paramod\$lut\WIDTH=32'00000000000000000000000000000011\LUT=8'01010110 for cells of type $lut.
Using template $paramod$f3643a7e117954ab1e58636af8ec2b4ac7154a62\$lut for cells of type $lut.
Using template $paramod$658b9ed803f0d3d335616d3858b53e0a2522f1e8\$lut for cells of type $lut.
Using template $paramod$66325678940afd41c61b170d732ae58cbedb59dc\$lut for cells of type $lut.
Using template $paramod$99395cb35e468d81573486ac9ad4942686120338\$lut for cells of type $lut.
Using template $paramod$a96c1b98643fd4029e7967e2dfdaed9f89b3206a\$lut for cells of type $lut.
Using template $paramod$f9813472aa48e533b3838c6f2316dc2e78c66111\$lut for cells of type $lut.
Using template $paramod$364c9ffbffac467d60dfec81bba4e18476c15602\$lut for cells of type $lut.
Using template $paramod$764142a2b8391d0c5c7d42d62fc60b3bb51f0f40\$lut for cells of type $lut.
Using template $paramod$dc5e5023f841e626f467d1c6d88b5043bf71a844\$lut for cells of type $lut.
Using template $paramod$b587e1dcd8f8a9800d395e4aeecac52c55d6f585\$lut for cells of type $lut.
Using template $paramod$d3c1d5169264e76c07dfdd8a6e4bfb53d678aff9\$lut for cells of type $lut.
Using template $paramod$9d86f5e2dc86b21d7c71ede35c58857f165b4692\$lut for cells of type $lut.
Using template $paramod$81674e5ce0a740bd3df4bc9aa2a0d98f67dc9361\$lut for cells of type $lut.
Using template $paramod$716538cf8f5b2007b24fdf70f4b7a960d8f2bbc5\$lut for cells of type $lut.
Using template $paramod$cf60000ab43029a4046ed083cbc57c8354f1c9d8\$lut for cells of type $lut.
Using template $paramod$b1680225cc6a5792caa95f54b8b3218fae21705d\$lut for cells of type $lut.
Using template $paramod$a3077fa2cf8e48a37d410abdac8a7cce2583fbf3\$lut for cells of type $lut.
Using template $paramod$762dcdf49521c1aa2145fa6746ab6d57dd5df22e\$lut for cells of type $lut.
Using template $paramod$f43bf15400946f565ec15cd72d115c6878b68aca\$lut for cells of type $lut.
Using template $paramod$66caeb00a39d236782a97659e3bd99621b74681b\$lut for cells of type $lut.
Using template $paramod$26f7d2c24f75ebb22562236c7b28ced0ef3b4913\$lut for cells of type $lut.
Using template $paramod$5348912da867a611a8088b6b8b27a62d65f1de6e\$lut for cells of type $lut.
Using template $paramod\$lut\WIDTH=32'00000000000000000000000000000011\LUT=8'00110010 for cells of type $lut.
Using template $paramod$4978360fe53bdcf6193c85aac631cf6592e5a5ce\$lut for cells of type $lut.
Using template $paramod$85fb810986ad3238fa389dd7aaf8ca6609ad199a\$lut for cells of type $lut.
Using template $paramod$8f9861f02dd8b1c17fe40ce0c52e99ec806f149f\$lut for cells of type $lut.
Using template $paramod$2ed94d1dfad155e72d4a62c9181d5bf3f66bed65\$lut for cells of type $lut.
Using template $paramod$c92106469089edeb8ad4d6daf5067879a8f6ba9f\$lut for cells of type $lut.
Using template $paramod$2991a9166162362f9843a52417028067813fc539\$lut for cells of type $lut.
Using template $paramod\$lut\WIDTH=32'00000000000000000000000000000011\LUT=8'00010000 for cells of type $lut.
Using template $paramod\$lut\WIDTH=32'00000000000000000000000000000011\LUT=8'00000010 for cells of type $lut.
Using template $paramod\$lut\WIDTH=32'00000000000000000000000000000010\LUT=4'1110 for cells of type $lut.
Using template $paramod$4cab3b31c601551ff65536bf4f533afa0b2094ee\$lut for cells of type $lut.
Using template $paramod$176a6ceafa512d807921d7dfc76320dfbbfb5fe4\$lut for cells of type $lut.
Using template $paramod$c459c9f8d42117424a0070526e22ab3497eb714a\$lut for cells of type $lut.
Using template $paramod\$lut\WIDTH=32'00000000000000000000000000000011\LUT=8'01110001 for cells of type $lut.
Using template $paramod$69f20e0703606f2ffd2ee27cd26f815bd5eeb6e9\$lut for cells of type $lut.
Using template $paramod$8ef0ea264a80f81b985577e9457e505d68a897be\$lut for cells of type $lut.
Using template $paramod$704cad882e2bedddf5c55ef18de55c67afe1e0ec\$lut for cells of type $lut.
Using template $paramod$cf9af2e9d91d583ef3c8cc39626b71d17629172a\$lut for cells of type $lut.
Using template $paramod$9d2d51c431b0b64cba43ecafc110603fdeff7831\$lut for cells of type $lut.
Using template $paramod\$lut\WIDTH=32'00000000000000000000000000000001\LUT=2'01 for cells of type $lut.
Using template $paramod$b5eaa944167c44141cd0b12b407742284caee319\$lut for cells of type $lut.
Using template $paramod$50d3a346c3265bfe587eab0f6e4dade476161d5c\$lut for cells of type $lut.
Using template $paramod$8edb47382e3ff82e127cc150afbbd44caa3a1de3\$lut for cells of type $lut.
Using template $paramod$29068ebc1e18179d6b1f3ea85591149081ded3ed\$lut for cells of type $lut.
Using template $paramod$090127793786232241237e73c324983d3b8ccf4b\$lut for cells of type $lut.
Using template $paramod$93b474cc03318a79e4643a3a3ea212704a47025b\$lut for cells of type $lut.
Using template $paramod$9d2131f2a7df977ffc506d3945b87787103176ce\$lut for cells of type $lut.
Using template $paramod$db40a7dea6e71c34caf26a478bd838c212c5682f\$lut for cells of type $lut.
Using template $paramod$c8cb5f6f8a829dd19419853c02d4472a983d8d59\$lut for cells of type $lut.
Using template $paramod$aa7131eb1ca20ec0fdf8cf9dd3564882e527243e\$lut for cells of type $lut.
Using template $paramod$fd7d7bf9e3c2ba9a5d8a0af8a542f04d7df20d33\$lut for cells of type $lut.
Using template $paramod$fdcae86fcfd036c1880a04306ae771a9d7579c31\$lut for cells of type $lut.
Using template $paramod$c5c49020910b92ff4373b705f131c82fdde71644\$lut for cells of type $lut.
Using template $paramod$7574320828dc07d38204ffbfcf1fba303553f4d4\$lut for cells of type $lut.
Using template $paramod$79a5f4f6c85f6353a05008626bbb50a513afc30e\$lut for cells of type $lut.
Using template $paramod$caa7250968ac8bae0c5edf0a2f5799e8c51ee847\$lut for cells of type $lut.
Using template $paramod\$lut\WIDTH=32'00000000000000000000000000000011\LUT=8'00000100 for cells of type $lut.
Using template $paramod$20ba583962918fa0136fc97b1558cc45cc91cc29\$lut for cells of type $lut.
Using template $paramod$442baeae092489cd02e40f6c04cd5e504f5dc9fe\$lut for cells of type $lut.
Using template $paramod\$lut\WIDTH=32'00000000000000000000000000000011\LUT=8'01000000 for cells of type $lut.
Using template $paramod$3fd12db03aeee29b04c450792ea328ef1bb1f18d\$lut for cells of type $lut.
Using template $paramod$6cecf0051ac1d444068ae490b01109f8dbad3e3d\$lut for cells of type $lut.
Using template $paramod$b2077130d89736f5191d0d24f7f6ffd3bddb0a2d\$lut for cells of type $lut.
Using template $paramod$957f355f9de029d6b7aa6ed700863318f675c08b\$lut for cells of type $lut.
Using template $paramod$936ac6590d5a09b7b63f82a23394168cb53d716c\$lut for cells of type $lut.
Using template $paramod$2f927054f797a5706e69053a974d4b702d1f3194\$lut for cells of type $lut.
Using template $paramod$7a095420ced81ba9a4b5d088e35b12c83d6818e0\$lut for cells of type $lut.
Using template $paramod$7966f48db80872e19779d076252972f1e91d3e0f\$lut for cells of type $lut.
Using template $paramod$15a81347e9c8f6fe758adeee916dc341c09acccc\$lut for cells of type $lut.
Using template $paramod$dab808ccc37d020df9166d993e18890388a83b07\$lut for cells of type $lut.
Using template $paramod$d71ece1fa60e9bafd061972c3b82f554fae8e226\$lut for cells of type $lut.
Using template $paramod$3836c76a9e12022ca4245642909c9788e3bd3e8f\$lut for cells of type $lut.
Using template $paramod$f5c118b1371bfc24986fe89a9f3e936c05edfbc3\$lut for cells of type $lut.
Using template $paramod$fc098b3c11d953401818546b943ee8c7ee197ad7\$lut for cells of type $lut.
Using template $paramod$c7ca376a0f967532cafda4b2374404483ee3ce85\$lut for cells of type $lut.
Using template $paramod$9d2a30d4ce97b52120171c8caf6593b6e9f01921\$lut for cells of type $lut.
Using template $paramod$4385b611926e5c0509dba4de58311d325da0ff0d\$lut for cells of type $lut.
Using template $paramod$de0cfbf042671e74ccda8afd309cd5db894ca1a6\$lut for cells of type $lut.
Using template $paramod$e5e0b3ddfad741c9efef28018ea9d09c68de87c3\$lut for cells of type $lut.
Using template $paramod$bde5e24f87fb3cd331e2c44c409e3e09c230cbf4\$lut for cells of type $lut.
Using template $paramod$607be9a0193557d3de931f8c662e100bde739d07\$lut for cells of type $lut.
Using template $paramod$4d99439fad1b29b5828f41b086d412adfc884c2d\$lut for cells of type $lut.
Using template $paramod$4493affb84d512968b815c21f70fee3281f74963\$lut for cells of type $lut.
Using template $paramod$5175e11ee4ffde65719270968e5f8782bff09d67\$lut for cells of type $lut.
Using template $paramod$c0e395c2d0dfbafa147a6aae7cfc1897ce26affb\$lut for cells of type $lut.
Using template $paramod$cd05caaf261e4148f336c0ecc488c806e4433d99\$lut for cells of type $lut.
Using template $paramod$750a5feee099fb9d232b54805f67c62fbf337cfc\$lut for cells of type $lut.
Using template $paramod$d9285d3ce634e807ec93d69d5a0de7e8fa84cef3\$lut for cells of type $lut.
Using template $paramod$490b641b8949f1900354a226faeb335b596ac3bb\$lut for cells of type $lut.
Using template $paramod$43b6d5cca7c41f619b5ada08f24089907a056e2a\$lut for cells of type $lut.
Using template $paramod$368ece0cbe0dd8813956f5c0ea41432c34a980c2\$lut for cells of type $lut.
Using template $paramod$f91974ed76679978bb5ed737ed2baef1784b50ab\$lut for cells of type $lut.
Using template $paramod$088ada469cd921cbd73626d3022f20b63b4b0ce1\$lut for cells of type $lut.
Using template $paramod$d4df15ee3025f3f702a2898baa82003a73252cb9\$lut for cells of type $lut.
Using template $paramod$262a2182e7bd84a2ac9e91db8ab2eabfc61d56a5\$lut for cells of type $lut.
Using template $paramod$09c1b539b48d61a25fea5b57e3caf6cb652b99fe\$lut for cells of type $lut.
Using template $paramod$af1ef731f566b3541481a4cd51a8a39a9c0807e9\$lut for cells of type $lut.
Using template $paramod$8f0687b3b1e843d1af48a2820ee1e560d6b66240\$lut for cells of type $lut.
Using template $paramod$e4296d56c6b4c5bb1e387e27048d4fcb652f307b\$lut for cells of type $lut.
Using template $paramod$a6b2d4693fada6bebbe4480262641915d709d280\$lut for cells of type $lut.
Using template $paramod$2955ab75367a3dc9d6f50d3655eebcd4f615031f\$lut for cells of type $lut.
Using template $paramod$f85f1073c412d406200a6a72283f918c8b751314\$lut for cells of type $lut.
Using template $paramod$3bd9702252236a6c187124f80f760fb994bf6009\$lut for cells of type $lut.
Using template $paramod$da241d6ace2eae62aa3741a6e71c6dba37d7d6cf\$lut for cells of type $lut.
Using template $paramod$feed62b81885d862984d59be9361dc2086c01376\$lut for cells of type $lut.
Using template $paramod$2c1331102d4298da7cad903f5bff3a3b34edd031\$lut for cells of type $lut.
Using template $paramod$1494a5af3376d4784fcb7dd4508c7cd84061c1da\$lut for cells of type $lut.
Using template $paramod$ed2e1ffc9f19cf61a274fa880cbe7d9e7438fc68\$lut for cells of type $lut.
Using template $paramod$868680ab9e9acbbe33628b006dc6ddee6041580a\$lut for cells of type $lut.
Using template $paramod$89689b13d79682f5176772b552aff02ae8cb979b\$lut for cells of type $lut.
Using template $paramod$98e1521d5576d8df6923f64aeef3eaea11e2e912\$lut for cells of type $lut.
Using template $paramod\$lut\WIDTH=32'00000000000000000000000000000011\LUT=8'00100111 for cells of type $lut.
Using template $paramod$905ee2f04f50e7553a5b9830ba7f5adfe6fb1f73\$lut for cells of type $lut.
Using template $paramod$4a49e9404d3e34455ddfaddd105faf034026db5d\$lut for cells of type $lut.
Using template $paramod$8faae5d1e1b5d4ccf352ab6353a6009db9921242\$lut for cells of type $lut.
Using template $paramod$18f9dd91231d3af60a1c4b9d858f4995a2ad9b0f\$lut for cells of type $lut.
Using template $paramod$afd0790d600cb09d082477b5eae369a5a2b78267\$lut for cells of type $lut.
Using template $paramod$dafa738dc8d037da47b96954456ec8ccffc08599\$lut for cells of type $lut.
Using template $paramod$23ec0f51387a51ff6a919e4665d5827b94c04834\$lut for cells of type $lut.
Using template $paramod$f363e00134ae27b63695586b53bb270d62d11564\$lut for cells of type $lut.
Using template $paramod$dac16c1927116308464b46da1555e400c0f412f8\$lut for cells of type $lut.
Using template $paramod$3f89f0bc8e9abe1ac5c42cad4e98e2ee96074e9f\$lut for cells of type $lut.
Using template $paramod$138459f9cf8abc3b6336fd22245eb97c5f8f44e1\$lut for cells of type $lut.
Using template $paramod$bc5f4fa74ad73e2cabd17ba26a774e74fe67c319\$lut for cells of type $lut.
Using template $paramod$3fcfab0c503395e2d148ff0157ef88741414f871\$lut for cells of type $lut.
Using template $paramod$6414c2991125de0bc419c9905209841f33e81364\$lut for cells of type $lut.
Using template $paramod$4221946b4015c400dadb7e4753c593c59e0ce7cb\$lut for cells of type $lut.
Using template $paramod$099e5b979647a7996fd56775243b814200f54eef\$lut for cells of type $lut.
Using template $paramod$23d852b3c1ad440949d603c9c86c29dff4ed093d\$lut for cells of type $lut.
Using template $paramod$11506cafff252dd67bd4cba43ffd9f9900f79bd6\$lut for cells of type $lut.
Using template $paramod$1607844567e0cd0621445b61bc33eb964d9d3924\$lut for cells of type $lut.
Using template $paramod$d1a661c65bec5f561dfe7b27a92fa5230154f065\$lut for cells of type $lut.
Using template $paramod$5e6ecbde40d86495701dcb85b7872fd7a9f08220\$lut for cells of type $lut.
Using template $paramod$ec6c71d259df49ae0842190ffaff1179e43a8db4\$lut for cells of type $lut.
Using template $paramod$d79e8c7f0cb3bd049a34d82ec5fe688d444e5a52\$lut for cells of type $lut.
Using template $paramod$710684171c3ba3693b1818d826f5ef8aeaff37c3\$lut for cells of type $lut.
Using template $paramod$b2192df6f90569fea4015d0a6658bdc192199f95\$lut for cells of type $lut.
Using template $paramod$703a13a751e631ef123f38f7d2125aeabec0f94c\$lut for cells of type $lut.
Using template $paramod$7f9f55801ac8962a6cd6d452eedfb9dbf880dc7c\$lut for cells of type $lut.
Using template $paramod$8ccf61cbd280c99ab22986f0067fd91897da1e7f\$lut for cells of type $lut.
Using template $paramod$0c051d83397849eb42a05264475ba40efb861eb2\$lut for cells of type $lut.
Using template $paramod$d65299dbc4c4db6ba7b51016f41a5616324f9b7a\$lut for cells of type $lut.
Using template $paramod$0e85ee84681a3242934ca2236de1e53235267f1a\$lut for cells of type $lut.
Using template $paramod$7c14be3593c7ecc531c515b257fad282b57a871b\$lut for cells of type $lut.
Using template $paramod$71eb90e0464ad0b6b11d548d5b8655fffc3399e5\$lut for cells of type $lut.
Using template $paramod$4773b75c97018e61f57445eeea3243adae0e285e\$lut for cells of type $lut.
Using template $paramod$b55f45c6dc20e6c434e3ecfaac16a92e424cd4fe\$lut for cells of type $lut.
Using template $paramod$9f61cb508ba35004d4c2be487c83232ba64074bd\$lut for cells of type $lut.
Using template $paramod$e704011655f05a264c96f1cc378e8a95fe12f5a1\$lut for cells of type $lut.
Using template $paramod$4f1ded401e259015c68c199aa11140cbf255411e\$lut for cells of type $lut.
Using template $paramod$221e014f7679339a06da877368ccbe804e8f7b83\$lut for cells of type $lut.
Using template $paramod\$lut\WIDTH=32'00000000000000000000000000000011\LUT=8'10001100 for cells of type $lut.
Using template $paramod$982333d5ef9b1a6363b60953cd3e037489efbebe\$lut for cells of type $lut.
Using template $paramod$770f4e0f5cd55771d598ff78f7165d5e4a875bec\$lut for cells of type $lut.
Using template $paramod$9da0f8af139adedf3616d3c8409dcb76d0b8945a\$lut for cells of type $lut.
Using template $paramod$970b3bf71699009ccaccebcad1bd31f747c7bbaf\$lut for cells of type $lut.
Using template $paramod$028e503861792ef2faa7a49f86896b8c441bfd8d\$lut for cells of type $lut.
Using template $paramod$0fc3229d76b96e73c368cbd37b628f3b1dcd612f\$lut for cells of type $lut.
Using template $paramod$093e5d8c701be6dee132ca27ebee584fe0e0006e\$lut for cells of type $lut.
Using template $paramod$df23d368a6ae8908771963811f5ab56f622887ca\$lut for cells of type $lut.
Using template $paramod$5b2d11dfad564472e4becde80e781769b108a1e2\$lut for cells of type $lut.
Using template $paramod$db4578d6d00ebd62ba4d44782dd40600470746e7\$lut for cells of type $lut.
Using template $paramod$cd2ff7a53b5335477a9863816c21426970440780\$lut for cells of type $lut.
Using template $paramod$8fed26a3d4b24bc562310c5ba340f6ade3ea1dd3\$lut for cells of type $lut.
Using template $paramod$d3be1fc2f0d4e985bc49244552adad1e21f34e88\$lut for cells of type $lut.
Using template $paramod$4467409df50b31db525d7331a4ffb73e14b97ad7\$lut for cells of type $lut.
Using template $paramod$8b026a8e4a7fcaba5fff822de8f735d191a6765a\$lut for cells of type $lut.
Using template $paramod$e1b9e56d39b3a14f6e0b3c6ddda4b907a86b27a3\$lut for cells of type $lut.
Using template $paramod$7d0045f21c6d32d870a65c3b29901f0b6dfdf9e3\$lut for cells of type $lut.
Using template $paramod$f969aefcb5fdd29444244ce17e4806b1ebc6f568\$lut for cells of type $lut.
Using template $paramod$bc764deabdea10a7bd532ec23f8feabacaa48cdc\$lut for cells of type $lut.
Using template $paramod$a020e93fd0c1967e83903875e0184990bb125f64\$lut for cells of type $lut.
Using template $paramod$9ef69bf3fc1931db13a16c952a8f6e07bddf55a9\$lut for cells of type $lut.
Using template $paramod$978533a5b32d93d6672d469143db30e078e27cfd\$lut for cells of type $lut.
Using template $paramod$ecbf01c7525348e20e32c0df5f0b9570ea6df933\$lut for cells of type $lut.
Using template $paramod\$lut\WIDTH=32'00000000000000000000000000000011\LUT=8'10101000 for cells of type $lut.
Using template $paramod$45edf53254f2fc7e3718cab5397f0083c69e474c\$lut for cells of type $lut.
Using template $paramod$af45c3f9cd720d78e9de2f1906fce3c9214cd7ee\$lut for cells of type $lut.
Using template $paramod$8d2a20251b9b97bb971aabb54a02008fa03aaf5c\$lut for cells of type $lut.
Using template $paramod\$lut\WIDTH=32'00000000000000000000000000000011\LUT=8'00000001 for cells of type $lut.
Using template $paramod$b00305917aadb373d9cd418ac58893285712af7b\$lut for cells of type $lut.
Using template $paramod$90d8adfb233cca6ba2627aec3ada5b61bb43bd18\$lut for cells of type $lut.
Using template $paramod$74dd2d3e13674bfd3b3074e3df85f9c4d14d6695\$lut for cells of type $lut.
Using template $paramod$9bdc414229f06e785dc8fd97a243faa9336e164a\$lut for cells of type $lut.
Using template $paramod\$lut\WIDTH=32'00000000000000000000000000000011\LUT=8'00110001 for cells of type $lut.
Using template $paramod$8adf7fbd410d2cc654c288d5be5f7508ee8809b0\$lut for cells of type $lut.
Using template $paramod$a3b6feb0ba7f68e208aec658f5b378feeb17d84d\$lut for cells of type $lut.
Using template $paramod$83a094b6fe9fb738dfff353a8cb39fb4b34c4f40\$lut for cells of type $lut.
Using template $paramod$66f9c58c759edf7b58a57f136aceed50d0680ddb\$lut for cells of type $lut.
Using template $paramod$b9c7c914738b9417940ae4f72ab3bf75e49ec6fa\$lut for cells of type $lut.
Using template $paramod$8f2dcb49398f707ead20c5d5974f91b5494e3553\$lut for cells of type $lut.
Using template $paramod$873a0037c1c65982d7b65a71b1f1e9eb8721124a\$lut for cells of type $lut.
Using template $paramod$1fefa90b0f989f629c90b721a7c44eefb3b0cda0\$lut for cells of type $lut.
Using template $paramod$9ecbd119d9a7afa6a3daf7a5bfabb24f943145a6\$lut for cells of type $lut.
Using template $paramod$01acf3a7b1dd954c751c0c36fa7d363300b2f455\$lut for cells of type $lut.
Using template $paramod$6565e92242a21f5338d449de809baa175c228bcf\$lut for cells of type $lut.
Using template $paramod$96e1788a3f5eedab2e0a0224be0ac45fe39dd5f9\$lut for cells of type $lut.
Using template $paramod$1c5e623b6004e1c39d00dd80667b1839a9269a8d\$lut for cells of type $lut.
Using template $paramod\$lut\WIDTH=32'00000000000000000000000000000011\LUT=8'10001101 for cells of type $lut.
Using template $paramod$583ab9ac1461e39a821306604d6ff0927be25eda\$lut for cells of type $lut.
Using template $paramod$1cd5ad57711d0268082e3817b592c6c72b84be66\$lut for cells of type $lut.
Using template $paramod$7f3e8bf68c012ee3b16628b346be3c7c7fd4e1d0\$lut for cells of type $lut.
Using template $paramod$4eb1ddf7adc9950eb588c89d1448ddf3ad3717e5\$lut for cells of type $lut.
Using template $paramod$3fd756c0096ffe19725bbdd16b1cd7ebd664772c\$lut for cells of type $lut.
Using template $paramod$d2706028118fd005e7450620f296d5b71156007d\$lut for cells of type $lut.
Using template $paramod$cc8cafa241da983664c6cf2f14f5a1c8bcb2adec\$lut for cells of type $lut.
Using template $paramod$c27c81c9e16cf1211b43223612cb90e28f4f7280\$lut for cells of type $lut.
Using template $paramod$8cac5452d526045503c5864c3a1dac0121c7053e\$lut for cells of type $lut.
Using template $paramod$26e8b7d58de35c1fa313d07b3e47a7d088a075da\$lut for cells of type $lut.
Using template $paramod$656b8fe9c3cdd9cad1773a06bde5817dabab1c5b\$lut for cells of type $lut.
Using template $paramod$23434d3a66fb100aa14a9685ba51ce393651945d\$lut for cells of type $lut.
Using template $paramod$e019cb14313283ce60b57907d30cf3eefa00a93d\$lut for cells of type $lut.
Using template $paramod$865395c0228487a64a8e4011cecafc2c64b79f2b\$lut for cells of type $lut.
Using template $paramod$b56552b15644de250f928c7e882226531acd70c9\$lut for cells of type $lut.
Using template $paramod$0827cb06bed2d263d20713d6d74d86d1c5cba7b0\$lut for cells of type $lut.
Using template $paramod$aa712a0dd608b86565fac25033400416c1a70498\$lut for cells of type $lut.
Using template $paramod$4a0b7d2a2849f16773696ba19d68aee3da2f49f1\$lut for cells of type $lut.
Using template $paramod$f3ad6e7b11cc6ec495fe9200543a67aa0e705e42\$lut for cells of type $lut.
Using template $paramod$8ba68492559dc13ad3c2288f89733c82f70899cd\$lut for cells of type $lut.
Using template $paramod$4f8cd95b67cddbb07aba8e0359c7d4bcfb254b11\$lut for cells of type $lut.
Using template $paramod$1fa51b17e1c67a8b0031d417b134d60a9fa1867e\$lut for cells of type $lut.
Using template $paramod$6637bca88e9f564680ba11b983c98929b3c8ea68\$lut for cells of type $lut.
Using template $paramod$583294f05aaec818beb341e1ee966bc090a0a81c\$lut for cells of type $lut.
Using template $paramod$515ef3a9b5e42bd5d7533bdf444ebd44fa8b3ff0\$lut for cells of type $lut.
Using template $paramod$6c7a0f265d36921e1c72a47ebfa845e805f9ea6c\$lut for cells of type $lut.
Using template $paramod$87264988c50d02f476f605bc72b1febd89e8a8c4\$lut for cells of type $lut.
Using template $paramod$acc18e82c4525bd7324a430c7071e084a2374d16\$lut for cells of type $lut.
Using template $paramod$cd6c4b4da6d8737b72fd2dc8f5d83d8967445809\$lut for cells of type $lut.
Using template $paramod$9fd0c5cc6be456d16a689ed2870e45963722e7a7\$lut for cells of type $lut.
Using template $paramod$0ca5fb9dc489c5a5c81a234988b07c854cb103dc\$lut for cells of type $lut.
Using template $paramod$b925aff96ffe586c30fbdf631f09ad2b71ff1c80\$lut for cells of type $lut.
Using template $paramod$570b6a00170a982dffb80eb9296317afb229005b\$lut for cells of type $lut.
Using template $paramod$0e8118f57091887b69621002899e386bb0a2e25a\$lut for cells of type $lut.
Using template $paramod$8ae27f9a21f16ce73cd0a368367e8f3b085e31b9\$lut for cells of type $lut.
Using template $paramod$4a189d00007766216077095f1099506dd724e1dd\$lut for cells of type $lut.
Using template $paramod$0599df9e94cc8a32021949e4cb3c8b58976f1b65\$lut for cells of type $lut.
Using template $paramod$b5e1be0d789b026430a6ccdedc173e656d2d569f\$lut for cells of type $lut.
Using template $paramod$59124d16d90da26259a05bd958b740d286ccf1b4\$lut for cells of type $lut.
Using template $paramod$b7b5d8e8bf23e16c2c6148c02e5a5472ab449a80\$lut for cells of type $lut.
Using template $paramod$db8d333bf66c0cdffe51960a4478272318cfbbaa\$lut for cells of type $lut.
Using template $paramod$1119d8d7061362a54edaed88c7db14e934a96470\$lut for cells of type $lut.
Using template $paramod$5b86c44f0efdee8d612fc46787b79cf7bb30d652\$lut for cells of type $lut.
Using template $paramod$705cf174c9854ad19bd7ee061bfdb3904976cc0c\$lut for cells of type $lut.
Using template $paramod$5a621b016c894274d07edef48c49b401a15fd796\$lut for cells of type $lut.
Using template $paramod$e6a488add0b5a2d742e2ae29f62ce7616e04271d\$lut for cells of type $lut.
Using template $paramod$95f7aaf87bc97e279ed8d77acf5962ca869e1b0b\$lut for cells of type $lut.
Using template $paramod$fd95daef289be7584c51b1072c36d673944b457a\$lut for cells of type $lut.
Using template $paramod$41960fd91a979cf35bb8dd07790cd3a4b34ad98d\$lut for cells of type $lut.
Using template $paramod$03d8865a6ec726bcc77031ea05963faf646de6d2\$lut for cells of type $lut.
Using template $paramod$02750f8d568bd99efbda01449a05e084a3143ca8\$lut for cells of type $lut.
Using template $paramod$c8d1ea13545ff94b0a3e963a50c2a7208486c6a0\$lut for cells of type $lut.
Using template $paramod$c6a38f4ddd1965eda21b70d97e0f4638de00e1d5\$lut for cells of type $lut.
Using template $paramod$fd253dbe020cba1f083063278f2fa81d5012af50\$lut for cells of type $lut.
Using template $paramod$8c9b5e9bb62abaf17e0e3ba291dfc46a25ef38ac\$lut for cells of type $lut.
Using template $paramod$a5788e8bd3559e65ba7c6a1d93529c6fb76569b9\$lut for cells of type $lut.
Using template $paramod$7e36e272fc0089597982764c7e5120c0d4c3cd2e\$lut for cells of type $lut.
Using template $paramod$0bc01333290685e3100c96581905cb9da4b46818\$lut for cells of type $lut.
Using template $paramod$312b4704155c94486df11fdfa7a6940d5d78db29\$lut for cells of type $lut.
Using template $paramod$8ff624c27fd38d1f4af0341b62a2dd84226c68cd\$lut for cells of type $lut.
Using template $paramod$d1dd7206b83042578060c682df6c16cd7048e127\$lut for cells of type $lut.
Using template $paramod\$lut\WIDTH=32'00000000000000000000000000000011\LUT=8'00000111 for cells of type $lut.
Using template $paramod$f57e44a8f794cb82e1fe049a5c3a3a11e1bff764\$lut for cells of type $lut.
Using template $paramod$a09f63e98630d20c1184def327acd4bc1f654e2e\$lut for cells of type $lut.
Using template $paramod$068008855dd602044894816f38fa3afb59c09976\$lut for cells of type $lut.
Using template $paramod$50d91969105d30fa7f77584841cbde76eac0215b\$lut for cells of type $lut.
Using template $paramod$723eb79ef8d5d376f3f196f4acfa8e347145a0fa\$lut for cells of type $lut.
Using template $paramod$f70975b76a29c10b288d75392f032cb89dcc27be\$lut for cells of type $lut.
Using template $paramod$580b20e0241a6541e5d21b46bdde761737a416f0\$lut for cells of type $lut.
Using template $paramod$766f851776a2d25e13728c9147ddfe7ff70917a3\$lut for cells of type $lut.
Using template $paramod$5cc9a298f20dee86968705d8251ffd84d706c3d2\$lut for cells of type $lut.
Using template $paramod$ebfc46834a63ffcc548f4e6d4f0120284fc37a15\$lut for cells of type $lut.
Using template $paramod$c84e2dc1979cb486adbec7cd37794e292193b7e7\$lut for cells of type $lut.
Using template $paramod$99ab1a5e3bc3ec890e612d92b45aacb8161dace4\$lut for cells of type $lut.
Using template $paramod$e5274e25a309dd52a12ff24ec046c8d522bec41b\$lut for cells of type $lut.
Using template $paramod$069eb37611bb5caf5fbdb4dc32e3bae22837ea53\$lut for cells of type $lut.
Using template $paramod$e50929688d8319f8cd7bdd627065cd59d2e91fe4\$lut for cells of type $lut.
Using template $paramod$c804d3804ea70f6cee2f6063a3117ad6a823da98\$lut for cells of type $lut.
Using template $paramod$6ac62ef98a44787b0b5963c8c4e7a3c3b0c732d7\$lut for cells of type $lut.
Using template $paramod$1f2e9fac5a50470e5c35fb885e65b2cd6fb8d467\$lut for cells of type $lut.
Using template $paramod$0664630fe0275e435db370dd8fcfa558d7eb069b\$lut for cells of type $lut.
Using template $paramod$3a2cba823480c2f16a71711f5957a9c7c49d6fd6\$lut for cells of type $lut.
Using template $paramod$1e3f8a5d31c944af2c420a98182bc898ab495e11\$lut for cells of type $lut.
Using template $paramod$9039a5241e04d482bb67cdb7316ecaf41d66df10\$lut for cells of type $lut.
Using template $paramod\$lut\WIDTH=32'00000000000000000000000000000011\LUT=8'10001010 for cells of type $lut.
Using template $paramod\$lut\WIDTH=32'00000000000000000000000000000011\LUT=8'11001110 for cells of type $lut.
Using template $paramod$911c0a8785d762764de329c3460f537a5cad9cd1\$lut for cells of type $lut.
Using template $paramod$1c1a90c046979b054935df6fc70ea2da9278d077\$lut for cells of type $lut.
Using template $paramod$0d3ac82cf5b8a192d5ff4c23e3143360366ae882\$lut for cells of type $lut.
Using template $paramod$9e5f762d772fc95a260549de7a90afc4e249804e\$lut for cells of type $lut.
Using template $paramod$baa1ce3a8ef93aabed866bc9338b074e5d4a2671\$lut for cells of type $lut.
Using template $paramod$04d48322978cab3b07f00960290de11004847f03\$lut for cells of type $lut.
Using template $paramod$99d0672c9040aaeb1041d2bc46bd1de61a798d53\$lut for cells of type $lut.
Using template $paramod$ce87e129bec82f5679e2d6ffdc379594c46dec5a\$lut for cells of type $lut.
Using template $paramod$a9aef9f8973a5842fc91a131d62aa1a1c291edf3\$lut for cells of type $lut.
Using template $paramod$47544a949b54dffa3e50e21109d084e763cce4af\$lut for cells of type $lut.
Using template $paramod$81df3b5b0c68f16cd64a76012a4213a1b5a86efa\$lut for cells of type $lut.
Using template $paramod$e928d9265199792ad43a3b929f7c2f78214eb999\$lut for cells of type $lut.
Using template $paramod$d392bfd7276cdc2751b186f90dbfea4ad537777a\$lut for cells of type $lut.
Using template $paramod\$lut\WIDTH=32'00000000000000000000000000000011\LUT=8'11110010 for cells of type $lut.
Using template $paramod$a5ee9a071f4dc254a43fd1f7aba267668686cbc2\$lut for cells of type $lut.
Using template $paramod$47b2f5a9f58cb4be072657772748a1ab82d6819a\$lut for cells of type $lut.
Using template $paramod$571404c0889eaf57f492cb5e37f8acb5df5852f9\$lut for cells of type $lut.
Using template $paramod$cf652acbfbf67d2248e3045cd0f09c58ca55886c\$lut for cells of type $lut.
Using template $paramod$07b1b12ce0305f55108770e958fd02caedfebdf8\$lut for cells of type $lut.
Using template $paramod$98046c1535d33ed6574c7fc82fa1a375f216a00f\$lut for cells of type $lut.
Using template $paramod$97bfca9039f3e9d7910b0e6dd9bdc8ff87fbfc64\$lut for cells of type $lut.
Using template $paramod\$lut\WIDTH=32'00000000000000000000000000000010\LUT=4'1011 for cells of type $lut.
Using template $paramod$3850d8504649178e7760b7a11974cbfd9e92c98a\$lut for cells of type $lut.
Using template $paramod$3ef319efded008eed5f930491a82ee1762b3c0df\$lut for cells of type $lut.
Using template $paramod\$lut\WIDTH=32'00000000000000000000000000000011\LUT=8'11011000 for cells of type $lut.
Using template $paramod\$lut\WIDTH=32'00000000000000000000000000000011\LUT=8'01010011 for cells of type $lut.
Using template $paramod$df9129ba5c4bb59bd3031f030196b50735fc7417\$lut for cells of type $lut.
Using template $paramod$ec8f389d3b0c4ac15bc66a5f07b2ffe4e8f89d74\$lut for cells of type $lut.
Using template $paramod$4834046533425f54583d6bd31e49deb63455e1a5\$lut for cells of type $lut.
Using template $paramod$db0052e63506de7ad7fc8dcb58daadd8306f8d61\$lut for cells of type $lut.
Using template $paramod$45f714c5fe8c3207134946f7d3a5bc1249b9331e\$lut for cells of type $lut.
Using template $paramod$00a7a4a058b64da2a845bc05958394e0c8e6c836\$lut for cells of type $lut.
Using template $paramod$eba7de026ff587370e320127e266317dae097a89\$lut for cells of type $lut.
Using template $paramod$7be792c1d749e9a430c7ea5473f754fc98fef93d\$lut for cells of type $lut.
Using template $paramod$8f05b5f219ff034210d64bde08b0588cea0cb4fb\$lut for cells of type $lut.
Using template $paramod$0f7ed5d7209e6347a5cb8482268312fd622d1256\$lut for cells of type $lut.
Using template $paramod$8ab7d5f688445e4d64697b40a91d6cbdd2464324\$lut for cells of type $lut.
Using template $paramod$881eac59bc90b5777cc5e16685717221a3934597\$lut for cells of type $lut.
Using template $paramod$2aa26c1947cdf1b11b223a692f8b64702c280313\$lut for cells of type $lut.
Using template $paramod$02b9c7ab171861b8e016c84784ffe3456fd8a259\$lut for cells of type $lut.
Using template $paramod\$lut\WIDTH=32'00000000000000000000000000000011\LUT=8'11100100 for cells of type $lut.
Using template $paramod$7a9631fdb4ac8e8866ce8e21b171aa6fb812dd2b\$lut for cells of type $lut.
Using template $paramod$515e1c6009ad0f100904e1021817e8419c42350b\$lut for cells of type $lut.
Using template $paramod$db82982ab18a84064397e4c3ec344ed813c2dab8\$lut for cells of type $lut.
Using template $paramod$724da9269790c71f9decd1beb7b398115259e7ed\$lut for cells of type $lut.
Using template $paramod$3ec5e45cb3e54de9dbe908707155b5f9917c9370\$lut for cells of type $lut.
Using template $paramod$6ac5e4992281b33680c986e59f614ab0ee04aec6\$lut for cells of type $lut.
Using template $paramod$acda4eccb8b777ab4ba6808e33395751b64ed597\$lut for cells of type $lut.
Using template $paramod$7e6ff6767275bfce613ba19d09b0f1d294f5dd16\$lut for cells of type $lut.
Using template $paramod$b3a99c0e55029c371f2d462d902f636c443a33bd\$lut for cells of type $lut.
Using template $paramod$de5d1812e8087669c4e10a59313e0bc878b774db\$lut for cells of type $lut.
Using template $paramod$c82dc5c36e371f579f40d088cf61af3e2823a470\$lut for cells of type $lut.
Using template $paramod\$lut\WIDTH=32'00000000000000000000000000000011\LUT=8'10000000 for cells of type $lut.
Using template $paramod$1a40220439e1c7284a659636c84a8149cfbd2d98\$lut for cells of type $lut.
Using template $paramod$fe89c52e83c5b0456317806a3190c48a5e8494e5\$lut for cells of type $lut.
Using template $paramod$1570189312c8638b993342ee2f0fd5cfcb73dfe9\$lut for cells of type $lut.
Using template $paramod$e3e4230bb990723642112b292aa705ee0cbad0d4\$lut for cells of type $lut.
Using template $paramod\$lut\WIDTH=32'00000000000000000000000000000011\LUT=8'01111110 for cells of type $lut.
Using template $paramod$97bac17fa15316c8f3c1ff8768465e64a1b3edae\$lut for cells of type $lut.
Using template $paramod$a2718c5d745f5132d20226b1c7355643b78d1e09\$lut for cells of type $lut.
Using template $paramod$be279b3a95441f5ed77959a762fd1c3c8028198d\$lut for cells of type $lut.
Using template $paramod\$lut\WIDTH=32'00000000000000000000000000000011\LUT=8'11100000 for cells of type $lut.
Using template $paramod$a743caf801766df40bcc22d49baa12a0bdc2f7fe\$lut for cells of type $lut.
Using template $paramod$abdb2f7cf1cae6242d59240df163ff7f65808ab0\$lut for cells of type $lut.
Using template $paramod$f8e3fd213f5182755b6f55859ecf4a59116e583b\$lut for cells of type $lut.
Using template $paramod$86bda24da27ff06a82dd98914a114a3de05c9db0\$lut for cells of type $lut.
Using template $paramod\$lut\WIDTH=32'00000000000000000000000000000011\LUT=8'01001100 for cells of type $lut.
Using template $paramod$4af1155a3bef932556459f96120f7be328bb26c5\$lut for cells of type $lut.
Using template $paramod$498331fb09786d0df514fd7640900df4dc18fdc0\$lut for cells of type $lut.
Using template $paramod$c9b4c2a9c0dc1167be4deab1c1a8e523fb8d4715\$lut for cells of type $lut.
Using template $paramod$20235ca863361fbc253329cfc7eeea38c77404dc\$lut for cells of type $lut.
Using template $paramod$f5651ff2abca4d07e0dfb50ad5504abd96162cd4\$lut for cells of type $lut.
Using template $paramod$29e6d4598488760861f6b73d2b7f65cb302fdcde\$lut for cells of type $lut.
Using template $paramod$ce15874c299a587dd16825ec2d2d2759b547554e\$lut for cells of type $lut.
Using template $paramod$2645ed3928f2726e8ccb403cb23252de43b617d7\$lut for cells of type $lut.
Using template $paramod$08d21fc9b8b38f6620bcd8b92a4ea355a328681f\$lut for cells of type $lut.
Using template $paramod$52953750219effadf43093a566baf492fdd6b6c8\$lut for cells of type $lut.
Using template $paramod$a75310f3480c74f314f6ab01f5028f259f75dd68\$lut for cells of type $lut.
Using template $paramod$a988852add2bdce7c1dfac786401ba7c7bc832c1\$lut for cells of type $lut.
Using template $paramod$6036593eb6f7d1618fdaa514fe11339bec63f433\$lut for cells of type $lut.
Using template $paramod$66e741791413519a466d4f44240bc83d3a191818\$lut for cells of type $lut.
Using template $paramod$fa8d5651ade30e13ab9ff3d9e86f2af31963e50a\$lut for cells of type $lut.
Using template $paramod$20ac3f9f2cd752a746ad32213f9c4f07fd5930ff\$lut for cells of type $lut.
Using template $paramod$ff3b0d0a740b90d92a025b8e57ede634859a117c\$lut for cells of type $lut.
Using template $paramod$446d5374f1a9a50c11eb107999155fc0219be593\$lut for cells of type $lut.
Using template $paramod$da24ce81393cc5641df18c035f2c8ce33917cd00\$lut for cells of type $lut.
Using template $paramod$b8b1da782795298dcda1f21de7231f36b78c7d98\$lut for cells of type $lut.
Using template $paramod$cf99e2ba0c23584f07d6b7389984bfd23fed3c9a\$lut for cells of type $lut.
Using template $paramod$d49931df339f94e3a643283b1b989ab99d5fae52\$lut for cells of type $lut.
Using template $paramod$882c239751b2df23cf5dc46828a0b0262af28949\$lut for cells of type $lut.
Using template $paramod$17c27ffdda03355f95b2ba5edc73ca082237c935\$lut for cells of type $lut.
Using template $paramod\$lut\WIDTH=32'00000000000000000000000000000010\LUT=4'1101 for cells of type $lut.
Using template $paramod\$lut\WIDTH=32'00000000000000000000000000000011\LUT=8'00010011 for cells of type $lut.
Using template $paramod$9ba5247666abf48e8857932f9fb56cfe71e69e66\$lut for cells of type $lut.
Using template $paramod$2a380ab6fecf5a85f9b620588ad256d8fb7564a9\$lut for cells of type $lut.
Using template $paramod$979de62e47fc072c28f0efc9a6e34328f10a0b07\$lut for cells of type $lut.
Using template $paramod$4e549bd83d017aa5bcca14a32d293e8afc3c4e05\$lut for cells of type $lut.
Using template $paramod$e5761adfcc530461835be17350166b9d43dfadee\$lut for cells of type $lut.
Using template $paramod$957a380f427d5a818de1f534f149a6fc3baf9949\$lut for cells of type $lut.
Using template $paramod$07800babb648035d937009ec3a5b9dce86ddcc5f\$lut for cells of type $lut.
Using template $paramod$60e0a526d5120cb853aa823aea6dcb02645a9f39\$lut for cells of type $lut.
Using template $paramod\$lut\WIDTH=32'00000000000000000000000000000011\LUT=8'00100000 for cells of type $lut.
Using template $paramod$d708e7d815c6286f926bd8c3af062319e37a6ce1\$lut for cells of type $lut.
Using template $paramod$cbe027e37111ee6aade26f0cde1a82629524087d\$lut for cells of type $lut.
Using template $paramod$30305e55a780880b9c824fe3509a4d981acb0f2b\$lut for cells of type $lut.
Using template $paramod\$lut\WIDTH=32'00000000000000000000000000000011\LUT=8'11101100 for cells of type $lut.
Using template $paramod$cad8f5c808e91f937dcf797b89e646787b39867a\$lut for cells of type $lut.
Using template $paramod$60c930a1f58df5dbb56c34cd3f82ae9a179a2b2a\$lut for cells of type $lut.
Using template $paramod$4fa54c26ed1828223450420ca53d4097fddd10ed\$lut for cells of type $lut.
Using template $paramod$f097c45342cbd637dbaaf0e6cf634a37bec96d27\$lut for cells of type $lut.
Using template $paramod$d7816c8fe91c91c2deadbc0f27110529e1999027\$lut for cells of type $lut.
Using template $paramod$92e85407afe4deea7d21f8df970bd67adaa57e19\$lut for cells of type $lut.
Using template $paramod$8829675bb8c52553aed9f101ec0d5ef0c865e5c7\$lut for cells of type $lut.
Using template $paramod$5cf2525b664b36459a821ffe2493c454bb5effd9\$lut for cells of type $lut.
Using template $paramod$3a98d5b24ad80a2b6b2f7cbfc10ae0514808d0eb\$lut for cells of type $lut.
Using template $paramod$3ccc23db184ad4ca7ed34ebe2511de41d5d97e78\$lut for cells of type $lut.
Using template $paramod$63450430358a602c65b50e08e20ce4c3b3605541\$lut for cells of type $lut.
Using template $paramod\$lut\WIDTH=32'00000000000000000000000000000011\LUT=8'00001000 for cells of type $lut.
Using template $paramod$1961dd7d96994fd5c9b68bbea79858ef686523ca\$lut for cells of type $lut.
Using template $paramod$c0a4d9417755c1bd5ec9a311325000b8535d91ad\$lut for cells of type $lut.
Using template $paramod$4e9e23686d07a1fd91232ab07371e48a0e62a680\$lut for cells of type $lut.
Using template $paramod$5030831db663982f9353e2d57dded3c4d014cd8b\$lut for cells of type $lut.
Using template $paramod\$lut\WIDTH=32'00000000000000000000000000000011\LUT=8'00011101 for cells of type $lut.
Using template $paramod$3ae9f1cda205b669870c653a21d45eee50078e98\$lut for cells of type $lut.
Using template $paramod$63dac4b1059c5c00033691bbad8feede1201daab\$lut for cells of type $lut.
Using template $paramod$980a4315a44e965f2e78e0821a4c6bceedf27f5f\$lut for cells of type $lut.
Using template $paramod$dd860dc915df955be7c55367504d6e99660c7b0b\$lut for cells of type $lut.
No more expansions possible.
<suppressed ~11895 debug messages>

8.51. Executing OPT pass (performing simple optimizations).

8.51.1. Executing OPT_EXPR pass (perform const folding).
Optimizing module $paramod$7ad91cb4a00e7f80cf930fd17c51f82b06b63f61\uart.
Optimizing module $paramod\hmac_sha256\MSG_BITS=s32'00000000000000000000000011100000.
Optimizing module auth_chip_top.
Optimizing module protocol.
Optimizing module secure_store.
Optimizing module sha256_tt07.
Optimizing module tt_um_xeniarose_sha256.

8.51.2. Executing OPT_MERGE pass (detect identical cells).
Finding identical cells in module `$paramod$7ad91cb4a00e7f80cf930fd17c51f82b06b63f61\uart'.
Finding identical cells in module `$paramod\hmac_sha256\MSG_BITS=s32'00000000000000000000000011100000'.
Finding identical cells in module `\auth_chip_top'.
Finding identical cells in module `\protocol'.
Finding identical cells in module `\secure_store'.
Finding identical cells in module `\sha256_tt07'.
Finding identical cells in module `\tt_um_xeniarose_sha256'.
Removed a total of 0 cells.

8.51.3. Executing OPT_DFF pass (perform DFF optimizations).

8.51.4. Executing OPT_CLEAN pass (remove unused cells and wires).
Finding unused cells or wires in module $paramod$7ad91cb4a00e7f80cf930fd17c51f82b06b63f61\uart..
Finding unused cells or wires in module $paramod\hmac_sha256\MSG_BITS=s32'00000000000000000000000011100000..
Finding unused cells or wires in module \auth_chip_top..
Finding unused cells or wires in module \protocol..
Finding unused cells or wires in module \secure_store..
Finding unused cells or wires in module \sha256_tt07..
Finding unused cells or wires in module \tt_um_xeniarose_sha256..
Removed 835 unused cells and 99058 unused wires.
<suppressed ~889 debug messages>

8.51.5. Finished fast OPT passes.

8.52. Executing AUTONAME pass.
Renamed 3644 objects in module $paramod$7ad91cb4a00e7f80cf930fd17c51f82b06b63f61\uart (55 iterations).
Renamed 5518 objects in module $paramod\hmac_sha256\MSG_BITS=s32'00000000000000000000000011100000 (14 iterations).
Renamed 8 objects in module auth_chip_top (4 iterations).
Renamed 30036 objects in module protocol (70 iterations).
Renamed 4516 objects in module secure_store (15 iterations).
Renamed 55949 objects in module sha256_tt07 (74 iterations).
Renamed 61726 objects in module tt_um_xeniarose_sha256 (106 iterations).
<suppressed ~9005 debug messages>

8.53. Executing HIERARCHY pass (managing design hierarchy).
Attribute `top' found on module `auth_chip_top'. Setting top module to auth_chip_top.

8.53.1. Analyzing design hierarchy..
Top module:  \auth_chip_top
Used module:     $paramod\hmac_sha256\MSG_BITS=s32'00000000000000000000000011100000
Used module:         \sha256_tt07
Used module:             \tt_um_xeniarose_sha256
Used module:     \protocol
Used module:     \secure_store
Used module:     $paramod$7ad91cb4a00e7f80cf930fd17c51f82b06b63f61\uart

8.53.2. Analyzing design hierarchy..
Top module:  \auth_chip_top
Used module:     $paramod\hmac_sha256\MSG_BITS=s32'00000000000000000000000011100000
Used module:         \sha256_tt07
Used module:             \tt_um_xeniarose_sha256
Used module:     \protocol
Used module:     \secure_store
Used module:     $paramod$7ad91cb4a00e7f80cf930fd17c51f82b06b63f61\uart
Removed 0 unused modules.

8.54. Printing statistics.

=== $paramod$7ad91cb4a00e7f80cf930fd17c51f82b06b63f61\uart ===

   Number of wires:                134
   Number of wire bits:            339
   Number of public wires:         134
   Number of public wire bits:     339
   Number of ports:                  9
   Number of port bits:             23
   Number of memories:               0
   Number of memory bits:            0
   Number of processes:              0
   Number of cells:                197
     MISTRAL_ALUT2                  22
     MISTRAL_ALUT3                  11
     MISTRAL_ALUT4                  27
     MISTRAL_ALUT5                   8
     MISTRAL_ALUT6                   6
     MISTRAL_ALUT_ARITH             39
     MISTRAL_FF                     72
     MISTRAL_NOT                    12

=== $paramod\hmac_sha256\MSG_BITS=s32'00000000000000000000000011100000 ===

   Number of wires:                286
   Number of wire bits:           4570
   Number of public wires:         286
   Number of public wire bits:    4570
   Number of ports:                  8
   Number of port bits:            741
   Number of memories:               0
   Number of memory bits:            0
   Number of processes:              0
   Number of cells:               1052
     MISTRAL_ALUT2                 264
     MISTRAL_ALUT3                   5
     MISTRAL_ALUT4                  33
     MISTRAL_ALUT5                 226
     MISTRAL_ALUT_ARITH              2
     MISTRAL_FF                    519
     MISTRAL_NOT                     2
     sha256_tt07                     1

=== auth_chip_top ===

   Number of wires:                 30
   Number of wire bits:           1031
   Number of public wires:          30
   Number of public wire bits:    1031
   Number of ports:                  8
   Number of port bits:              8
   Number of memories:               0
   Number of memory bits:            0
   Number of processes:              0
   Number of cells:                  8
     $paramod$7ad91cb4a00e7f80cf930fd17c51f82b06b63f61\uart      1
     $paramod\hmac_sha256\MSG_BITS=s32'00000000000000000000000011100000      1
     MISTRAL_ALUT2                   1
     MISTRAL_CLKBUF                  1
     MISTRAL_FF                      2
     protocol                        1
     secure_store                    1

=== protocol ===

   Number of wires:                348
   Number of wire bits:           1829
   Number of public wires:         348
   Number of public wire bits:    1829
   Number of ports:                 21
   Number of port bits:            766
   Number of memories:               0
   Number of memory bits:            0
   Number of processes:              0
   Number of cells:               1077
     MISTRAL_ALUT2                 284
     MISTRAL_ALUT3                  92
     MISTRAL_ALUT4                  11
     MISTRAL_ALUT5                  42
     MISTRAL_ALUT6                  97
     MISTRAL_ALUT_ARITH             94
     MISTRAL_FF                    456
     MISTRAL_NOT                     1

=== secure_store ===

   Number of wires:                 58
   Number of wire bits:            956
   Number of public wires:          58
   Number of public wire bits:     956
   Number of ports:                 14
   Number of port bits:            618
   Number of memories:               0
   Number of memory bits:            0
   Number of processes:              0
   Number of cells:                660
     MISTRAL_ALUT2                 257
     MISTRAL_ALUT3                   1
     MISTRAL_ALUT4                  11
     MISTRAL_ALUT5                   1
     MISTRAL_ALUT_ARITH             32
     MISTRAL_FF                    356
     MISTRAL_NOT                     2

=== sha256_tt07 ===

   Number of wires:               1068
   Number of wire bits:           5165
   Number of public wires:        1068
   Number of public wire bits:    5165
   Number of ports:                  8
   Number of port bits:            774
   Number of memories:               0
   Number of memory bits:            0
   Number of processes:              0
   Number of cells:               2305
     MISTRAL_ALUT2                 314
     MISTRAL_ALUT3                  36
     MISTRAL_ALUT4                 562
     MISTRAL_ALUT5                 325
     MISTRAL_ALUT6                  79
     MISTRAL_ALUT_ARITH             44
     MISTRAL_FF                    808
     MISTRAL_NOT                   136
     tt_um_xeniarose_sha256          1

=== tt_um_xeniarose_sha256 ===

   Number of wires:                575
   Number of wire bits:           2262
   Number of public wires:         575
   Number of public wire bits:    2262
   Number of ports:                  8
   Number of port bits:             43
   Number of memories:               0
   Number of memory bits:            0
   Number of processes:              0
   Number of cells:               1335
     MISTRAL_ALUT2                  66
     MISTRAL_ALUT3                 436
     MISTRAL_ALUT4                 129
     MISTRAL_ALUT5                 236
     MISTRAL_ALUT6                 107
     MISTRAL_ALUT_ARITH             32
     MISTRAL_FF                    329

=== design hierarchy ===

   auth_chip_top                     1
     $paramod$7ad91cb4a00e7f80cf930fd17c51f82b06b63f61\uart      1
     $paramod\hmac_sha256\MSG_BITS=s32'00000000000000000000000011100000      1
       sha256_tt07                   1
         tt_um_xeniarose_sha256      1
     protocol                        1
     secure_store                    1

   Number of wires:               2499
   Number of wire bits:          16152
   Number of public wires:        2499
   Number of public wire bits:   16152
   Number of ports:                 76
   Number of port bits:           2973
   Number of memories:               0
   Number of memory bits:            0
   Number of processes:              0
   Number of cells:               6628
     MISTRAL_ALUT2                1208
     MISTRAL_ALUT3                 581
     MISTRAL_ALUT4                 773
     MISTRAL_ALUT5                 838
     MISTRAL_ALUT6                 289
     MISTRAL_ALUT_ARITH            243
     MISTRAL_CLKBUF                  1
     MISTRAL_FF                   2542
     MISTRAL_NOT                   153

8.55. Executing CHECK pass (checking for obvious problems).
Checking module $paramod$7ad91cb4a00e7f80cf930fd17c51f82b06b63f61\uart...
Checking module $paramod\hmac_sha256\MSG_BITS=s32'00000000000000000000000011100000...
Checking module auth_chip_top...
Checking module protocol...
Checking module secure_store...
Checking module sha256_tt07...
Checking module tt_um_xeniarose_sha256...
Found and reported 0 problems.

9. Printing statistics.

=== $paramod$7ad91cb4a00e7f80cf930fd17c51f82b06b63f61\uart ===

   Number of wires:                134
   Number of wire bits:            339
   Number of public wires:         134
   Number of public wire bits:     339
   Number of ports:                  9
   Number of port bits:             23
   Number of memories:               0
   Number of memory bits:            0
   Number of processes:              0
   Number of cells:                197
     MISTRAL_ALUT2                  22
     MISTRAL_ALUT3                  11
     MISTRAL_ALUT4                  27
     MISTRAL_ALUT5                   8
     MISTRAL_ALUT6                   6
     MISTRAL_ALUT_ARITH             39
     MISTRAL_FF                     72
     MISTRAL_NOT                    12

=== $paramod\hmac_sha256\MSG_BITS=s32'00000000000000000000000011100000 ===

   Number of wires:                286
   Number of wire bits:           4570
   Number of public wires:         286
   Number of public wire bits:    4570
   Number of ports:                  8
   Number of port bits:            741
   Number of memories:               0
   Number of memory bits:            0
   Number of processes:              0
   Number of cells:               1052
     MISTRAL_ALUT2                 264
     MISTRAL_ALUT3                   5
     MISTRAL_ALUT4                  33
     MISTRAL_ALUT5                 226
     MISTRAL_ALUT_ARITH              2
     MISTRAL_FF                    519
     MISTRAL_NOT                     2
     sha256_tt07                     1

=== auth_chip_top ===

   Number of wires:                 30
   Number of wire bits:           1031
   Number of public wires:          30
   Number of public wire bits:    1031
   Number of ports:                  8
   Number of port bits:              8
   Number of memories:               0
   Number of memory bits:            0
   Number of processes:              0
   Number of cells:                  8
     $paramod$7ad91cb4a00e7f80cf930fd17c51f82b06b63f61\uart      1
     $paramod\hmac_sha256\MSG_BITS=s32'00000000000000000000000011100000      1
     MISTRAL_ALUT2                   1
     MISTRAL_CLKBUF                  1
     MISTRAL_FF                      2
     protocol                        1
     secure_store                    1

=== protocol ===

   Number of wires:                348
   Number of wire bits:           1829
   Number of public wires:         348
   Number of public wire bits:    1829
   Number of ports:                 21
   Number of port bits:            766
   Number of memories:               0
   Number of memory bits:            0
   Number of processes:              0
   Number of cells:               1077
     MISTRAL_ALUT2                 284
     MISTRAL_ALUT3                  92
     MISTRAL_ALUT4                  11
     MISTRAL_ALUT5                  42
     MISTRAL_ALUT6                  97
     MISTRAL_ALUT_ARITH             94
     MISTRAL_FF                    456
     MISTRAL_NOT                     1

=== secure_store ===

   Number of wires:                 58
   Number of wire bits:            956
   Number of public wires:          58
   Number of public wire bits:     956
   Number of ports:                 14
   Number of port bits:            618
   Number of memories:               0
   Number of memory bits:            0
   Number of processes:              0
   Number of cells:                660
     MISTRAL_ALUT2                 257
     MISTRAL_ALUT3                   1
     MISTRAL_ALUT4                  11
     MISTRAL_ALUT5                   1
     MISTRAL_ALUT_ARITH             32
     MISTRAL_FF                    356
     MISTRAL_NOT                     2

=== sha256_tt07 ===

   Number of wires:               1068
   Number of wire bits:           5165
   Number of public wires:        1068
   Number of public wire bits:    5165
   Number of ports:                  8
   Number of port bits:            774
   Number of memories:               0
   Number of memory bits:            0
   Number of processes:              0
   Number of cells:               2305
     MISTRAL_ALUT2                 314
     MISTRAL_ALUT3                  36
     MISTRAL_ALUT4                 562
     MISTRAL_ALUT5                 325
     MISTRAL_ALUT6                  79
     MISTRAL_ALUT_ARITH             44
     MISTRAL_FF                    808
     MISTRAL_NOT                   136
     tt_um_xeniarose_sha256          1

=== tt_um_xeniarose_sha256 ===

   Number of wires:                575
   Number of wire bits:           2262
   Number of public wires:         575
   Number of public wire bits:    2262
   Number of ports:                  8
   Number of port bits:             43
   Number of memories:               0
   Number of memory bits:            0
   Number of processes:              0
   Number of cells:               1335
     MISTRAL_ALUT2                  66
     MISTRAL_ALUT3                 436
     MISTRAL_ALUT4                 129
     MISTRAL_ALUT5                 236
     MISTRAL_ALUT6                 107
     MISTRAL_ALUT_ARITH             32
     MISTRAL_FF                    329

=== design hierarchy ===

   auth_chip_top                     1
     $paramod$7ad91cb4a00e7f80cf930fd17c51f82b06b63f61\uart      1
     $paramod\hmac_sha256\MSG_BITS=s32'00000000000000000000000011100000      1
       sha256_tt07                   1
         tt_um_xeniarose_sha256      1
     protocol                        1
     secure_store                    1

   Number of wires:               2499
   Number of wire bits:          16152
   Number of public wires:        2499
   Number of public wire bits:   16152
   Number of ports:                 76
   Number of port bits:           2973
   Number of memories:               0
   Number of memory bits:            0
   Number of processes:              0
   Number of cells:               6628
     MISTRAL_ALUT2                1208
     MISTRAL_ALUT3                 581
     MISTRAL_ALUT4                 773
     MISTRAL_ALUT5                 838
     MISTRAL_ALUT6                 289
     MISTRAL_ALUT_ARITH            243
     MISTRAL_CLKBUF                  1
     MISTRAL_FF                   2542
     MISTRAL_NOT                   153

Warnings: 1 unique messages, 1 total
End of script. Logfile hash: bd1a9e971f, CPU: user 7.77s system 0.16s, MEM: 151.82 MB peak
Yosys 0.52 (git sha1 fee39a3284c90249e1d9684cf6944ffbbcbb8f90)
Time spent: 21% 7x abc9_exe (2 sec), 14% 17x techmap (1 sec), ...
